age,total_invested,risk_tolerance,months_active,app_sessions_month
35,42433,2,3,13
30,18370,4,6,16
37,3224109,1,12,16
44,222139,4,10,18
30,42501,3,6,21
30,56966,1,3,15
44,155952,5,4,18
38,310527,1,4,19
28,43171,2,3,13
36,21350,2,9,17
28,4669,4,1,15
28,253819,2,27,31
33,1046402,4,12,18
18,203880,1,2,17
18,24469,5,1,17
27,766165,4,9,21
23,1984528,3,10,17
34,2169487,2,26,18
24,120943,2,2,16
20,2532,2,1,16
43,2412604,3,19,24
30,92762,2,2,16
32,727721,1,10,18
20,30278,2,1,14
27,112762,3,11,18
32,23579,1,1,11
22,49854,3,9,14
35,140119,4,6,21
27,413122,3,24,26
29,9302,2,1,12
27,71465,2,2,14
46,126506,3,1,17
31,301312,4,16,27
23,43316,1,7,15
38,43413,2,6,18
22,31682,5,1,25
33,1975263,4,5,22
18,156835,1,4,17
21,42065,2,3,15
33,278987,1,11,18
37,54505,3,1,12
33,645420,1,8,19
31,2250625,2,13,17
29,1207889,4,19,25
20,654156,1,10,13
26,52728,2,2,16
28,1146331,4,7,22
40,141831,3,1,13
34,80606,4,1,6
18,687472,5,8,15
34,6331457,4,15,23
28,24265,2,1,15
26,2405,2,1,17
36,268646,1,6,14
40,29114,2,1,12
39,1667388,4,7,13
25,59859,-2,1,15
29,229080,4,1,18
34,64275,3,6,15
39,1125285,2,15,29
28,35006,3,9,19
30,12826,4,13,18
23,24841,2,2,12
22,2087653,3,17,22
38,36465,3,3,18
42,294008,4,15,20
31,138818,2,5,18
40,147268,2,2,21
34,952537,3,2,17
26,200810,3,6,24
34,19621,2,1,18
44,112942,4,21,27
31,17146,1,2,15
44,15959,1,3,18
18,4632,3,2,13
38,210988,4,1,22
32,127253,1,9,16
29,4184258,3,7,12
32,94967,3,13,18
18,7970,3,1,9
30,110426,2,21,26
34,46351,3,3,17
43,1445452,4,19,26
27,52615,1,1,25
25,381207,4,10,21
27,801031,2,6,16
39,377660,1,3,11
34,9938,2,1,21
27,74668,3,7,19
36,46277,2,1,20
32,8765424,1,5,18
39,589543,3,7,10
26,227316,1,10,21
29,2213348,1,37,29
28,25863,4,2,23
20,27402,3,3,18
34,251544,2,3,18
34,321934,3,10,27
32,169421,3,21,18
30,352170,2,29,34
20,417972,3,23,30
28,83717,2,16,21
29,372705,3,37,29
25,7519,1,3,12
30,104279,1,23,34
35,111903,-1,11,22
47,125589,2,1,15
33,199049,1,1,7
34,4221,3,1,11
31,3197122,2,12,23
18,36224,4,7,23
31,130688,4,2,17
32,272758,2,10,13
51,85789,3,1,11
30,106977,3,13,15
34,27270,3,12,17
31,213672,1,28,26
22,11126,2,1,11
41,6280561,3,18,31
38,17438,4,3,16
38,71052,1,4,16
24,27134,2,5,16
43,274271,4,7,21
20,55201,2,42,34
36,1408273,2,7,22
49,823410,3,20,26
24,240477,2,2,18
27,60544,2,4,18
32,83802,-2,5,18
27,310031,3,3,12
19,468494,2,30,34
32,244585,4,10,23
23,64281,1,5,11
35,231705,4,11,31
24,39546,4,5,13
44,16498,2,1,21
25,897660,2,6,25
29,1635421,4,7,20
38,185058,5,31,27
22,42846,1,1,18
33,68302,5,5,19
42,106921,2,1,18
19,31351,4,1,16
33,138749,3,7,18
34,16365,3,2,16
38,46673,3,11,13
22,166140,5,5,12
21,40730,3,1,15
36,314583,2,5,17
34,12990,3,1,22
34,503713,1,15,26
34,86128,2,1,18
26,86656,2,1,16
33,68075,3,7,11
34,271241,3,29,23
26,75460,3,15,19
46,84878,2,2,11
35,96328,5,1,14
22,133602,2,7,20
37,195601,1,13,25
24,40124,2,3,9
38,849066,3,4,12
41,83600,4,1,25
25,48083,2,1,17
39,176191,4,6,13
35,32827,2,1,16
38,8984,2,1,11
47,22376,1,2,9
30,26979,4,4,12
25,4244,2,1,16
24,80368,2,5,14
25,495546,4,21,24
31,32336,2,1,16
34,88665,5,7,15
34,338179,2,14,22
38,63765,3,2,7
32,43129,2,1,15
43,10912,2,1,17
29,367462,4,8,25
53,63160,4,6,14
37,459422,4,2,19
25,71249,4,14,17
23,59506,3,10,22
35,135912,1,2,19
30,777069,2,11,15
37,120589,2,2,13
35,1347329,2,8,17
31,29504,5,1,20
25,221462,1,9,26
19,21185,3,2,22
28,136262,4,6,15
38,158259,1,1,10
33,50483,3,10,18
22,4990,3,1,13
33,15378,2,1,10
35,12277,4,1,16
24,8164,2,1,20
33,1747250,2,10,25
32,867100,3,31,27
22,393317,2,12,29
34,41015,2,15,20
36,7102,4,1,17
40,102082,2,1,17
40,1480228,3,6,19
20,260866,3,30,30
24,110825,3,8,24
36,72549,2,3,22
36,1771,3,1,6
36,52658,2,1,24
62,34197,1,3,17
36,1037299,2,10,24
41,1440,3,1,19
39,282274,1,15,26
37,558517,3,22,17
29,136291,1,17,25
38,161438,3,19,21
25,98679,1,1,11
30,776826,4,30,28
28,32735,4,3,19
32,989105,3,16,20
50,45048,1,1,12
18,37879,4,4,14
37,13706,3,1,15
19,940,4,1,10
28,148326,3,22,26
40,129290,3,13,25
32,57485,3,6,19
23,36413,3,5,14
26,251858,2,11,22
37,287787,4,3,19
26,1067103,2,11,21
33,455160,3,5,20
32,90817,4,8,23
26,372056,3,26,19
49,1308342,2,5,14
37,19908,1,4,14
18,1210168,3,18,25
33,181563,3,18,20
26,369887,3,39,28
38,262569,5,6,12
25,25119,3,3,11
31,580010,3,2,14
36,4646,1,1,17
38,46607,1,10,20
22,61351,3,2,18
29,152212,3,7,17
28,739469,5,19,27
26,1844534,3,24,24
46,12805,4,1,13
35,135043,4,3,23
21,110970,4,14,25
39,1717426,4,6,9
48,277781,3,13,19
40,175384,1,15,18
19,230189,3,4,18
28,39349,2,3,16
42,256149,3,4,12
26,130538,2,8,18
35,88551,3,3,13
38,5464758,1,11,20
24,2110521,1,18,29
31,227147,2,2,11
18,655270,3,26,26
23,20352,3,7,21
29,583929,3,16,21
22,26849,2,1,18
45,101576,2,2,16
20,67224,3,3,22
28,24827,4,2,12
33,37023,3,1,11
43,340625,1,16,25
20,124048,4,4,20
41,92577,3,26,30
32,476596,4,7,25
24,6907,3,1,15
35,55568,2,6,12
33,1306669,4,40,29
27,382316,3,6,14
32,403627,3,1,14
28,199773,3,21,20
32,25403,4,2,8
37,301930,3,9,16
44,1123923,4,5,25
22,1467486,2,3,17
49,53407,4,2,18
18,805595,4,21,27
30,347548,2,19,22
36,148840,4,5,20
34,508478,3,2,11
27,13170,2,1,13
30,404,2,1,23
28,48788,1,5,11
27,225375,1,2,15
38,34719,4,1,19
34,48718,2,4,25
26,164445,3,10,21
39,776802,4,17,23
34,363905,3,7,22
38,636941,4,10,20
37,9533,3,3,17
25,76427,1,5,27
27,30294,2,10,18
37,191045,1,10,19
36,44154,3,4,18
31,415011,3,6,25
32,536335,1,20,21
42,329361,1,7,15
27,169544,1,8,19
36,1413864,3,12,27
30,2941,2,1,11
30,34143,4,5,13
40,1560421,3,25,28
38,59287,3,3,17
38,3046,2,2,13
42,1333600,4,7,19
32,97099,3,1,13
37,375529,3,6,21
29,44798,4,1,13
34,1467350,1,6,18
30,1056598,3,7,16
32,683438,3,4,11
36,276467,4,3,15
25,46350,2,2,16
48,74328,2,3,12
23,14541,2,5,19
22,24354,5,2,15
41,968951,3,12,17
38,39433,3,9,15
36,139229,2,2,10
37,8950,2,1,20
31,94393,5,1,13
24,32383,3,7,17
32,5638,3,1,14
26,19979,2,1,25
39,216278,3,3,17
30,215748,2,26,25
25,422891,4,9,22
29,27860,4,15,19
35,19832,2,1,13
27,3669,4,1,21
25,290,3,1,15
33,745107,4,24,18
33,21542,3,2,13
27,19949,1,4,20
28,28692,3,4,16
33,679702,2,10,25
20,17143,1,2,14
20,31514,3,6,22
26,710853,3,43,44
30,39776,4,4,24
34,97896,-2,6,13
43,94507,3,5,15
38,70206,2,13,22
30,15733,3,2,19
31,16907,4,1,19
23,34025,4,11,22
31,22109,2,4,13
29,1270379,3,19,31
34,702283,2,8,22
25,159980,4,6,21
36,36101,4,1,12
44,87116,3,10,15
31,863571,4,9,22
35,2146978,5,8,19
37,43816,3,2,19
28,246039,3,23,21
33,120517,2,3,17
32,23346,4,1,14
32,621870,4,34,41
25,469390,1,10,24
32,411019,2,4,14
35,272625,1,21,23
43,844986,4,1,15
39,4237,2,1,13
49,86367,1,9,15
25,8827,4,1,14
38,7510828,3,19,20
33,190064,2,14,20
49,18556,4,2,18
25,657230,3,17,33
25,4947,2,1,8
27,355484,3,6,17
18,514399,1,21,16
27,107252,-1,15,17
25,1340338,1,3,11
33,577,3,1,15
34,236914,2,1,19
47,408612,4,5,18
39,38147,3,7,16
27,252224,4,1,22
24,10286,2,4,17
35,1564541,3,14,19
21,6572,4,4,12
46,10113,2,1,12
41,80663,2,24,32
28,5416,3,2,10
18,243358,3,12,29
42,7422,3,1,19
31,9262,3,4,11
41,290654,2,5,24
19,70700,3,5,17
27,163348,1,5,20
32,65553,3,2,13
32,209513,3,5,16
28,121786,5,5,12
36,89876,1,1,18
23,91985,4,35,30
30,180115,2,16,21
32,1181721,3,17,22
36,610509,5,9,19
37,53085,4,1,16
23,27525,1,6,20
19,108289,4,13,24
42,65624,2,1,20
34,614033,1,5,14
26,49415,2,4,19
44,664570,1,1,11
32,138754,1,3,16
41,282493,3,32,32
32,239459,4,10,24
48,80526,4,2,16
46,310588,3,7,17
30,239024,2,2,18
39,59250,1,7,15
37,121402,1,18,30
42,494440,3,6,21
24,145128,3,10,21
37,1465913,1,4,21
40,103381,4,5,14
18,95820,3,9,18
22,1485918,4,13,23
18,384393,4,8,21
29,1283525,2,30,36
37,299367,3,13,29
44,794988,5,12,22
32,37414,3,14,18
45,194296,2,2,15
20,1295,3,4,20
18,70593,-2,6,19
31,15718,2,4,20
35,328950,2,15,20
31,6099,3,1,20
18,1585,2,1,15
31,12177,1,17,12
21,8547,4,1,15
37,489119,2,2,13
34,78724,2,3,19
24,927512,4,11,16
27,1216312,3,6,25
23,16364,4,24,25
31,38512,3,2,11
39,92235,2,16,18
24,20267,-1,2,13
36,513946,-1,2,17
27,174385,3,5,15
25,51538,3,1,10
31,75894,3,3,19
23,4678,2,3,14
27,45126,5,1,18
22,449556,2,15,20
47,87811,4,3,13
32,383678,2,32,31
26,109073,5,18,15
33,31140,2,1,14
31,838162,3,5,17
30,303331,2,7,18
36,20066,4,13,23
38,3227241,3,17,26
27,45053,3,7,26
27,42468,2,1,16
29,627591,4,5,16
18,414003,2,17,19
19,30751,1,10,18
42,613884,2,16,34
45,226803,2,8,16
30,112456,1,1,20
36,936394,3,27,35
34,2273795,2,20,33
56,76460,3,1,20
40,18296,1,1,17
30,201906,3,6,18
24,456382,-2,11,21
19,12654,2,3,16
33,59315,3,1,22
25,31392,2,5,27
20,7277,2,3,21
26,68295,3,3,13
23,55449,4,8,15
45,534555,2,17,32
39,133474,4,6,16
31,17733,3,9,22
43,473077,4,8,26
32,93094,3,6,17
25,4042,4,2,16
44,34595,1,3,16
36,9148,5,3,10
23,914336,4,19,23
30,1974486,1,14,21
24,221720,2,6,14
20,1660392,3,19,32
39,121763,4,17,26
47,1619245,2,21,24
20,26378,1,2,16
36,166539,4,10,16
26,588891,3,7,19
28,1366117,4,10,19
27,25057,2,2,13
25,11080,4,9,16
32,21296,2,4,12
25,215220,3,14,20
34,337699,4,12,12
31,90572,1,1,14
30,2680,3,1,24
24,119211,-1,10,19
27,62906,3,6,18
38,717839,3,6,18
36,114218,4,11,22
24,108078,3,15,12
32,50875,3,2,16
38,78536,2,6,25
18,183293,1,14,22
36,5644029,2,16,22
26,227457,3,2,11
36,24532,4,1,8
25,10712,1,2,14
18,291801,2,23,31
18,13221,2,4,17
32,369864,4,4,11
34,365527,3,1,17
24,15662,3,1,11
37,100067,1,8,17
18,33636,5,7,23
31,177191,4,6,22
22,5119,1,1,16
26,46147,1,3,14
32,1171734,2,13,24
25,31070,1,1,15
28,520503,3,17,25
40,51639,2,1,8
27,5414,4,1,18
38,83494,3,5,7
22,826337,3,23,24
36,20799,1,3,19
43,59335,1,8,23
18,11160,1,7,17
25,49520,2,1,15
36,17183,1,2,18
30,2892887,2,21,22
34,9094,4,1,18
27,15719,1,9,24
32,740857,2,26,39
30,192573,3,1,11
41,138980,3,4,15
34,2569,2,2,18
34,9493,3,2,11
28,112268,2,1,18
28,60718,3,8,13
28,2120267,4,10,31
35,657664,1,9,22
28,158853,4,20,27
34,135249,3,1,16
48,39599,4,3,19
38,10564,2,3,20
29,4712,4,2,20
41,33540,3,1,14
28,391791,2,5,22
18,116058,3,14,22
23,50999,3,24,25
18,1029,4,1,10
29,144409,2,13,28
32,73373,3,13,21
45,110006,5,3,16
34,204684,4,1,18
30,1870915,4,36,25
38,13772,4,8,15
18,278165,4,32,45
33,73237,2,5,25
38,127623,1,4,23
20,87862,5,2,12
41,243501,4,32,30
34,507024,2,2,17
28,416235,3,1,16
37,21904,2,5,17
50,76456,2,3,15
33,43248,3,2,12
33,172459,1,8,13
28,39037,5,3,21
25,154095,4,4,24
38,4157,4,1,18
25,98275,1,7,22
32,39583,1,1,14
28,56816,3,1,11
35,3715771,4,10,23
34,17033,1,3,19
40,12194,3,1,19
27,13179,3,6,19
29,5279,2,1,17
24,4788,2,2,16
28,24964,4,7,19
35,253434,3,10,18
38,585512,2,10,21
24,69884,1,5,14
38,140604,1,4,13
42,275208,2,12,25
35,7717,3,1,19
47,5287,3,1,11
25,644670,2,8,19
22,576993,3,4,20
18,2514813,3,9,21
43,163875,4,2,14
37,344937,4,3,18
31,835088,2,18,19
34,191571,3,4,13
22,106631,1,7,17
51,35230,4,1,13
33,13813,2,1,13
32,10708,3,1,14
37,111711,2,4,19
35,350317,1,36,33
33,565795,1,16,30
25,16871,3,8,28
35,624795,4,15,18
47,425411,4,7,21
42,121196,4,3,21
44,100956,3,1,18
27,123868,3,8,20
24,47784,3,1,11
30,59487,3,4,17
32,24425,2,13,21
40,25194,2,1,14
18,9538,1,1,14
44,179926,3,2,12
30,116413,1,6,18
28,5842,3,2,12
23,29862,4,5,20
18,77270,2,2,14
38,236061,1,5,19
32,11180,2,2,21
21,140368,1,31,31
21,19462,2,5,14
29,236403,3,10,20
45,48809,3,9,18
29,136513,3,5,16
19,69812,1,2,10
30,132486,2,5,25
29,501712,3,9,19
18,254016,3,4,22
31,19153,1,1,7
30,4834,1,1,11
37,28730,1,3,13
46,10884,-1,1,18
41,1219098,1,18,26
29,14495,2,1,19
23,33240,3,4,14
52,246565,3,9,17
32,2484778,1,13,23
32,146681,3,5,15
31,10548,4,1,11
33,63993,4,2,14
30,967220,2,4,14
27,167375,3,3,17
27,8814,3,3,17
31,11114,2,1,21
27,154089,1,19,31
26,112686,3,1,8
32,722495,3,4,14
29,292854,3,31,26
44,98195,3,8,31
18,84407,3,3,11
40,43749,3,1,10
41,218485,4,26,27
18,14831,3,1,18
29,20971,1,9,21
29,1473072,3,16,24
20,806,3,1,16
25,15912,2,10,21
23,1820312,3,54,51
46,48356,4,8,19
39,58472,3,4,11
42,690403,2,16,29
37,269846,2,6,16
22,224979,3,11,22
27,1183993,2,7,20
35,19989,4,1,14
22,111315,1,1,11
37,37251,2,1,12
30,344077,2,1,26
29,94959,3,1,21
37,168567,4,4,15
35,85070,1,1,11
29,292506,1,15,23
41,158943,3,11,22
23,25113,3,6,21
36,25274,5,5,15
36,474397,1,2,19
29,31437,2,5,12
34,97150,4,8,16
21,71490,5,12,10
39,24801,5,1,18
30,95089,2,9,7
27,151874,3,10,21
40,273041,-1,6,19
26,131291,5,1,15
20,182881,1,6,24
19,96721,2,5,16
36,347098,3,5,19
21,20219,3,4,14
46,16824,3,1,18
18,1630,3,1,17
45,25242,4,1,19
33,14265,1,2,14
31,8599,2,2,14
27,33560,3,2,19
35,2512,4,1,12
31,1638890,5,10,24
40,88782,2,13,14
32,391455,2,3,16
33,44324,2,2,18
29,22247,2,14,21
31,765059,3,7,14
34,14830,2,2,24
18,641619,1,10,21
21,11426,1,3,25
37,82082,2,7,12
33,4341037,4,39,37
30,179587,4,2,24
32,1009810,3,21,22
34,4378005,2,3,22
27,114262,2,6,20
25,29063,1,4,17
33,72065,5,12,19
24,9588,2,1,15
35,577499,2,7,16
18,234556,2,11,21
40,1091445,4,5,22
35,67369,3,1,20
34,244630,4,2,21
39,286448,1,9,17
45,1134955,5,18,21
40,197409,3,4,16
18,60790,4,6,20
21,27377,4,2,7
27,121690,5,4,21
32,821687,2,3,14
36,16790,3,8,26
26,96355,4,33,31
33,315770,1,13,15
25,22968,4,1,12
27,127630,4,6,16
20,6554,2,1,14
24,14660,3,2,12
21,3332,4,1,17
24,170157,3,3,16
40,165622,3,9,24
24,60416,2,5,20
53,1402517,3,21,17
35,8533,2,1,14
33,62676,3,3,18
25,207406,4,3,19
37,173473,4,2,19
27,92772,1,39,20
32,45515,3,3,8
52,240706,5,22,21
31,26201,3,3,10
41,50682,1,1,17
26,16123,1,1,9
31,252764,3,15,24
46,14923,4,1,15
26,1081086,4,26,34
46,120370,3,4,17
37,1081746,5,2,22
27,150228,1,7,15
37,4689,2,1,13
39,18208,4,1,16
36,1031679,4,14,16
19,31653,1,4,10
26,22517,3,5,15
30,10818,3,1,17
31,14060,2,1,18
36,16364,1,3,14
33,259638,1,5,14
21,200096,-2,11,22
35,429938,1,5,15
36,234260,3,12,21
36,39072,2,1,18
40,14771,2,1,14
38,6874,2,1,8
35,152885,4,11,14
31,63108,4,11,11
18,227983,3,1,14
35,23729,2,1,12
33,138603,1,9,12
34,317804,2,15,11
21,15498,3,11,22
23,111827,3,1,12
40,1392209,1,7,20
31,417174,2,11,16
37,117375,3,2,18
32,26213,2,6,16
32,28603,3,3,15
39,5218,2,2,14
27,296729,3,27,26
32,2262530,4,19,21
28,33673,1,4,11
28,10118,2,1,14
29,863160,2,10,11
33,9495,3,2,18
28,244225,4,1,10
42,320797,4,3,17
24,370550,4,6,12
30,101035,2,1,12
28,513097,-1,6,21
43,37886,2,1,21
33,3145426,3,17,25
40,387260,3,20,27
20,232066,3,10,18
34,651204,2,5,30
39,3166,3,2,18
32,451039,3,10,20
40,2004054,4,21,28
27,3432,1,1,20
43,233733,3,5,20
50,46295,3,3,20
29,64395,4,3,10
28,95174,4,4,14
43,154191,2,24,36
44,201977,3,2,22
27,80706,3,5,19
28,884855,3,24,32
29,645296,-2,5,20
21,99857,1,15,23
24,20194,3,1,16
23,264910,3,24,27
25,19236,1,1,12
31,13736988,3,31,29
33,57667,3,1,21
44,194253,4,4,21
24,25007,4,2,12
39,89377,1,4,14
30,7453,4,2,13
31,16368089,4,26,25
37,6900,3,2,20
23,1706106,4,8,18
35,55982,2,1,18
33,538314,4,13,20
35,83171,4,6,19
34,14127974,2,31,22
51,330485,2,4,19
26,13619,3,1,13
27,10521,2,3,24
27,91116,5,10,18
27,170018,2,8,21
26,78564,1,12,19
41,90419,4,1,21
43,55297,1,6,26
27,1402766,5,21,31
25,86705,3,1,15
35,31188,3,1,11
27,668813,3,10,29
37,213067,3,3,21
33,36894,-1,8,19
19,319549,2,6,18
44,667061,4,34,30
46,1566784,4,17,30
27,428934,5,9,18
28,2688,2,2,19
34,24245,3,2,20
34,932051,5,17,25
37,251431,3,7,21
48,548617,4,12,24
30,29792,4,4,15
25,29147,2,1,15
20,68798,3,3,24
26,110458,3,1,14
31,148079,2,12,16
46,205916,5,9,14
27,9812,4,1,21
33,371976,5,7,28
31,229045,-1,16,21
41,136665,2,9,15
52,85849,2,5,16
27,38352,4,2,19
28,335832,2,17,28
40,9431,2,4,18
37,31578,4,15,23
46,257653,2,12,21
36,12495,1,13,17
29,761402,3,36,28
36,186552,3,11,22
40,63879,3,1,16
38,8929,3,1,13
36,263037,2,1,12
40,110683,2,1,11
41,2171,3,1,13
43,94787,5,5,18
37,166673,5,1,13
30,14431,1,5,19
33,112620,4,18,25
41,2372567,3,11,28
25,240449,3,23,24
34,153923,2,2,18
28,40265,4,6,22
32,2501,3,3,20
42,582359,1,5,22
33,338593,4,6,14
32,36642,5,1,17
21,10776,3,2,11
37,71137,3,9,25
37,874936,1,11,16
49,321336,2,6,17
29,34741,1,2,15
33,173810,4,4,16
33,122234,3,1,17
44,2287830,2,24,35
31,181045,4,16,26
34,6186,3,1,22
36,54005,4,1,12
33,52794,2,6,24
28,16132,4,2,13
33,4073675,4,21,29
40,835638,4,11,26
23,63542,4,2,22
33,7541,4,1,16
26,2054439,4,12,19
41,274971,4,4,18
19,148163,3,8,20
27,21553,2,2,14
35,29300,1,1,12
44,120151,2,8,12
31,1516155,4,4,20
27,8394,5,2,26
47,11105,3,1,23
20,807215,3,6,16
18,33677,2,10,20
35,68520,3,2,14
27,599721,3,10,16
23,18642,3,1,14
37,37333,2,3,14
33,314606,3,10,21
27,65507,3,8,22
21,64795,2,2,10
38,67407,4,1,13
37,261881,3,1,13
31,126494,3,14,27
46,29616,2,1,13
23,3551,3,1,17
19,92591,2,2,16
26,12882,4,4,11
31,104996,1,12,17
33,1750,2,2,15
30,28480,3,6,19
34,15090,3,1,26
21,594122,3,4,22
43,30351,-1,1,17
31,43244,4,1,20
40,201369,4,3,13
34,464809,4,11,17
35,472997,2,10,23
36,45349,4,4,17
35,9308,2,1,21
37,8293,2,2,15
42,64815,1,5,15
33,304714,1,16,33
37,1361112,4,27,27
31,204127,4,8,17
43,51621,1,3,18
26,40184,3,9,11
46,193725,2,3,19
31,128399,2,7,19
20,40770,3,2,20
33,5368,3,2,15
26,29947,2,1,20
38,326732,1,4,22
26,294441,2,7,20
28,252713,3,12,25
18,1039760,3,13,18
28,282186,3,39,30
18,5989,2,1,18
19,105718,5,5,21
38,346835,4,5,17
38,23013,2,13,20
35,18726,4,2,26
24,162785,1,1,13
31,3246,1,3,16
31,2338419,2,33,31
22,51784,2,18,38
44,180999,3,4,16
39,3491221,3,16,24
30,18955,5,1,13
32,447406,4,3,9
33,110774,2,10,19
18,17308,2,2,14
30,17138,1,1,14
26,177055,2,15,24
23,382274,2,7,17
29,3973880,4,36,38
46,94496,2,1,11
37,9021,3,3,23
27,35406,3,2,16
36,747957,1,16,32
43,39800,1,2,13
39,43996,3,3,17
32,56995,4,1,19
26,116949,3,11,13
37,63427,4,2,9
35,8079,1,1,14
39,75146,2,4,14
37,9605,1,3,14
40,46001,2,1,14
27,10574,2,1,16
42,159945,4,18,25
33,227176,4,1,14
48,29796,4,1,21
26,75220,1,2,17
45,446113,3,24,32
33,8109,1,1,16
26,255829,4,13,22
28,304273,3,17,29
29,60238,1,3,12
35,210653,5,2,22
36,96672,2,9,24
27,24261,2,9,19
31,64068,3,12,16
49,2097703,3,14,27
45,163030,2,2,12
35,263604,3,9,18
32,3950,2,1,9
32,33659,2,5,24
36,199542,-1,7,16
23,5960,3,1,14
29,5144,2,1,13
18,3428,4,1,17
35,13374,3,4,24
37,1247183,2,17,37
28,47081,4,6,7
44,425218,2,11,13
22,4136,5,1,14
20,13526,4,1,14
33,99752,3,2,12
40,75705,3,3,13
45,187113,3,6,21
28,297835,4,17,29
40,76459,4,4,17
31,432227,3,5,16
30,16050,3,1,17
39,30034,2,1,17
37,3660,4,1,10
19,250087,3,9,18
43,48061,1,5,18
43,18809,3,1,24
26,68159,2,7,21
35,103409,1,6,20
35,3000,5,1,14
34,483806,4,8,17
27,70008,3,11,20
26,15220,3,2,14
31,9360,2,9,18
41,67259,2,1,16
36,68509,2,11,16
29,1821609,3,19,26
38,286791,2,4,10
18,420435,2,2,16
41,188582,4,4,19
18,48601,4,2,18
29,34850,3,1,5
23,93129,3,8,17
21,41729,4,1,11
41,14703,2,1,14
28,3990525,1,10,30
34,94506,5,8,16
31,27518,4,1,24
35,510966,3,8,18
32,189947,3,21,23
21,32549,4,1,20
39,46748,3,4,25
28,29698,4,10,23
19,131019,3,8,21
28,11489,4,2,17
44,173771,2,1,9
38,60653,2,12,18
29,13969,3,25,14
29,279657,2,11,25
29,673555,1,26,32
48,168860,5,7,24
35,165063,4,21,23
35,212017,1,9,20
40,284236,-1,19,23
33,4135,3,1,13
29,96715,3,13,12
30,24124,2,1,11
31,98512,2,1,6
31,289990,2,5,18
37,7543,3,3,15
32,27905,3,1,12
37,3133279,2,31,35
31,1420033,4,8,16
32,191917,2,18,25
18,1370353,2,55,56
39,237109,3,3,16
34,35397,3,2,12
39,51712,2,1,11
18,97158,2,5,14
48,84497,1,7,10
30,40112,1,5,18
40,537344,2,3,14
23,6049,3,1,17
36,39392,3,4,25
23,30234,4,1,19
27,411297,3,16,25
47,8289,3,1,16
30,53616,1,3,17
33,10006,4,1,16
38,169771,1,11,28
35,1655719,5,3,13
33,13910,4,1,13
34,83357,2,6,16
51,8599535,5,19,27
31,735545,3,19,21
33,63637,4,2,12
40,98129,4,10,21
40,167111,3,1,13
41,71018,3,1,15
37,119304,-2,5,14
22,8500,3,2,18
45,390551,2,12,20
22,4464237,2,21,20
34,34739,1,1,15
25,16973,3,2,15
31,40545,2,4,20
34,132167,2,6,23
34,291133,1,19,18
35,107860,3,17,29
44,1807323,1,8,13
35,328668,3,2,22
30,64713,4,12,10
39,154105,2,1,20
41,1728277,4,26,23
22,14255,3,1,14
36,402998,3,6,18
37,10914,4,1,15
29,65563,4,4,21
43,579611,4,8,16
30,56395,4,9,14
33,68834,3,12,22
30,202164,4,7,13
32,25848,1,2,10
23,304602,2,17,21
20,105174,2,13,22
44,44692,4,1,20
25,415081,1,14,28
24,418679,4,28,23
18,120012,3,8,17
26,5895,4,2,9
21,228181,1,7,20
45,37843,3,3,20
40,137654,1,9,25
26,294618,1,6,18
50,214712,4,21,21
39,130058,2,7,23
29,62083,2,1,14
18,16529,4,10,16
50,494359,2,2,13
20,186955,4,2,22
18,6314,3,3,22
40,2134,2,1,21
51,932562,3,27,33
43,62573,3,6,13
36,1162403,3,11,18
36,85572,3,2,14
38,231915,2,10,14
38,60532,4,6,14
34,545681,3,4,19
32,922063,3,28,25
31,343708,4,5,17
25,225118,2,8,22
29,7852,3,1,22
18,249197,3,2,15
31,247501,3,17,18
24,328751,1,11,20
23,66305,1,6,9
33,37813,3,18,34
43,315446,3,5,11
39,26876,3,6,17
19,6270,2,3,15
24,108411,2,7,16
39,9591,3,3,13
24,21354,1,3,20
30,965875,2,27,32
36,21989,4,1,15
24,19422,2,1,7
32,8894,2,1,16
21,21139,3,3,14
27,90247,4,4,9
34,4652,5,1,17
19,31430,4,6,20
35,63085,3,7,23
31,861388,4,11,29
36,725141,3,29,29
33,5771105,-2,7,15
42,127633,3,1,18
33,11403,3,1,15
28,481070,2,12,28
32,26064,3,8,20
36,84628,3,1,12
32,19929,4,2,16
32,245012,5,11,29
26,16705,3,6,13
26,110706,1,7,15
20,10728,3,1,16
45,153521,1,7,13
22,284010,3,11,23
26,226127,2,17,27
26,37908,3,10,32
39,656773,3,6,10
29,70452,2,8,24
41,338119,2,5,13
26,26599,1,2,13
34,119099,3,17,26
25,239741,2,6,16
49,264134,3,7,23
22,4578395,3,36,28
34,5323658,3,33,29
37,1647833,1,7,20
35,4001,2,1,14
30,61387,1,4,14
30,219454,1,22,28
32,32990,1,2,15
30,1442125,3,57,42
39,2540,3,1,16
49,359440,3,6,16
27,14045,2,5,15
21,6061,3,2,17
31,90754,2,23,26
52,249073,2,7,17
25,5706,5,2,16
45,16808,4,3,17
45,1587949,4,10,18
27,58257,2,2,17
36,897311,3,16,12
45,3024,2,1,15
28,62495,4,2,20
30,22654,3,1,14
27,12835,3,1,21
23,25081,2,2,22
26,38548,1,56,48
22,22569,4,1,17
32,20638,3,1,13
25,19584,4,2,16
33,129690,1,7,22
19,111960,5,10,17
34,150147,4,11,18
38,8729,3,1,19
18,525369,3,8,21
34,28036,-1,7,12
41,425624,1,5,15
22,8823,4,3,16
45,481363,2,12,29
35,269009,2,3,17
26,1343,2,2,17
31,137171,2,2,19
36,248384,2,4,17
32,77495,3,1,20
36,217007,4,7,14
24,142857,1,17,29
33,143831,4,7,21
20,589693,4,4,18
31,84685,1,12,12
24,324101,2,11,14
26,398088,-2,3,16
41,71062,3,7,18
40,36531,5,10,22
36,11672,4,2,15
23,128508,4,3,7
29,4332,1,1,16
41,991752,4,35,38
33,69116,1,1,12
50,31342,4,1,21
35,65537,2,5,21
33,495959,3,16,24
29,73671,3,3,16
33,504969,3,11,20
30,1675073,2,9,14
37,343428,4,8,19
39,5356972,3,14,19
25,34539,4,1,17
21,222992,2,21,29
18,2908195,1,14,19
36,378794,2,22,22
23,135356,3,12,23
18,1733994,1,16,23
35,13829,3,1,10
51,47494,3,3,16
31,30956,1,3,14
38,32491,3,1,19
32,1018592,1,10,20
31,1110,1,1,22
39,101327,2,1,17
29,150786,1,11,26
34,219341,3,18,26
34,2297414,3,11,17
26,111948,2,13,19
39,319438,4,7,26
30,320753,3,17,28
25,166680,5,5,12
36,8131646,3,35,31
24,1367,3,1,10
32,955488,4,13,21
31,682763,2,8,21
40,364889,1,6,13
35,118292,2,10,15
31,140500,2,14,22
38,8508516,3,15,13
43,13502,3,1,16
36,205969,3,1,9
32,42607,1,1,14
21,232927,2,1,21
23,45503,1,2,16
29,38741,1,10,24
27,33420,2,5,29
30,49282,3,11,23
32,4140071,4,5,17
36,425691,2,6,19
31,84801,2,1,8
35,560120,3,11,23
32,127612,2,11,17
18,11379,1,2,18
24,68496,4,3,15
30,412215,1,1,21
22,21618,1,13,38
36,111240,2,10,19
44,181140,4,7,28
41,23764,3,2,16
30,2315,3,1,13
43,1298,3,1,16
33,2977,1,1,14
29,99708,5,1,15
27,33006,3,1,16
29,436077,4,6,25
28,39765,3,3,18
33,118492,3,4,17
33,970131,2,7,12
32,1374881,2,8,22
35,495486,2,8,18
41,84996,4,2,12
39,645436,2,13,22
20,197615,2,19,22
18,32739,1,3,13
39,8207,5,1,9
21,1845725,3,18,21
30,28165,3,20,18
22,158895,1,1,14
18,9580,3,1,15
36,71628,3,13,24
38,34643,4,2,21
27,133070,2,19,20
18,10023,4,1,13
27,147089,3,15,26
35,15582,2,1,16
20,27641,3,2,19
33,690827,1,28,31
31,133378,4,2,13
36,14906,1,1,11
32,739395,2,15,20
24,6727,1,1,9
41,76521,-1,1,14
30,84608,5,3,17
31,73625,1,8,15
24,99677,1,9,28
28,729271,2,17,16
24,553103,4,6,21
30,75961,2,3,15
45,43126,3,3,20
21,147070,2,15,22
19,101966,3,10,27
43,161697,3,18,31
30,61316,5,26,25
26,29832,2,2,13
40,318483,2,6,22
27,50959,4,7,23
46,11617,2,1,13
37,4274,3,1,17
28,80801,4,16,32
49,63536,4,6,17
27,94638,3,6,17
37,47950,2,6,19
34,248702,2,11,19
42,17196,1,1,19
44,91836,4,7,22
32,262079,3,5,14
25,222657,3,18,23
35,37927,5,5,23
26,696293,2,22,30
48,26521,4,3,18
33,3535530,2,27,25
29,281084,5,16,18
33,71623,2,7,15
21,41152,4,3,18
24,43441,1,3,14
41,1321753,3,11,17
26,208641,5,6,17
23,86376,2,4,18
36,967584,4,8,16
41,34879,3,10,19
37,44965,3,1,15
39,48350,3,1,16
25,39251,3,1,15
20,1931,3,2,11
44,39352,2,4,17
29,283892,1,13,16
29,228627,3,3,12
42,331913,3,1,21
36,60071,4,5,18
35,186900,4,45,32
49,319387,2,3,27
26,19968243,4,26,22
39,125824,2,1,12
32,13574,3,1,22
34,6196156,2,10,23
44,379993,1,5,18
36,28383,1,11,17
36,6112506,2,15,27
40,28163,5,2,22
29,113901,3,9,10
25,334818,1,7,26
23,291166,3,15,16
18,111510,2,4,15
48,34917,1,1,22
23,152361,4,6,26
30,40977,3,25,31
29,37518,5,1,17
34,56474,3,2,24
38,48642,2,3,20
38,148159,5,11,24
27,844,4,3,14
30,20459,2,2,15
34,1003662,2,8,21
30,108564,3,1,13
44,21194,3,1,9
35,24516,3,4,15
37,160868,2,3,19
37,577847,1,3,17
41,69183,3,1,18
33,25017,3,3,18
21,28337,5,12,14
35,778058,3,4,23
26,54671,2,7,16
27,35501,2,1,11
36,1579,1,1,19
41,148781,1,16,23
32,161451,3,3,13
34,57880,3,3,23
45,1000087,5,16,25
33,41326,3,9,9
52,82238,2,11,19
36,641806,4,9,19
18,46154,4,1,16
38,1084863,3,25,28
35,2367968,3,19,22
42,10950,3,2,25
37,99065,3,13,20
30,712832,2,4,15
22,279920,5,9,22
30,57041,4,1,14
25,99588,2,6,20
27,69235,3,1,12
36,401661,1,6,18
45,8633,3,2,16
35,176174,4,4,16
22,37730,3,8,22
35,265425,1,16,27
41,5752,3,1,19
27,1544265,1,17,26
30,57521,4,3,17
32,49309,3,14,19
25,14590,4,5,20
37,333748,2,15,26
31,264826,2,8,19
35,810596,4,5,16
24,58016,4,2,20
28,26602,1,27,28
37,73158,4,12,27
29,1094355,4,3,24
45,23528,3,1,16
28,751136,4,12,24
33,994642,3,36,48
39,19968,1,2,17
20,213285,-1,19,22
18,23329,4,1,21
19,276304,3,24,25
42,3998305,1,10,17
27,38188,3,3,18
52,22561,1,2,21
27,140769,3,8,16
33,571193,-2,7,21
44,829301,3,20,23
48,178017,1,11,28
48,16352,4,6,18
41,2423099,4,21,31
40,396991,2,7,23
36,294931,4,15,20
38,300749,3,14,18
27,304737,3,20,19
25,235340,2,1,22
31,53721,4,7,15
30,47517,5,5,18
28,28208,3,5,18
37,232146,2,4,18
39,399345,3,14,26
32,101708,2,3,16
43,55614,3,4,14
22,79213,3,1,10
30,15464,1,2,22
26,443552,2,8,19
18,1153263,3,1,17
31,14025,1,1,13
31,361948,3,6,32
44,34156,2,1,19
37,457573,4,1,8
23,214218,4,15,24
46,628945,4,14,19
41,78774,1,3,13
36,106379,5,3,20
30,726238,1,22,32
24,37286,4,1,15
29,213943,2,6,24
40,241205,5,7,22
47,232372,1,12,24
44,695185,3,24,24
28,116845,5,3,10
23,155036,3,4,18
33,950384,3,8,16
18,5027419,3,27,31
34,121291,5,17,31
30,125406,3,8,14
28,237863,3,15,17
19,7061,2,1,15
36,196888,4,3,26
27,67817,2,1,14
22,1830,-2,1,14
18,29773,4,7,19
31,192951,2,17,21
46,34909,2,8,23
45,204221,4,8,21
28,3373,4,1,12
27,322722,1,8,19
35,147326,3,4,15
24,341888,1,8,22
34,135858,4,3,17
38,1004557,1,6,19
41,60630,2,4,25
31,32196,4,6,21
30,14633,3,1,19
24,91042,4,4,14
25,154357,1,3,21
30,784848,1,10,19
34,1198978,2,9,17
39,567591,3,19,30
25,23646,2,7,23
43,150500,1,3,17
29,73406,5,12,14
31,189910,2,5,11
26,29529,3,1,15
18,38611,3,11,28
39,9931,1,1,12
37,27978,3,1,24
29,8421,2,11,15
32,403934,1,11,25
36,196251,2,12,23
19,74995,4,2,16
27,29526,5,16,28
38,335881,3,10,15
21,1237432,4,14,27
34,404818,4,9,22
21,259519,3,6,20
35,60133,1,1,8
31,32681,2,9,23
19,366360,2,9,13
41,130609,3,2,13
26,109683,3,10,8
25,206185,3,6,19
33,6153,-1,6,16
41,80364,2,3,23
23,3949,2,1,14
32,107599,3,1,15
35,177786,3,11,17
37,38742,1,2,17
33,36372,2,1,14
29,453044,2,46,48
25,79067,3,1,12
32,19530,4,8,22
23,521518,4,20,34
18,46006,3,7,13
35,1144376,3,12,27
39,35772,2,29,30
18,21498,4,15,19
23,56353,1,6,15
36,220211,3,3,14
48,68506,1,5,19
32,940329,3,14,29
26,1623240,1,15,21
30,830203,3,14,21
42,264116,1,7,26
26,149541,2,5,24
25,25503,4,2,14
28,12476,2,1,13
24,21454,4,11,22
32,20798,1,2,15
44,74151,3,3,28
34,214222,4,14,28
29,8253,3,1,23
29,720058,2,21,28
19,31551,5,1,13
39,566366,3,22,27
31,111511,3,4,16
30,54909,4,1,16
57,1023588,1,8,18
34,458246,3,18,33
25,12757,3,4,13
28,183998,3,9,14
41,760736,3,31,34
32,15074,4,2,22
20,157525,2,13,29
39,159469,2,2,19
26,127486,1,4,16
46,12179,5,2,14
40,161062,1,4,14
28,26466,3,1,19
42,115689,3,2,15
32,124633,1,4,21
38,210145,3,8,19
35,227404,2,8,13
25,528398,4,7,19
26,9480,4,2,15
40,747376,3,23,41
29,219639,3,3,15
28,2518,1,1,13
24,16067,2,6,21
35,530784,3,11,16
48,7244,3,1,10
23,58919,3,2,19
32,192635,1,13,12
43,218078,2,5,20
31,24651,3,4,18
35,2902047,2,21,28
23,4641,-1,1,20
35,668295,3,7,15
30,14640,-2,3,12
39,291931,1,1,14
41,18358,3,1,15
52,2909737,1,7,15
36,14972,1,1,10
34,137179,1,7,20
33,2137668,4,25,23
29,57794,1,12,19
34,43209,4,3,20
29,48303,4,1,15
33,39264,4,5,21
42,149636,3,3,13
23,229020,2,28,28
41,234164,4,36,27
42,170354,3,4,14
31,4396,3,1,16
18,1278430,3,19,20
27,93335,1,12,33
42,115850,2,5,11
31,26540,5,3,9
24,158353,4,4,18
27,210587,2,18,22
38,170446,5,1,13
36,1543340,1,13,16
30,191302,2,1,11
29,373559,3,20,27
28,61559,3,5,17
24,37347,4,2,16
44,25655,3,1,18
29,161595,3,6,21
41,90061,5,2,14
44,1022847,3,7,28
39,40977,1,2,12
28,4950,3,1,24
35,102216,4,5,20
31,776280,4,6,16
24,4118,2,4,22
34,258963,1,4,14
22,58410,1,7,22
41,34640,4,5,22
28,42868,5,1,20
33,173566,2,1,14
34,20061,3,1,10
29,131355,3,9,21
36,42226,3,6,17
28,118419,1,4,17
38,97048,5,12,18
21,27576,3,3,16
33,148339,4,6,25
47,2354,3,1,14
23,705452,4,10,22
26,40720,3,9,19
36,255998,2,12,26
33,1075317,3,17,18
34,1057737,4,11,14
35,180373,2,14,27
37,3939,4,3,18
40,437855,3,3,17
35,136936,1,23,32
30,974894,4,19,26
37,398037,3,6,26
47,2423,4,3,8
30,76810,1,16,18
24,46018,4,3,17
40,1800,4,1,12
31,32121,3,8,15
18,15451,3,1,11
38,89926,3,3,18
27,498472,4,13,27
31,22858,5,2,20
34,93026,3,21,25
33,102716,3,24,26
37,1296557,2,13,19
28,2906809,2,35,43
36,37584,2,6,17
29,163723,1,6,17
37,491677,3,14,25
36,221641,2,5,23
24,19784,4,4,18
40,86534,3,7,13
27,2888008,4,8,18
38,493846,3,11,22
34,340217,4,8,16
46,590310,4,10,15
30,60356,3,8,16
29,212576,4,5,22
31,18114,2,1,14
29,106377,2,12,27
38,39007,3,1,15
19,259958,3,39,23
23,65959,2,14,26
23,194995,1,8,24
39,475545,1,27,20
45,185076,4,7,24
31,3952,3,1,18
30,762298,2,6,22
32,75015,4,2,4
41,280668,3,3,11
24,212224,4,4,16
33,59460,3,11,25
39,87751,4,5,23
36,48144,3,5,13
33,16795,3,2,26
40,291555,2,6,7
18,195122,3,2,13
37,320079,1,2,14
26,464147,2,11,16
18,38575,4,3,9
36,20589,3,1,14
42,20265,4,3,10
30,192928,3,8,20
39,1546976,3,13,22
44,7726578,4,26,24
42,150157,1,10,20
45,4867,3,4,21
37,35256,3,2,14
32,39449,1,1,5
19,1683070,2,7,20
30,481650,3,5,20
25,841595,-1,9,12
49,19241,2,2,20
30,22391,1,3,22
32,5445,2,2,14
36,179987,5,12,13
32,79864,3,1,17
45,1311214,4,7,24
27,30275,4,1,15
33,176707,2,6,23
26,3706,4,1,20
21,29123,2,1,19
27,17013,2,1,18
31,10367,2,3,16
28,181292,3,3,18
26,168358,1,14,22
20,37485,4,2,18
31,19739,1,1,11
19,66665,3,7,19
38,77526,1,9,22
32,17634,3,2,17
20,302503,3,7,20
29,250513,1,11,16
25,15932,3,3,18
34,38108,2,5,12
42,31770,4,1,19
18,103876,3,1,18
32,3296001,4,31,31
30,12338,1,2,16
37,34567,1,2,12
33,567736,2,28,28
25,142240,4,10,24
29,85663,1,7,20
25,628260,3,9,15
40,1328205,1,9,19
32,223588,4,11,21
47,21637,2,1,16
31,48305,3,4,22
26,3937,1,2,17
19,4722,3,1,15
18,102334,1,4,19
19,220692,2,7,16
34,72116,2,1,14
36,15678,3,2,25
19,29583,4,8,16
39,144736,2,6,15
28,202546,4,16,36
33,365327,4,12,19
44,144272,3,26,20
39,58751,4,7,18
29,83878,3,9,19
24,38845,2,15,21
18,9541,4,14,21
26,22213,2,10,11
30,74732,2,5,16
24,56829,4,2,18
30,1398433,3,16,28
32,2465011,2,11,19
30,421774,4,14,21
26,17702,3,1,14
33,59236,1,3,15
35,41861,3,4,21
23,3399705,5,14,23
43,775410,2,17,25
31,121505,2,2,20
32,45550,2,9,26
37,32728,-2,1,14
33,352542,1,4,15
39,505336,3,5,21
34,937180,4,11,21
27,389374,2,17,21
34,65282,3,3,17
22,73371,3,6,13
32,242616,2,8,17
31,91552,3,3,23
30,2390857,3,33,21
30,1316378,2,16,25
18,456656,1,2,9
27,2751,3,5,16
32,38383,2,2,18
33,131541,2,5,19
23,53560,3,9,22
42,6553,3,1,18
25,40761,4,16,10
39,64237,1,7,18
35,3508378,4,36,24
26,67500,3,1,13
46,227097,3,14,20
22,104200,5,12,25
39,101987,1,1,16
40,12909,-2,3,18
26,187331,3,17,22
43,188038,2,5,12
29,80967,4,4,13
34,999109,2,18,22
34,4419,2,1,26
30,39879,3,5,23
38,604528,3,8,18
38,12103,2,7,18
18,105953,3,2,16
42,411751,2,6,18
18,438456,3,9,22
40,132863,-1,7,20
41,663753,3,9,17
23,9797,2,2,18
28,170269,3,14,17
23,83565,-2,4,18
30,308362,2,34,19
29,34644,2,1,13
38,25333,2,3,9
42,55216,4,1,16
43,1617339,3,6,22
27,11805,3,2,12
30,194658,3,10,23
18,16261,4,17,24
25,4907,2,1,19
39,92871,4,1,14
44,381730,2,16,23
22,146238,4,3,9
27,40873,4,4,19
31,24679,3,1,15
34,31013,2,4,17
25,91055,3,2,11
35,307297,4,8,27
28,5327,1,5,23
31,25143,4,12,9
36,3605,1,3,17
32,12948,4,5,18
28,45771,4,2,18
31,39433,3,21,31
31,49148,4,5,15
29,70735,2,1,15
29,137476,4,2,16
44,17379,3,1,12
36,86384,1,1,14
29,429670,3,5,23
37,168053,4,3,13
29,992496,1,26,32
41,99623,3,1,15
34,805725,4,12,20
31,23323,2,3,16
35,42514,2,2,12
19,278407,2,27,20
22,637874,2,12,19
22,69765,5,7,20
33,97321,3,9,16
45,5210776,1,38,38
49,318643,4,7,15
37,420185,1,1,18
36,14213,4,1,12
18,57231,3,8,20
27,409964,3,8,17
25,63205,3,11,17
27,162420,1,1,8
30,144021,3,23,27
28,83191,3,6,12
18,5840,3,8,15
37,35188,4,1,17
23,96657,3,25,36
33,2017970,3,6,19
48,66332,2,6,13
24,108492,4,22,25
18,798524,4,21,25
29,9723,3,1,17
40,1621366,-1,21,23
47,142035,2,10,16
22,7769,3,1,19
35,51598,1,2,20
28,18573,4,4,21
31,193085,3,6,12
53,687730,5,9,19
19,25890,4,1,17
34,1009845,2,14,24
35,46329,3,14,28
40,122594,3,8,25
32,203064,4,20,36
34,2482075,3,13,23
28,19911,3,2,20
34,25264,3,12,18
29,143886,3,24,32
36,15076,3,1,12
29,45112,3,30,37
35,63954,3,1,20
31,15205,5,5,13
41,375723,2,11,24
31,64700,1,12,21
18,406704,3,10,21
42,114868,2,6,18
24,90038,2,8,17
26,565487,3,9,31
27,39808,3,5,14
42,372404,1,7,16
18,52361,3,14,27
57,48991,2,3,14
40,180050,3,5,21
33,7212,1,1,15
31,47716,1,9,21
34,50095,2,1,14
36,4175,3,5,12
37,148183,4,1,15
36,35496,2,1,22
32,7200,1,5,24
30,9556,4,4,17
30,439422,4,4,13
30,66742,2,1,20
41,1619210,2,23,31
36,4811,1,1,13
18,3051279,4,17,28
37,161654,4,10,22
33,44430,1,1,16
31,225457,1,5,15
28,3156227,2,35,35
40,309884,2,8,15
39,54902,4,1,13
25,72928,2,4,11
35,39649,2,5,14
24,14853,1,12,22
20,526867,3,19,26
26,3672,2,1,17
38,91337,2,3,19
39,79694,5,2,10
36,1362292,1,44,31
37,56532,2,6,16
36,1850108,3,16,27
26,141422,3,4,23
35,96875,3,10,19
38,638306,2,2,12
38,491787,2,19,29
41,10755,2,4,13
37,139538,4,13,24
34,8722,2,2,11
40,1226538,2,9,26
31,390038,3,4,12
24,64766,1,1,20
30,206660,4,4,14
26,536733,2,6,16
26,14959,4,1,14
30,33212,5,1,8
25,37746,1,5,16
29,66545,2,3,14
18,137293,3,4,16
33,2644,1,4,24
32,6338,3,1,15
25,16252,2,1,20
37,182235,3,15,22
39,11621,1,1,15
19,324458,2,8,20
25,11406,2,4,17
25,41540,2,27,35
24,82785,2,1,7
38,1304597,1,14,26
30,32483,4,5,14
29,12278,3,1,16
18,36798,2,2,22
37,84340,2,4,27
22,113362,2,3,25
32,141557,3,3,12
34,431812,3,19,22
42,148581,5,3,14
21,8376,3,4,19
18,353101,3,11,16
33,219581,1,12,23
46,25945,3,1,17
41,53761,3,9,21
33,195192,4,5,18
28,27928,3,1,10
38,14604,3,2,15
24,4905,2,1,14
35,8339,3,3,12
36,49147,2,2,22
40,57781,2,3,17
54,1841403,3,6,17
35,315752,2,10,20
27,13272,2,7,12
31,140422,3,9,15
18,1915321,3,16,17
26,141029,4,16,28
28,1913965,1,15,21
27,8231,2,1,22
33,115910,5,2,18
25,930570,3,5,30
40,11028,1,3,20
32,19549,4,1,8
31,35703,2,2,17
29,247570,3,29,30
33,106349,2,3,18
38,1014364,2,4,15
25,33084,3,1,19
26,18128,2,10,20
29,21173,2,4,14
21,62004,4,1,21
25,350728,3,27,35
28,313157,4,12,22
38,40609,3,10,22
34,408782,3,25,30
33,20902,1,4,19
38,55008,2,10,14
30,5895,1,1,13
35,78800,2,9,22
31,8023,3,1,14
34,9707,2,1,11
27,272210,4,4,16
18,8978,2,1,19
30,442946,1,4,22
43,93244,2,5,14
39,474294,3,7,23
39,23468,3,1,19
41,9079,3,1,25
32,188874,4,7,25
33,145833,1,8,27
27,31270,4,1,12
29,68539,2,6,15
36,195528,-2,12,13
41,38452,3,1,19
30,80166,3,4,16
28,1104938,1,3,15
32,412370,3,19,20
36,20241,2,1,15
20,33441,2,3,11
18,115217,3,18,36
27,10088,3,3,15
22,55009,4,6,11
27,96537,3,1,16
30,1933402,3,33,40
28,36346,2,13,27
43,474447,3,8,22
34,1938,5,1,22
34,23133,4,1,20
36,258373,3,6,19
22,6738,3,2,20
40,929684,5,7,17
31,1513117,1,7,17
37,432957,3,14,32
23,63165,1,2,12
19,235996,1,6,15
38,82824,2,12,19
35,26679,2,5,20
24,102261,1,14,23
25,20910,4,1,16
41,277910,4,10,24
22,151012,3,22,37
45,83672,4,3,14
24,41868,1,3,18
37,11084,2,1,16
29,84828,3,8,24
36,64241,4,6,18
27,1208,3,1,8
30,280351,1,11,19
32,44652,2,14,22
23,311758,3,19,24
37,122576,3,6,23
27,69320,3,4,16
30,340799,3,16,22
24,79580,1,4,17
18,971562,4,8,28
30,36874,3,7,13
51,17107,2,3,12
38,7693,3,1,10
31,11030,2,1,13
29,41057,3,4,18
32,157527,2,5,17
36,91904,1,13,19
22,165024,-2,4,16
40,23469,1,2,21
37,174978,1,4,17
37,12088,2,2,21
35,31248,3,1,20
32,6501,4,1,15
37,31943,3,3,13
36,5224,3,1,7
29,16409,1,1,16
27,92904,4,12,24
32,89823,3,2,13
44,13892,3,1,16
22,731597,4,23,28
20,44861,1,7,20
33,156133,3,1,14
32,41091,3,1,13
33,226195,3,7,17
33,35969,3,6,13
30,79967,3,1,17
43,166737,4,2,16
19,94852,5,21,32
25,9269,1,6,14
31,14021,3,4,19
18,3504,3,2,17
30,45724,4,1,17
45,76310,2,4,16
32,390550,1,20,19
33,10136,1,1,11
21,2876511,4,37,34
27,28158,4,1,12
28,135232,2,4,18
29,12681,4,1,12
42,270216,4,7,24
36,51685,3,5,14
23,80562,2,8,19
33,40419,1,6,16
35,260544,2,4,22
41,110394,2,10,25
44,41609,4,1,20
23,1578021,2,6,18
25,33377,3,1,16
21,386049,4,4,17
30,1182664,3,12,22
35,1194,2,1,16
39,799665,3,21,26
31,620412,1,17,20
29,218539,4,4,21
33,33024,4,1,13
25,97553,4,12,34
48,684163,4,17,30
19,15643,3,1,15
33,58340,2,19,25
48,477013,3,19,22
32,29148,2,5,22
30,88060,3,12,18
29,13124,4,4,9
30,109403,3,6,15
42,33956,5,3,30
18,27628,5,1,15
44,91028,3,10,20
20,4025,3,1,19
29,36937,2,6,28
28,298440,1,16,17
36,263576,4,2,14
19,80535,3,3,22
35,146114,5,7,18
48,18713,1,2,8
21,586728,3,15,16
33,17958,2,3,15
26,111728,-1,6,14
35,16409,3,2,13
32,99146,1,1,26
26,16998,4,1,15
35,31974,1,1,21
46,1064600,5,5,21
30,382789,3,7,20
37,61335,2,1,13
21,8989,3,1,18
24,36644,4,5,20
35,109419,4,12,15
43,218525,2,7,25
34,31528,2,1,17
29,919971,1,17,29
31,56833,3,19,24
21,43541,2,3,14
36,259495,3,7,17
39,194382,1,5,22
28,448752,4,22,32
28,30919,3,5,12
34,44204,4,25,26
28,10766,3,1,12
31,52869,2,3,12
48,116704,3,12,25
30,299319,2,12,17
29,739848,1,10,24
26,716961,4,15,27
37,524991,3,9,24
30,347957,1,8,19
26,26376,4,4,17
42,96335,2,5,17
43,334618,3,4,17
27,158436,1,7,14
18,32225,3,4,22
40,186911,2,1,16
26,37378,3,1,15
38,5533864,2,20,14
18,1495,3,1,21
39,18762,1,1,16
22,43553,4,4,15
37,59682,4,2,19
32,11315,1,4,12
24,20245,5,1,18
28,518549,4,1,14
37,645536,3,12,28
32,757312,2,11,26
36,18469,4,1,16
47,428487,4,8,26
19,137944,3,7,13
44,1148669,3,9,18
32,245698,4,5,13
24,65228,4,2,18
21,232296,5,8,17
30,10666,4,3,15
39,5114,3,1,13
30,58841,4,4,20
44,1047345,2,11,21
20,329573,2,5,16
31,13752,2,2,18
21,45773,3,14,21
34,1388776,-1,17,25
39,50160,2,4,13
28,3013,3,3,15
18,51612,3,7,23
33,14441,2,1,16
35,585049,1,9,19
35,904228,1,12,29
41,33021,3,4,25
23,71365,4,1,20
37,46474,3,1,17
41,1142899,3,8,15
18,262217,1,2,8
34,97294,5,4,14
27,198492,4,3,11
31,16367,3,1,17
34,305299,4,5,20
28,89153,3,4,19
26,590938,3,7,16
32,166188,3,2,26
23,25711,2,1,20
23,309888,4,13,30
37,109431,2,9,22
22,10548,5,11,18
37,14171,4,1,15
35,122482,2,2,10
18,384271,3,6,11
26,207084,3,15,25
41,552314,3,17,19
24,297481,2,14,25
28,91505,3,1,21
35,3681293,3,13,19
38,842409,1,18,20
29,11931,4,1,11
27,72815,4,4,14
43,645358,1,6,17
45,14755,4,2,14
39,31869,3,5,15
32,1328396,1,17,21
25,1512498,3,16,21
25,913730,3,22,15
36,96571,2,5,14
35,203070,2,4,16
43,350726,3,8,29
37,121877,3,4,16
19,23734,1,1,8
40,284175,3,10,26
24,4487,2,2,19
28,523040,2,1,22
34,48292,2,1,14
47,540775,3,21,17
56,51326,5,2,17
36,220610,4,4,18
30,168425,4,24,23
36,16413,2,5,30
39,25709,3,1,14
29,1411429,3,6,14
46,113681,3,1,19
33,12634,2,1,11
35,1114581,4,15,30
37,18647,2,2,10
35,500437,3,9,20
38,305291,2,5,15
27,81059,2,2,14
27,20369,3,5,16
23,4379,5,1,20
35,91330,4,3,28
38,57940,4,5,11
35,21122,3,2,9
45,295622,2,8,19
31,8883,1,1,20
37,2502846,1,5,16
23,70319,3,10,17
28,77125,2,4,13
37,457313,-1,16,21
38,34928,3,8,16
29,1534007,5,25,26
31,100430,3,2,13
19,289341,5,22,27
29,259313,2,7,23
39,222915,2,10,25
36,2014916,3,18,26
36,4018367,3,6,20
32,83929,3,15,26
32,25296,4,6,20
26,211161,3,7,15
37,11002,2,4,18
35,43598,3,1,22
35,229066,2,6,14
27,1553862,3,30,39
18,166726,4,12,18
40,497936,1,11,17
28,375982,5,8,22
25,25425,2,3,18
37,5308,2,1,16
28,65560,3,2,13
40,308374,4,1,14
36,142419,2,8,16
37,510797,1,13,28
21,346750,3,2,11
41,8174,3,1,17
34,349011,3,3,10
29,21172,1,2,13
33,491151,3,4,14
18,69482,2,2,12
35,48778,3,3,15
23,276170,5,19,29
21,323288,5,3,17
19,8632,5,12,18
40,137297,2,7,17
26,210539,3,3,15
44,359279,4,13,11
27,164593,3,7,15
18,2878,3,1,17
23,11955,3,1,20
41,828648,3,11,19
30,43315,3,4,18
27,22348,3,4,17
33,142995,3,1,16
36,37134,4,1,16
40,130001,3,12,13
43,551046,3,14,22
29,45061,4,6,28
21,11104,3,2,22
28,518759,3,21,26
34,70748,5,7,13
24,779864,1,12,21
24,39137,3,1,22
34,109760,1,4,10
31,701191,3,16,27
32,17492,2,3,21
25,1367342,3,10,17
30,143392,4,8,20
24,10850,3,1,15
39,262074,3,11,18
40,81542,2,1,8
18,493152,5,10,24
24,201345,5,37,33
20,1654833,4,25,39
26,148767,3,12,19
31,145980,3,6,16
20,81531,1,8,16
24,935511,4,10,16
23,33204,3,1,19
33,138815,3,1,18
32,36989,1,7,11
26,4961,4,1,14
33,569799,3,19,26
27,387941,2,5,18
29,702804,2,2,21
45,27547,3,4,21
42,639435,4,15,38
21,642475,3,20,23
38,78913,4,1,13
38,1156807,2,12,21
22,10502,3,6,13
38,302566,3,7,15
44,43101,2,12,26
23,141105,1,2,8
24,53286,2,6,22
40,28248,4,3,16
34,59616,2,1,15
36,12831,4,1,11
34,90875,4,1,16
35,63957,2,7,17
21,192061,3,1,18
40,223071,3,6,10
41,437646,4,7,22
30,69828,3,18,25
31,798175,3,7,17
19,102690,3,33,24
36,15548,4,1,17
36,861387,2,9,17
31,61232,3,1,9
40,30140,1,10,20
29,312473,3,3,18
36,421042,5,7,23
23,32366,2,2,14
31,4191,4,1,26
30,336978,4,10,19
33,98630,-1,18,33
29,24126,3,1,14
30,99489,4,20,31
38,4033,2,1,11
28,474549,4,10,18
19,6336283,5,25,19
45,26055,1,1,10
43,602849,1,4,15
21,154340,1,3,11
37,158861,3,3,22
27,65288,1,11,19
34,66571,3,8,17
34,1132993,3,27,29
30,7088,3,1,16
25,57343,3,6,15
26,85882,5,4,20
24,328608,2,20,23
25,58947,3,1,16
31,523394,3,36,40
26,261558,2,5,14
37,316388,2,7,14
43,10732,3,3,16
27,569565,2,15,24
33,6513,2,6,26
35,91079,5,8,20
35,371871,1,8,13
32,98730,2,3,21
37,3196,4,1,20
35,45250,2,13,23
22,1747,2,2,18
38,39934,2,15,19
39,467474,3,7,14
25,20490,1,3,11
32,171670,4,7,17
37,271068,2,8,21
30,187177,3,9,23
40,1183371,2,13,18
50,20903,1,1,15
25,2286675,5,23,23
20,2728,4,4,20
34,1897550,2,15,13
37,4253,1,1,15
30,5519,3,1,17
43,103038,3,6,18
21,220295,3,3,13
37,378382,4,33,33
27,9103,3,1,18
45,12614,3,1,18
47,54345,1,1,13
25,65088,3,1,15
27,618449,3,6,10
38,1781037,3,5,25
28,174555,2,3,18
31,41355,5,1,16
32,15469,3,2,19
18,197728,3,1,15
31,258993,3,10,23
26,169654,1,12,27
28,127365,3,12,32
43,419378,3,27,23
21,20568,4,17,21
38,331013,3,5,23
29,801225,3,4,16
29,988472,3,19,23
38,231359,3,7,23
34,40642,3,2,24
36,147558,3,6,14
39,1501363,3,38,36
29,371899,1,15,24
27,13745,1,2,23
23,4135996,4,24,22
25,1092744,2,31,28
55,90758,4,2,11
41,794073,4,18,28
21,250007,4,17,22
21,20745,4,1,14
35,86018,3,8,14
36,22471,2,2,25
36,60274,1,8,10
29,953594,4,19,23
30,236657,2,5,14
34,17359,1,4,17
32,1065602,2,20,29
18,3010040,4,29,38
30,15079,3,1,13
25,777368,3,20,26
33,80089,2,1,17
55,24601,1,3,13
34,528033,4,11,17
29,1104533,1,12,18
39,163578,5,10,24
35,72412,4,1,25
35,41325,1,1,15
36,261138,5,22,15
48,35625,4,1,14
22,14183,-1,1,12
35,128572,4,14,23
24,157219,4,8,33
36,65134,4,3,21
24,5462,3,1,19
28,247274,1,17,22
29,1530119,2,35,25
39,75683,3,1,20
39,60808,2,6,22
22,39396,3,2,15
32,43700,1,14,27
26,49388,5,3,13
21,159730,1,10,21
30,317002,1,6,19
29,144375,3,6,18
51,965280,3,15,23
35,108141,3,5,15
20,124482,2,14,25
27,20966,4,3,18
40,19449,2,1,16
48,53160,2,4,18
19,28872,4,5,23
18,18472,4,5,16
46,716518,3,13,14
35,127260,2,6,23
25,1163381,1,17,19
36,226719,4,5,8
18,21494,3,2,19
32,28920,1,1,15
34,778935,3,16,12
39,752955,4,1,11
23,10171,1,1,14
32,28036,3,1,16
24,12701,3,4,23
34,156034,4,6,15
24,8907,1,1,16
28,86598,2,5,15
24,64259,2,4,14
37,163047,4,11,19
38,32926,5,14,24
30,663902,3,9,19
32,91257,2,5,16
20,22799,4,1,18
29,136699,2,15,18
31,66444,2,3,19
52,185059,3,3,21
23,957365,1,19,23
43,2720362,3,29,24
39,2116970,3,18,18
34,123806,4,50,32
46,370026,3,16,23
34,592693,4,9,19
35,4401,1,2,12
31,1382214,3,24,28
41,3746046,3,16,22
40,167065,2,2,21
26,147468,4,5,18
21,11689,4,1,14
30,897335,3,24,21
25,23859,3,6,18
31,26111,3,2,17
41,28409,2,2,16
28,667865,-2,31,34
31,116595,3,7,23
32,109502,3,4,12
38,286736,3,5,21
18,5689,2,1,16
27,31872,2,1,14
33,84985,5,7,23
41,167510,4,5,18
28,136694,2,3,23
18,362481,1,6,22
36,44705,2,1,10
26,503983,4,23,28
22,9701,2,2,18
27,9106,5,1,12
30,9918,2,1,11
27,41007,3,1,18
18,1416,5,1,13
39,199912,1,4,22
42,549400,2,10,29
37,5226,3,2,14
22,28921,4,4,10
30,1469834,3,21,24
31,123156,3,2,15
36,86501,3,12,24
37,7702,4,1,30
26,1056,1,1,12
32,623448,2,4,19
35,42019,4,2,10
43,6903060,2,18,18
37,26484,1,1,16
38,262022,4,7,26
32,543963,4,7,23
43,238213,3,1,16
35,364870,3,10,16
25,133719,3,5,18
43,413647,3,10,21
37,133035,2,14,13
28,50590,4,3,21
28,141785,2,5,12
34,350015,-2,2,15
35,11937,3,1,12
33,71587,4,1,13
34,471360,3,26,28
45,592957,3,4,13
40,90102,4,1,16
33,55392,5,1,16
39,129472,4,2,21
23,18118,2,1,18
35,286747,1,3,17
46,344306,3,1,12
30,92808,3,1,10
25,280026,3,8,10
26,353128,3,18,31
23,124179,1,4,13
25,37004,5,14,28
29,90138,3,1,16
20,89682,3,12,19
32,25638,3,1,9
39,6028681,3,14,25
24,39740,4,17,29
44,451881,1,12,22
36,72485,4,13,22
40,30164,2,6,21
26,35208,3,2,10
38,228585,1,8,24
23,263746,3,4,16
39,16038,4,1,18
33,18097,2,5,18
36,309220,2,8,17
22,2223,3,1,18
24,33681,1,7,20
36,96750,2,8,15
24,46994,4,1,14
35,256507,3,4,11
21,255270,3,26,24
38,241520,3,17,25
22,66978,2,4,13
36,11590,4,3,21
37,137081,5,1,17
26,186228,2,1,14
36,130011,1,2,26
34,2117575,2,22,29
27,413168,2,25,35
23,49651,3,13,20
18,7264,3,3,19
34,19069,1,1,9
19,88176,3,7,19
32,50969,3,8,13
29,141197,1,4,16
37,108156,1,9,19
29,4493611,3,10,20
29,31084,4,12,16
37,290017,2,5,16
34,116856,1,12,23
34,46468,4,1,13
35,551984,2,9,23
19,16098,1,2,12
38,17109,4,2,16
36,17902,2,1,9
23,8166,3,1,17
30,1151385,5,38,34
31,23435,3,4,16
30,1977739,4,21,35
34,1003,2,1,15
43,29628,3,1,15
40,66203,3,6,14
21,74659,5,3,20
36,722651,3,8,17
42,29571,3,4,22
35,5841190,2,13,26
40,135901,1,4,11
48,379444,1,6,19
40,14215,3,3,11
33,283695,4,9,24
40,855776,4,8,19
33,102917,1,4,17
32,78880,4,2,18
29,87702,4,7,18
44,168396,4,22,21
25,3801,1,1,15
44,1301813,3,12,24
35,576549,2,6,21
20,229529,3,5,19
34,387451,3,26,20
18,38626,3,7,19
37,1227763,2,14,29
39,15261,1,5,15
27,51734,-2,2,14
32,118725,3,9,22
47,286670,4,20,33
27,449131,4,14,27
23,3489,2,1,17
43,12319,3,3,22
47,219105,3,5,29
32,379720,2,6,17
40,114636,4,1,14
42,82868,-1,2,18
26,3877437,1,11,25
28,1024138,3,10,25
41,1131511,4,14,19
45,1228344,2,21,24
36,291729,5,2,13
24,28101,3,15,27
47,179873,4,8,25
27,71672,3,25,27
29,59094,2,2,9
34,10936,4,2,20
44,11241485,3,9,12
38,225595,3,21,26
35,590792,3,13,16
35,123420,1,10,20
32,44497,2,3,15
36,44812,2,10,15
18,34432,1,12,23
29,5363,1,11,37
33,461828,3,9,12
22,12015,2,1,15
35,1628684,3,8,18
30,22470,3,5,23
46,5096105,3,26,39
44,1231558,4,7,32
28,432087,2,7,10
30,2173748,2,41,38
31,8885,3,1,16
28,184963,3,2,14
33,20631,2,8,19
25,83029,2,3,17
22,18977,3,3,29
36,116657,3,17,18
37,279212,4,6,26
25,48712,3,1,22
39,8726,1,2,11
26,11579,3,1,12
34,13783,2,6,17
38,9464,5,1,13
31,173290,3,15,22
35,122833,3,6,17
27,18921,4,1,20
30,58906,5,2,11
30,368425,3,7,21
26,65978,2,3,17
30,162530,3,5,18
19,772895,3,19,27
28,65148,3,3,20
29,39169,3,3,27
29,890390,3,13,23
30,527869,5,3,15
31,141845,2,1,15
35,8598,-1,1,14
38,198612,1,23,21
26,147235,1,21,33
22,60055,2,2,23
23,127154,2,6,19
28,118125,2,1,15
29,756959,1,8,15
25,26848,2,1,10
21,15218,1,1,16
28,805612,1,13,17
33,286537,3,3,19
36,51745,2,1,20
27,55607,1,14,25
28,70348,2,11,17
24,31650,4,9,24
31,958627,3,19,19
25,352038,3,5,15
36,64407,2,1,17
18,79666,3,1,13
29,354502,3,3,11
34,6401,3,1,18
33,260053,3,6,18
53,67761,2,1,4
34,122011,3,4,17
23,12336,4,1,20
31,339644,2,3,24
18,52635,4,8,20
31,8640,3,3,20
25,81950,5,3,11
39,556247,2,37,33
27,1239036,1,10,17
31,179972,2,5,12
26,110925,1,6,22
45,147392,2,7,17
29,15574,2,1,10
46,381447,-1,1,12
38,479832,2,8,14
35,3695,4,3,25
34,24859,2,1,16
35,25921,4,2,18
18,7059,2,1,16
29,59638,4,19,20
38,68117,2,1,16
31,10153,1,1,11
20,417674,1,7,14
31,134650,4,5,17
45,135845,3,6,22
41,4401,2,4,19
31,867051,3,5,17
39,682674,2,12,22
29,11680,4,1,15
18,36648,3,4,14
24,3406761,3,25,25
44,7436,1,1,15
29,25700,3,2,11
30,39623,2,1,13
29,76034,3,1,8
47,30854,2,2,14
45,16561,3,1,13
49,35191,2,1,15
30,118420,5,3,20
34,51704,4,1,13
19,42242,2,11,16
43,367325,3,12,19
22,9539,3,4,23
33,1271350,4,33,35
23,298812,3,9,14
27,132428,2,10,20
25,168071,2,1,11
27,558071,1,14,25
27,803630,3,23,24
27,53772,4,2,21
38,178272,3,9,19
23,126537,4,10,16
33,27392,1,2,14
41,728474,4,5,18
27,7381,1,1,15
26,10633,4,1,15
30,17125,2,1,16
41,442059,1,6,19
33,544050,5,7,23
27,157730,3,19,18
35,174342,3,6,16
23,30360,2,2,20
37,14538,2,1,23
35,192018,3,17,21
29,519608,3,5,23
25,3246762,3,10,19
24,29356,3,1,19
36,33779,3,5,16
41,51647,4,3,21
26,2670,5,1,20
35,139937,4,11,22
18,28265,2,5,16
27,36367,2,3,12
31,200343,3,13,27
24,66969,5,4,16
24,15335,3,1,13
26,763834,1,23,27
34,10127,4,2,15
30,306265,3,14,25
18,210357,2,13,12
18,42481,3,1,20
27,73950,2,5,15
35,54541,3,1,14
18,16294,2,3,14
28,405829,3,10,18
27,77042,2,2,10
43,97956,2,1,14
28,42038,1,5,17
35,42031,3,6,16
33,70258,3,9,20
18,233332,2,11,18
38,4377381,1,9,33
33,762142,1,14,17
36,14660,2,2,23
63,627298,3,6,20
18,12888,4,3,9
45,342016,2,26,30
29,100153,2,4,15
34,1021199,4,25,33
31,158648,3,11,23
28,97220,3,10,17
27,475707,2,5,18
34,42476,4,4,12
19,450602,3,5,20
38,7827,4,2,12
28,155419,3,18,26
22,36737,4,12,17
28,176423,1,12,28
42,57632,3,4,13
27,82681,1,1,14
34,1153168,4,9,14
26,57101,5,3,23
38,555067,2,16,24
37,300759,3,12,14
46,152373,2,1,23
30,108266,3,7,26
37,306553,2,9,21
32,714439,4,6,21
42,442938,1,5,15
26,71340,3,2,18
37,38433,1,2,16
30,151747,5,11,18
31,13360,1,1,14
32,692185,4,12,19
34,272628,3,5,21
31,51839,4,22,23
33,151530,1,47,40
44,85132,2,8,17
39,81747,1,4,17
38,700036,2,5,20
28,14285,3,1,18
24,9050,5,1,14
39,330234,2,6,15
39,101502,2,13,18
43,230614,3,2,16
27,60044,1,4,16
30,1299931,3,6,19
18,108869,1,19,21
28,4446,4,1,15
39,10547,3,2,19
28,337897,4,20,25
37,598327,-1,1,15
30,525645,4,8,18
34,147559,2,8,20
22,26961,4,3,13
32,339127,3,5,16
18,362463,2,15,12
30,12364,4,1,13
18,72430,3,2,10
41,11315,4,5,20
38,47272,3,4,12
35,47554,1,6,19
44,828229,4,20,21
24,106236,1,19,24
45,36416,1,2,10
39,5383,2,2,22
30,101718,3,1,18
41,248300,3,21,20
23,37823,2,4,20
25,502082,3,4,19
27,632619,1,12,18
27,8702,3,5,22
23,140589,2,1,11
41,963257,3,4,17
29,1205410,5,7,15
34,594562,4,10,23
27,42654,4,8,16
18,6284,4,1,19
34,7033,3,2,12
18,47164,4,10,20
31,28124,2,16,16
21,3141,3,1,14
47,24348,2,1,24
39,187621,1,8,18
32,44549,2,6,20
42,14106,2,1,23
25,967331,3,6,23
36,12969559,2,29,27
33,108688,2,7,15
34,199565,1,4,11
42,102028,3,14,25
37,83741,4,1,27
34,45163,3,4,21
18,51119,4,6,14
24,1840698,3,5,11
31,104780,1,20,28
32,1404,3,2,17
22,64406,3,1,12
51,325935,4,19,26
44,18424,3,1,17
36,2652243,2,3,18
32,480385,3,6,24
30,720894,4,29,39
24,68419,1,6,18
32,182117,3,4,15
34,17500,4,7,23
22,301453,2,28,29
34,414464,5,13,24
30,34453,4,1,12
18,219151,-1,13,10
25,203112,2,14,25
28,724465,-2,9,14
47,44094,4,8,15
36,76416,4,4,28
21,85940,5,8,17
35,898036,1,10,20
19,3843,1,1,18
40,90175,3,2,13
28,49710,4,1,14
31,10319,3,14,27
42,277273,4,9,21
21,13176,2,4,25
20,396320,3,13,24
27,111009,2,10,17
40,2630687,-1,19,24
19,5366,3,1,13
18,13230,2,5,20
28,1265994,4,9,13
36,9366,2,1,13
41,292599,2,3,16
28,186931,2,4,20
28,103198,2,12,30
41,40251,3,5,24
18,443707,1,5,26
28,48616,1,4,16
33,26400,3,2,20
35,894099,3,20,27
27,133790,3,3,19
32,137265,4,6,10
18,8874,3,1,15
26,368011,2,4,20
35,3036623,4,18,40
24,745021,1,43,42
32,20090,3,3,23
35,8379,3,1,15
29,26184,2,3,19
33,19540,1,3,20
24,28329,2,8,22
30,1530555,4,5,17
36,691022,4,11,25
33,32001,2,9,25
27,51292,3,2,16
33,46889,1,12,20
37,1202994,2,15,27
18,13492,3,7,28
41,1032739,2,21,27
29,35241,1,12,22
35,141976,4,7,19
41,2132419,2,18,21
21,13137,4,7,19
26,83656,3,5,23
29,169924,3,3,15
25,197815,2,17,20
45,14504,3,1,10
25,120858,3,5,17
27,19218,1,6,23
33,1220293,4,6,22
22,23160,2,8,25
28,672149,4,5,18
34,83688,3,2,15
29,419409,2,15,21
31,553527,2,8,22
27,973952,1,15,28
19,15114,2,2,18
34,189137,-1,8,17
46,58395,2,10,18
32,55914,4,3,13
33,255248,1,13,27
37,69069,3,1,12
21,298582,2,7,16
45,34079,3,7,25
33,81496,2,6,23
45,105400,5,7,21
26,4151,3,1,13
46,132024,2,9,15
38,60092,3,3,17
36,872811,2,4,12
33,38237,4,3,17
30,34405,3,5,14
41,136376,1,7,18
33,279858,2,14,27
18,723749,3,5,17
23,36055,2,3,19
30,17639,3,5,18
34,54649,3,9,26
31,50139,3,3,16
41,440168,3,4,19
18,1413839,4,6,20
33,9679,4,2,16
18,23652,2,1,21
38,9686,4,1,13
31,13606,5,3,17
35,4097,-1,1,22
25,93740,1,7,18
42,6937,2,1,18
40,1566567,1,3,19
36,15360,3,2,18
30,458048,2,7,14
36,181277,2,15,19
26,2333355,2,8,20
38,120169,2,6,15
45,582409,3,8,18
40,16399,3,1,13
26,64551,1,1,18
34,59784,5,1,15
21,16922,1,1,17
36,7297,5,2,15
35,90236,2,6,26
18,9047,4,1,15
22,794428,4,21,31
29,302707,3,15,16
29,93028,4,28,41
22,14476,3,1,14
35,1887983,4,15,19
34,46949,3,13,31
30,4185840,2,18,29
25,855046,-2,6,14
40,187617,1,12,21
45,10467,2,1,23
28,94347,5,1,25
27,5154,3,1,18
35,227203,3,19,23
29,6878,2,1,18
30,33570,3,1,14
37,2436887,3,21,21
18,52271,4,1,10
42,723821,2,16,27
32,209800,5,12,19
28,7492,2,1,15
31,1530,3,1,12
31,142438,2,6,16
18,375857,2,46,47
43,264012,3,16,30
32,50647,2,2,14
35,54855,1,3,13
39,1003345,4,3,14
23,1667983,2,10,20
35,437640,3,3,19
29,114931,3,1,16
38,1830429,3,10,17
18,25960,2,4,14
31,11477,1,1,18
27,424453,3,12,27
35,144966,3,7,17
35,19137,4,5,11
26,152266,-1,8,27
26,10179,4,5,21
31,251646,3,8,23
24,161647,5,16,16
38,211710,3,7,18
29,201264,3,8,19
18,91672,2,7,20
29,16758,2,6,17
23,3204,2,1,14
18,34661,1,3,12
22,122941,2,9,27
32,209082,2,4,16
42,161873,1,4,10
34,347017,1,11,15
27,40471,3,1,10
35,80084,2,9,27
28,269473,2,5,18
26,48357,5,3,9
22,1678354,1,3,16
18,3419,1,1,14
28,52108,4,3,22
33,54693,2,3,12
31,21061,3,4,18
28,509704,4,8,10
24,63767,3,4,19
36,9202,4,12,29
21,614097,3,8,20
38,15535,3,1,16
23,11756,4,2,12
25,15018,2,1,17
20,395939,2,23,26
27,72447,4,17,26
39,256700,4,1,20
36,12069,2,6,12
39,142470,3,25,20
36,53938,2,10,15
23,570510,1,5,19
29,30758,3,2,22
25,71151,3,2,21
42,188717,3,10,24
22,494961,-1,12,20
39,157577,2,6,20
39,36130,4,1,14
46,1312232,3,21,22
28,474904,3,14,23
37,13797,3,1,15
50,29084,2,1,9
27,2914801,2,6,22
19,78794,3,2,18
18,15999,3,2,12
37,3861,1,1,8
18,763278,3,24,26
29,1329140,1,14,15
35,48512,2,1,18
33,489270,4,16,29
35,7184538,2,9,16
33,55826,2,3,13
42,2834163,3,16,23
24,151699,2,7,18
26,341569,4,15,17
25,355851,3,5,10
38,113726,4,5,14
39,75301,1,2,23
35,174341,4,3,22
41,129705,1,6,17
22,799030,4,23,29
45,308243,5,7,22
44,127652,4,1,13
37,16006,4,1,9
46,45362,3,15,20
18,41329,4,3,19
27,32216,1,3,14
26,763236,1,12,24
37,66766,2,23,23
23,140546,3,11,15
38,130157,2,1,16
42,197063,4,3,14
37,170376,2,11,29
34,317151,4,18,31
24,584272,2,52,34
25,468770,1,5,18
41,528914,3,13,27
38,32801,1,1,17
31,12886,4,2,13
28,64587,4,3,12
18,245855,2,29,26
23,13775,4,1,16
47,8681,4,2,18
21,283141,2,21,34
33,15892,4,2,11
40,247225,1,2,23
21,47553,4,10,24
33,167724,3,10,28
39,187055,2,5,14
32,355828,3,23,28
54,565607,2,1,17
18,1934521,4,19,26
40,224589,2,11,16
30,155538,1,3,22
38,25661,1,13,18
35,146149,2,1,16
26,36966,3,1,8
33,512934,3,21,28
18,26292,-2,1,9
36,45656,3,1,16
34,60674,3,3,17
37,52601,3,1,19
40,1408011,3,15,20
34,690448,4,20,35
33,49233,1,5,16
24,76137,4,4,16
26,630289,2,6,22
41,136637,2,2,27
43,6604,4,2,10
30,40437,3,1,20
32,183956,1,4,18
24,188663,2,7,19
41,582494,4,21,33
37,171192,3,10,19
47,25817,2,10,17
24,11587,2,2,15
28,965856,3,17,22
33,194447,5,23,30
37,621002,1,21,16
30,126237,2,1,9
25,517580,3,7,20
39,66173,2,8,21
37,225373,5,2,15
24,142120,3,39,32
42,92574,3,2,11
41,30123,2,1,11
33,529848,4,5,17
32,126373,3,3,14
36,99422,3,20,25
25,65585,2,4,16
32,2026216,1,4,16
18,51531,3,7,13
39,68241,2,1,20
19,19457,3,11,27
44,135859,5,11,26
29,124241,3,5,19
30,92207,1,24,18
26,154671,3,6,20
29,75399,2,9,26
43,231363,4,20,20
18,22241,2,8,18
42,833721,4,4,16
34,59679,1,1,9
22,67073,5,10,23
23,1757976,2,26,28
45,541316,4,5,15
24,12656,3,3,21
22,421517,2,5,28
41,892564,5,10,22
34,74070,4,1,14
24,201971,3,17,16
33,137676,4,17,15
23,15737,4,6,22
40,18215,2,1,12
40,137205,4,8,22
36,14182,2,1,12
34,125990,4,5,13
46,320046,3,1,12
31,155240,3,7,19
22,37726,3,3,24
35,63233,3,14,22
48,4637296,2,12,22
23,350476,4,51,51
29,17126,4,2,16
35,30726,3,1,16
31,71664,2,4,22
24,47891,3,1,18
40,47453,3,1,11
50,253978,1,7,22
33,653423,4,7,14
24,161168,4,1,14
19,24152,4,4,10
34,508166,3,6,16
40,40847,2,2,18
35,471054,3,16,27
31,31656,4,1,15
27,50657,2,2,14
23,7914,2,1,16
38,43463,1,1,12
39,34060,1,16,32
19,11188,3,2,14
44,898876,3,10,18
36,122165,4,4,17
43,876393,3,8,23
21,645337,3,21,28
21,56505,2,14,15
30,14377,2,1,19
36,886315,1,14,17
46,141253,3,4,9
37,45608,1,3,15
30,191956,4,8,23
23,391486,3,23,31
41,8155,5,1,16
24,38028,1,11,15
45,53227,2,1,18
29,42171,1,3,15
44,1276894,-2,16,19
37,117514,3,6,24
30,4136,5,1,19
27,61291,2,5,14
29,1975197,2,12,18
35,71328,3,6,21
32,86827,2,1,17
27,163271,4,4,14
30,123476,3,20,21
32,1213922,3,8,16
18,99034,2,10,19
35,49800,2,12,13
24,10816,4,1,14
22,93690,4,6,20
18,147484,4,3,9
18,5890,2,1,15
21,464121,4,1,12
26,51965,2,12,20
47,83368,2,1,15
27,3743,2,2,14
33,34482,3,2,10
35,31075,1,1,12
33,27832,2,4,18
31,1772531,2,11,36
22,22457,4,1,19
43,27322,3,1,14
46,221686,2,10,19
18,22898,2,7,30
23,897823,5,10,19
29,225442,3,2,19
24,271316,3,13,19
36,277794,5,5,17
26,7927,3,7,23
49,77525,2,1,13
41,23669,2,1,11
33,1505423,1,11,20
40,131153,1,2,21
40,67180,-2,1,10
27,39818,3,7,21
25,53014,3,6,16
32,2771805,3,7,25
38,37684,3,7,17
33,35720,1,5,17
19,70217,2,5,14
25,703639,4,20,24
31,104615,1,6,23
31,293224,3,7,25
47,157442,3,2,13
20,313099,-1,16,22
36,14491,1,1,10
43,155782,2,6,6
50,66066,1,3,20
28,18242,2,7,19
35,114793,3,3,14
36,835596,3,10,10
33,16626,2,1,17
31,1760,4,4,21
35,234993,4,14,26
18,39532,1,2,18
37,3560,3,1,16
33,460990,2,5,12
30,351577,3,30,37
48,39108,2,1,10
26,5854,3,1,14
28,11945,3,7,22
47,447252,2,2,20
25,354908,3,4,10
27,404636,2,14,14
30,79335,2,1,17
38,731225,3,10,20
33,517470,4,5,18
21,54098,3,18,24
27,2925325,4,28,26
27,469321,3,5,15
31,294683,4,7,21
35,141560,4,10,17
35,9213,4,3,16
18,52629,4,2,20
40,5236502,2,26,28
34,26488,2,4,17
43,135716,3,1,16
35,318050,4,14,29
40,117449,1,7,14
35,8133,2,1,22
42,13511,2,1,11
36,115896,4,2,12
31,1765931,3,21,28
50,1114801,3,21,30
39,29241,2,2,16
36,99305,3,14,22
21,57436,1,4,9
21,137677,2,8,12
34,128842,4,3,17
33,68012,3,5,17
27,9350,3,2,17
33,24203,4,1,21
44,40692,3,1,19
37,57914,2,2,17
22,645140,4,29,31
31,1334222,2,26,28
25,4876988,4,14,26
28,26489,3,2,16
28,215651,3,4,19
28,63313,1,4,15
21,8425,3,3,15
30,27530,2,1,16
27,37537,4,6,12
18,72292,1,1,20
48,199969,3,12,22
40,161839,3,9,15
28,145280,4,3,20
32,207229,4,8,20
22,39484,3,2,16
45,53254,2,2,20
47,31013,2,3,24
33,101388,3,12,19
40,5947,4,1,18
33,102518,2,6,14
21,20080,2,1,19
28,100241,2,2,17
33,262974,3,2,17
28,916205,1,8,8
30,158606,3,5,12
31,185079,3,10,12
31,78368,4,1,19
32,8623,3,1,14
23,14586,2,9,21
26,13317,3,1,22
21,7716,4,2,13
39,28258,4,2,12
18,96156,2,10,29
41,436360,1,7,19
43,13470,5,1,16
29,611238,3,7,17
18,28617,4,9,21
29,50753,4,3,11
31,26761,3,2,13
23,158310,4,9,17
27,851359,1,7,11
44,55054,2,1,9
37,182828,2,8,22
24,229218,1,5,14
19,403344,2,11,21
29,36835,3,1,15
30,84916,3,2,30
35,347629,3,6,23
27,18543,3,5,23
36,13128,2,3,15
47,523545,4,10,19
38,169137,1,6,14
31,212301,1,9,20
30,31362,2,1,19
29,214868,3,10,23
41,186826,2,4,16
26,10306,4,1,10
32,9729,2,2,20
32,87516,5,1,20
27,21881,3,4,12
21,30210,4,3,14
34,474435,3,35,41
31,1273541,3,16,26
36,223553,5,13,17
27,201115,1,5,13
41,991251,3,13,15
24,63361,1,2,11
45,809053,5,6,22
18,14270,3,3,13
35,5435,1,1,20
35,6783,2,1,20
25,132691,4,6,16
35,48965,1,1,19
42,189056,2,10,26
18,201758,-1,20,25
36,152664,5,1,16
18,43460,2,5,16
24,380132,4,10,23
45,23422,2,2,18
27,1490152,1,20,28
22,1445490,4,17,25
30,4976,3,1,11
48,29251,3,1,14
18,31904,3,29,40
23,982096,3,25,29
43,1555609,3,4,16
46,2435,2,1,19
31,33676,3,7,17
22,32596,4,2,18
48,573814,4,22,19
44,195450,3,12,22
37,33143,2,8,16
25,39312,1,2,14
31,696212,4,9,22
30,406120,2,2,21
34,96012,-2,1,14
43,42092,4,5,25
39,164305,4,5,15
23,149232,3,11,22
43,233511,3,16,23
34,101991,2,3,23
37,310103,4,4,18
43,588562,5,5,20
23,209498,4,3,16
31,93866,3,10,22
27,46509,1,5,28
19,134196,3,19,27
34,277459,3,8,23
52,12318,2,1,14
18,18444,1,1,14
31,153703,4,3,15
37,413532,4,3,16
32,18166,2,4,18
31,25894,5,1,16
21,118922,1,30,29
33,38912,4,1,19
25,14059,3,8,18
18,4620,3,1,21
41,138959,5,4,16
39,136988,3,2,20
32,65673,4,3,24
33,74616,2,5,23
40,295668,1,7,25
33,1295092,2,7,16
39,1665456,5,7,10
29,37473,3,14,32
42,1636222,4,17,30
34,367991,3,10,23
33,673278,2,1,9
21,199622,1,26,29
34,399871,3,23,29
25,34770,4,9,21
26,20742,1,5,20
25,63532,3,2,15
23,187694,4,11,20
48,612814,1,16,24
42,298532,3,8,17
47,70344,3,7,15
22,14949,1,1,17
32,24954,3,3,21
21,57481,3,10,18
26,12454,3,1,13
24,135117,1,8,21
41,688320,1,11,25
28,207639,4,3,14
40,129570,3,1,14
36,107892,3,13,21
50,25215,4,1,12
20,20738,3,3,9
42,1111408,2,9,15
41,94845,3,13,20
24,1199686,3,15,22
40,685970,3,6,18
34,54744,2,5,16
30,568576,4,15,18
25,167594,3,6,11
26,109360,3,6,21
48,94661,4,4,14
32,67029,1,3,10
38,1190473,4,5,15
25,22915,2,3,14
25,102263,2,3,19
40,1252270,1,40,28
21,42652,3,3,22
28,43935,2,2,18
32,13151,2,3,17
32,915413,2,7,12
30,984451,1,19,26
35,142175,1,12,23
37,162359,2,14,23
37,1035813,1,15,21
24,168097,1,20,32
29,11981,5,2,17
41,150031,3,4,7
39,247281,4,3,17
21,172556,2,3,25
34,147219,4,8,17
18,10628,3,4,16
32,245253,2,7,19
47,162259,3,3,28
24,48873,1,2,19
25,699032,3,3,12
38,369886,2,13,20
19,6035,3,7,23
26,593054,3,29,30
36,805278,4,14,28
26,159086,1,5,19
30,43144,3,2,11
37,176856,1,8,22
35,18151,4,10,21
34,147787,3,4,18
29,17762,4,2,14
34,215783,1,6,23
31,96169,3,2,22
35,3901841,3,22,25
28,59302,3,7,12
30,8466,5,2,19
24,13391,1,1,12
31,55154,3,10,31
25,44567,1,9,20
23,264255,3,7,22
34,334584,4,7,22
33,995305,3,7,13
38,59779,4,3,14
28,71884,3,22,24
35,50554,4,5,17
36,45586,4,1,10
35,25650,3,3,17
25,52084,3,1,15
33,13034,3,3,15
34,76453,4,7,16
32,211178,3,1,15
18,105275,1,16,33
33,69147,3,7,19
49,48515,3,2,15
29,36227,1,2,15
26,1426748,2,5,17
34,95186,2,2,26
34,19688,3,1,17
41,18843,3,1,12
21,3545,1,3,15
37,47170,3,1,21
36,10880,1,1,26
30,111139,2,15,13
34,5038,1,2,17
40,193680,3,5,19
38,204756,1,1,16
22,7114,5,1,19
38,105254,3,10,23
31,26019,4,1,13
32,37031,3,1,18
32,1942715,4,7,18
30,13414,4,1,13
41,25172,2,4,23
31,41043,1,2,17
23,101156,3,3,12
28,13090,3,1,10
33,1717156,-1,26,29
41,1741717,4,5,25
36,78286,3,6,17
25,93596,3,8,14
51,51874,3,12,22
34,619414,2,7,19
42,126428,4,11,15
30,155505,4,4,16
36,55434,4,3,19
38,4125648,1,13,29
41,76385,2,16,16
40,113757,-2,1,11
38,591657,3,6,13
29,564349,2,9,17
27,5233,3,1,9
34,1059251,4,21,36
39,77630,4,5,21
30,17794,3,8,16
40,259513,3,1,12
43,17613,1,2,13
24,118296,3,1,12
25,12293,3,2,14
30,433392,2,5,17
34,66546,3,14,24
27,51738,2,6,21
42,63389,3,2,13
35,22606,1,1,17
32,49332,4,7,19
20,1345,2,4,11
21,159471,3,33,32
34,1112535,2,12,11
18,64980,4,13,17
40,8010,5,1,20
30,85794,2,12,24
57,34263,2,1,11
50,79868,3,7,23
30,230666,5,4,15
31,193169,4,6,19
39,42381,5,1,21
45,230422,4,4,11
18,2668,3,1,17
18,2669,2,1,23
27,500740,4,8,19
36,2872688,3,24,27
35,557439,3,12,25
40,75804,3,5,22
22,16673,5,1,13
18,4358,1,1,15
38,67041,4,1,17
25,73476,4,29,34
18,3786,1,4,15
33,25253,5,14,19
38,22932,3,9,25
31,713520,3,7,20
28,788338,3,23,23
30,9493,2,2,15
29,117417,3,4,14
21,1238683,4,16,21
26,291608,3,6,24
36,842991,3,2,18
34,23249,2,1,10
33,100226,2,11,19
24,5465,3,1,22
30,521248,1,19,29
18,20499,3,1,15
33,315367,2,7,18
43,60724,3,7,19
20,542027,3,6,15
27,251520,1,5,24
34,261820,3,15,31
42,106281,3,8,15
28,176851,2,12,13
26,47026,2,1,11
18,10454,4,1,16
32,6068,1,1,19
48,18734,5,1,21
34,201100,2,8,23
31,855720,2,5,18
34,54684,2,11,26
31,43757,4,1,17
25,28668,4,3,17
38,258634,3,17,25
33,1775840,4,21,30
32,146981,3,20,32
24,86870,4,13,18
42,1045865,1,9,15
37,1010762,3,19,28
27,120308,4,10,26
40,114693,3,24,31
28,54553,4,1,13
25,128161,2,20,25
25,113706,1,6,16
18,23681,3,1,17
35,16376,3,1,17
18,165843,3,15,30
22,409420,2,5,21
18,568040,3,32,28
31,2227,4,1,12
30,65761,3,4,18
29,125500,2,3,14
23,333211,3,5,24
22,85608,4,8,12
35,843382,2,8,15
27,4208,3,1,15
34,48708,3,1,9
24,20013,1,1,17
33,2014192,2,15,17
42,20473,3,3,21
36,99993,2,3,19
28,59677,1,4,11
34,1879482,3,15,26
30,4933,2,1,14
32,21947,1,1,11
29,21944,3,9,23
30,1086078,4,26,27
33,136950,3,8,20
24,33591,2,2,22
23,9209,3,5,18
20,317957,3,29,26
19,43662,4,6,16
22,20947,5,3,20
33,15468,2,3,21
24,152065,3,27,31
36,486178,4,10,15
32,618632,3,9,23
18,88706,4,2,15
37,34991,3,6,21
38,155279,3,3,17
24,31856,1,2,12
35,1509391,2,18,21
25,200078,1,3,17
32,30322,3,2,10
21,1464025,3,21,28
18,24509,4,1,15
28,75721,1,10,30
31,14351,1,8,11
28,52919,2,20,26
22,1350651,5,14,22
28,35478,5,9,28
34,1140087,3,3,12
31,27781,2,5,24
33,224917,3,23,31
26,38329,5,1,13
41,728703,4,12,27
22,103912,3,2,23
35,90036,4,1,10
41,25476,3,2,19
35,54344,2,1,16
30,1351535,3,38,38
27,275248,2,16,22
40,112024,3,5,20
20,238049,5,10,17
24,256055,3,6,19
28,19517,3,13,20
41,1359794,2,14,18
35,106319,2,2,24
24,33841,1,4,17
29,245415,3,8,18
27,1144866,3,30,31
26,22315,3,9,16
39,370526,4,18,31
21,241507,3,14,24
44,132250,2,6,20
38,180897,2,17,25
40,265841,3,3,17
28,22723,2,3,15
30,476880,2,12,25
20,27914,3,1,24
27,204666,2,2,14
35,2242504,1,7,17
42,645850,2,4,19
23,70708,4,22,26
29,1259483,3,25,26
30,56345,3,5,32
20,4098540,3,6,26
36,835767,4,10,23
26,437729,1,4,23
30,33722,2,1,24
28,5642,3,10,20
25,78103,3,10,23
31,17569,2,2,18
30,350645,4,14,23
29,359225,2,7,14
26,121669,1,2,15
34,9116,-1,8,11
45,10033,5,2,15
33,14885,2,2,17
39,2097938,2,15,22
20,284956,3,21,17
33,64221,2,2,15
23,549314,3,21,23
20,5282,3,2,17
26,29485,3,1,20
41,20736,3,1,16
39,25301,2,2,16
33,290447,-1,3,11
19,740587,3,20,32
30,11999,2,2,21
34,48419,1,3,25
33,517097,4,10,20
18,56525,2,2,13
24,124312,3,9,15
31,12585,3,4,19
36,7514,5,1,23
18,81478,1,10,20
30,15805,3,1,13
33,38065,3,2,16
38,66026,2,3,9
37,69751,4,4,14
36,3441279,3,9,18
25,295541,2,4,14
18,776801,2,7,19
28,244388,2,7,12
40,87261,4,3,18
43,1373821,5,21,26
37,839202,3,24,33
35,527364,2,6,18
35,10343,1,1,10
27,318158,1,5,18
30,24439,3,1,18
45,19058,4,5,16
24,29555,3,1,16
44,75086,2,9,22
29,17541,3,1,6
42,660887,4,24,24
20,5463,4,1,17
36,250012,2,8,25
26,412539,3,19,26
20,98984,3,2,10
33,324867,3,21,28
40,139009,2,3,20
25,445908,4,25,26
20,339003,3,28,26
31,5388,2,1,9
31,244904,2,14,26
36,65158,4,1,9
39,17393,2,2,11
31,15400,3,1,21
46,30629,2,1,13
33,1001173,2,8,21
29,82943,3,4,16
19,452155,4,12,19
29,39586,4,3,24
29,598214,2,27,30
39,8543,2,1,11
35,4735,3,1,11
22,192389,3,9,22
33,525483,4,17,24
37,944441,3,12,16
44,622248,4,5,20
39,354495,2,2,13
38,581,3,1,22
32,665388,3,5,26
35,183648,1,5,23
41,130678,2,3,20
21,468908,2,6,26
29,136788,2,10,26
25,33216,3,9,24
35,227185,3,2,14
41,55688,1,7,25
27,6128,2,1,16
18,15098,3,1,16
28,151023,3,12,19
39,361648,1,9,21
36,325904,2,11,14
35,167857,3,1,13
29,659418,2,19,19
21,9526,2,1,19
36,269579,1,16,24
25,25104,2,3,12
49,21020,1,1,13
36,14378,2,2,11
27,7108,1,1,17
27,283383,4,5,13
31,355023,2,23,26
30,25530,1,3,13
40,250688,4,7,22
33,940425,3,17,24
26,104258,5,7,11
47,1017674,3,3,20
32,14086287,3,37,28
38,72613,2,1,20
27,56974,3,5,12
34,331418,3,12,23
34,7669,2,1,11
18,84301,2,9,9
48,3540,3,2,19
42,12544,2,1,15
28,9114,3,2,9
23,1522515,2,27,30
34,138373,3,17,35
32,9291,4,1,22
34,81781,3,1,16
33,326241,3,3,28
36,152682,3,7,15
43,929115,2,16,17
36,1085996,3,27,38
23,1012458,2,11,21
42,477992,2,7,22
45,159265,3,1,16
57,5426,3,1,12
23,84116,4,7,21
33,413919,2,6,16
18,562073,4,14,21
36,86066,4,3,14
27,7548,1,1,12
47,412235,3,4,16
25,83671,4,27,27
18,620961,1,12,20
28,22299,3,1,13
18,296645,5,16,19
38,182746,5,5,20
18,37753,3,3,23
32,62126,4,3,17
18,44147,2,7,17
29,293221,3,6,12
45,322795,5,8,17
34,24281,4,6,18
25,5017,1,1,11
31,10890,1,2,11
32,968540,-1,14,21
35,416163,2,8,16
21,791664,2,4,8
36,11840,2,1,15
18,64159,5,1,17
26,6515,2,2,20
28,13620,2,1,23
37,178948,3,5,18
32,694878,2,13,24
20,36783,2,2,20
24,345591,3,15,21
33,68136,2,9,17
31,112964,3,1,18
27,287897,2,8,24
28,30889,4,1,14
37,76316,4,8,14
27,13492,3,1,16
31,112620,5,3,14
49,1078301,3,6,18
20,2504,3,1,16
18,4713,3,1,9
38,110109,2,3,22
26,71598,4,4,17
29,580294,5,15,16
25,25916,4,1,19
29,126564,3,3,17
44,118226,2,5,22
38,3128,1,2,9
38,90436,3,7,21
20,32994,2,2,18
22,48796,4,11,23
18,63782,3,5,11
25,21512,4,1,15
39,60752,3,7,19
36,205663,3,6,18
30,11529,3,3,14
31,2123,5,1,18
26,5075,3,1,14
33,306597,2,4,19
38,424457,2,1,15
19,13900,3,6,19
34,135729,5,9,13
39,261076,3,15,24
28,417294,3,8,28
37,86735,2,9,15
54,393124,3,7,16
31,1954625,3,33,39
35,15349,3,2,16
26,55406,3,2,13
33,2323,2,1,12
35,98004,3,5,21
33,18083,4,1,12
23,20255,2,2,15
33,114608,1,5,14
43,276081,3,25,31
35,377998,2,26,18
39,532311,3,10,16
30,82587,4,3,25
37,367440,2,16,28
34,321549,4,16,16
24,926218,3,19,26
34,997846,-1,8,17
24,2841,2,1,15
26,24357,3,1,9
33,288900,2,19,21
34,101217,2,1,13
22,26266,3,2,14
40,106589,4,5,16
36,60371,3,1,16
26,335875,3,18,33
19,199615,3,2,14
30,36870,2,1,26
28,2446810,3,40,42
32,40931,4,2,16
29,184090,4,16,23
18,211870,2,4,26
28,250416,4,8,27
29,14899,4,2,12
37,194251,4,5,18
26,117720,4,2,18
45,410520,3,24,27
18,21009,5,1,14
42,71983,3,2,19
30,15292,2,17,25
38,34567,-2,5,19
32,601427,2,7,24
41,198888,3,8,17
28,8370,-1,1,17
23,19912,1,1,12
43,217913,3,22,25
31,15224,2,2,18
33,148399,3,3,12
41,402556,4,9,25
23,184261,3,2,22
36,150311,2,10,27
27,593949,1,4,14
30,106834,5,15,24
32,119824,4,2,18
19,16505,1,1,18
25,320997,2,14,33
42,99323,3,3,16
39,75795,3,4,24
31,946722,3,12,18
33,77611,3,8,12
29,156137,2,4,27
42,165130,3,2,13
30,386085,3,11,18
33,64190,3,1,28
41,1669563,3,21,30
25,9304,5,1,16
44,202532,5,13,26
19,6801,2,4,17
45,4547,3,1,14
29,106487,2,4,18
30,11139,5,2,12
18,84335,3,1,17
28,19967,3,2,16
23,358320,2,16,20
27,24263,2,1,21
30,103887,2,28,26
39,73925,4,1,10
33,737229,3,8,18
34,1057952,5,15,13
23,1143527,3,21,27
24,10719,3,1,17
46,74061,2,9,20
26,34402,1,1,12
45,254775,4,3,16
30,529703,2,10,16
32,323542,4,3,19
40,53203,3,3,11
42,99567,4,1,21
31,20149,4,1,8
28,8893,4,1,10
31,343694,4,16,19
34,116264,3,1,18
39,709069,4,9,34
32,37393,4,11,25
36,588660,2,6,15
45,5772346,3,10,19
35,34818,4,8,21
34,91610,3,4,19
19,88504,1,3,14
18,476703,3,22,23
35,557335,2,28,15
31,3117178,4,8,20
27,5250,3,1,17
33,31039,1,4,17
31,55033,2,5,12
41,42007,4,11,20
32,102264,3,8,14
26,63216,3,5,24
39,380551,2,9,28
30,45931,2,1,18
36,48646,1,11,19
28,11607,1,1,13
26,93203,2,8,18
32,20563,1,1,19
32,7144,5,1,18
35,57313,3,1,22
29,275330,3,19,28
18,378293,3,7,8
28,59794,4,3,12
38,149320,-2,12,27
29,493789,2,7,25
30,1023104,3,7,26
39,188909,1,5,15
26,10006,4,1,16
19,11260,3,2,16
30,48211,4,1,17
28,429379,4,8,22
24,15060,3,2,11
30,35087,4,4,20
35,207638,-1,3,17
31,4880,3,1,12
34,314651,3,25,21
46,240982,2,21,25
29,3975,3,1,14
34,157337,1,14,19
27,395463,3,5,16
25,26793,3,11,26
27,22431,3,1,15
28,27255,2,1,19
34,1449016,1,17,28
50,653436,3,18,21
26,105782,1,5,15
28,160393,2,16,17
31,700188,4,8,16
35,60515,3,1,20
34,44268,5,3,15
42,79369,4,1,22
18,214733,3,11,19
18,439502,1,33,34
28,58096,3,6,10
40,404829,1,8,18
19,60660,3,10,15
18,9318,1,2,15
36,45590,4,3,15
33,219560,2,4,14
23,223146,1,7,22
24,53160,4,15,34
24,21714,2,2,10
32,5666,3,5,15
26,6106704,4,11,28
35,10826,1,1,14
18,352229,1,5,21
25,33947,1,1,13
22,160396,2,6,11
29,90483,3,11,18
27,146744,5,2,19
38,424045,3,15,27
18,140638,4,3,11
32,11958,2,1,15
36,116888,4,5,15
46,183927,3,16,27
28,27745,4,1,14
34,36251,4,3,13
18,45742,4,8,24
18,70511,1,3,15
38,51553,3,1,12
31,108088,2,3,22
41,459949,2,13,19
21,884391,3,27,22
36,35659,4,1,16
46,179864,-1,6,13
35,40688,4,1,18
34,1240644,4,9,19
32,4709,2,1,19
19,4548,2,1,11
42,720248,1,12,24
27,2993,3,1,17
36,350305,2,2,17
19,226280,2,25,24
22,1387219,2,33,31
43,153330,3,1,13
29,196848,4,6,11
43,13724,3,6,15
31,127350,1,4,14
18,515805,3,20,16
39,119406,2,11,21
27,34250,2,11,12
37,139216,2,2,17
32,35735,1,4,17
19,1977713,2,5,12
33,109704,4,2,14
49,101245,4,1,20
35,41524,4,1,12
31,32855,1,1,15
40,21320,4,1,20
33,133695,2,2,13
33,4620,3,2,19
23,309663,3,4,13
33,223114,2,5,16
40,33244,2,2,12
25,310088,2,19,29
43,111748,2,6,16
31,561597,2,12,19
24,2289282,3,20,32
39,10535,2,1,16
29,6920,-1,4,13
38,3154770,2,4,17
29,179094,4,3,16
31,16675,4,1,14
35,1082791,1,13,17
34,81764,3,1,13
18,2070102,4,43,27
23,165479,2,11,17
39,356366,3,6,15
30,123227,5,1,15
27,16924,4,5,21
21,17455,2,2,21
23,114415,3,2,15
18,385322,4,14,19
31,126838,2,3,11
27,221373,1,4,15
24,217284,2,14,16
31,26577,4,1,10
34,68157,3,7,25
48,193824,3,6,18
19,20216,1,4,19
41,362036,2,14,16
39,768933,4,22,19
25,64519,-2,5,21
33,45503,1,4,22
28,1467,4,5,19
33,1136929,3,10,17
44,628975,2,8,17
36,16064,2,2,22
36,8892,2,1,17
28,3488175,3,23,25
20,13339,4,2,15
30,284099,2,8,25
41,155146,3,14,18
19,65434,1,2,16
23,283203,1,8,23
33,14237,3,1,10
24,1190162,2,28,31
25,14757,2,1,11
28,3134,2,4,22
21,78836,1,6,19
24,22750,4,12,20
37,1945,3,1,19
21,41541,3,4,17
19,10836,2,2,16
26,20389,1,2,23
37,747224,4,12,23
30,33050,4,1,18
28,597502,3,11,20
32,133750,2,13,22
18,481097,1,18,24
35,182693,1,7,12
35,1661734,3,3,14
28,107685,3,4,15
40,854955,5,27,27
22,505718,3,17,26
41,113112,2,4,16
33,430281,3,22,25
29,257226,3,13,23
31,593840,1,18,15
31,379581,1,9,25
41,302233,3,15,25
23,617802,1,17,16
25,47129,4,1,18
40,241096,4,26,23
27,37752,2,3,21
39,228294,3,4,16
45,237161,2,12,34
28,60825,3,8,27
37,3557824,3,17,30
22,8363,1,4,25
38,3213,4,3,10
33,15618,2,1,18
35,105636,2,4,23
26,72818,1,10,23
18,385112,5,2,10
36,53025,4,4,19
18,8850,3,1,17
29,568129,4,11,22
39,18138,3,1,18
33,418813,3,9,21
47,6657,5,3,19
40,330096,3,1,16
26,989788,2,15,23
32,73639,4,5,16
31,505276,1,7,16
19,966940,4,10,17
24,45442,5,8,17
27,32454,1,10,22
18,368822,1,11,23
32,253011,4,7,21
30,33755,1,3,20
18,29010,4,2,25
35,1049312,2,18,17
37,1381792,1,28,28
33,45437,3,3,14
29,1070,2,1,21
36,143698,2,2,10
37,511805,3,8,18
34,7531,1,1,11
25,78445,2,12,25
34,992537,3,20,22
41,1094271,3,26,17
27,1870,3,1,9
48,372907,1,25,29
27,388623,4,10,33
32,75081,2,1,17
26,26453,2,4,13
33,150808,2,9,21
18,116038,3,25,23
27,97948,2,1,14
23,16440,1,1,10
33,59837,3,5,17
39,179772,3,27,21
37,81630,3,28,33
18,468917,3,2,9
48,97443,4,3,15
34,313697,2,19,25
25,258075,4,10,20
33,175251,4,28,21
33,299026,3,17,25
26,27808,1,1,15
33,298662,4,11,17
27,4395,1,1,15
28,252898,3,13,26
26,72102,3,7,20
20,75610,1,25,25
33,214866,4,25,27
36,7541,3,1,17
36,36773,3,1,13
38,292700,2,5,12
34,179184,2,16,22
27,28472,2,13,28
38,252678,2,26,30
21,109003,3,7,15
24,9126,1,2,14
24,9749,2,1,13
40,20636,4,2,15
39,104702,2,8,24
35,116319,2,20,27
40,80239,1,3,16
24,3131068,-2,16,21
34,889015,3,4,24
30,6615,2,2,10
38,446171,2,5,21
31,103220,5,4,24
28,601103,1,19,23
36,206108,3,5,19
39,181576,4,2,12
26,269408,3,14,24
31,266814,3,53,41
23,130815,4,8,19
18,196993,1,2,16
33,230590,2,2,15
36,126404,3,1,10
34,1201,3,1,12
18,776675,5,19,18
29,45771,2,1,10
18,114326,4,5,17
42,62170,5,9,23
23,217912,1,15,29
42,78575,2,1,10
39,7476,5,4,15
24,53498,4,2,11
22,39195,1,2,17
34,31619,2,2,24
25,278350,3,7,20
32,6992,2,1,16
28,52285,2,4,20
18,22563,2,1,18
18,127759,2,27,32
33,700840,2,6,18
27,163609,3,16,28
27,34256,4,1,20
37,90928,3,13,15
41,310408,2,4,19
29,967,3,1,20
29,1590252,4,11,21
36,1718031,3,11,23
21,147705,4,43,31
33,29703,3,12,21
36,57738,4,1,16
37,12816,3,3,18
18,139011,3,4,18
25,7588,1,1,20
24,235838,3,12,16
32,46180,1,5,10
35,117650,2,23,31
43,1082897,3,7,16
28,425237,3,5,16
28,4515,3,1,13
41,11653,3,1,28
34,1119238,4,15,17
42,3155040,4,37,18
34,25298,4,4,9
22,400831,4,13,14
21,128279,3,7,22
19,64863,2,25,30
37,41094,1,2,18
41,203821,4,6,12
46,169586,2,4,18
38,24601,4,6,18
41,16010,2,2,24
27,47353,2,5,15
22,49075,2,7,18
38,10728,4,1,16
35,227429,3,10,21
32,348000,5,9,18
35,4483761,4,16,23
34,454974,3,4,24
42,97122,4,1,12
42,74884,4,4,20
36,9992,4,1,14
38,558115,1,8,23
36,26152,4,1,10
28,144131,2,3,20
38,13875,4,1,16
20,43555,2,1,20
40,810341,2,25,25
22,674871,3,44,44
34,103034,4,6,19
25,24017,1,2,11
36,320707,1,19,23
31,257692,4,20,25
19,151160,4,15,19
35,301056,3,6,19
27,64677,3,1,17
39,130735,1,1,12
32,4218571,3,18,26
35,183115,1,16,25
24,307530,2,4,17
27,92066,1,3,15
28,43009,2,8,17
38,238232,1,13,14
45,466450,4,10,15
25,444894,4,7,24
40,15753,2,2,19
18,10662,4,2,20
22,105485,4,10,16
24,85165,2,12,18
21,698,3,1,17
19,929,2,1,15
35,189732,3,9,25
30,108258,1,3,10
35,351382,4,6,18
37,27298,4,7,21
34,58375,2,11,20
37,183984,3,13,15
31,40160,2,2,15
22,402634,1,6,20
40,63097,1,1,22
27,120052,2,14,18
24,431374,4,14,24
30,19381,4,2,15
24,29155,3,1,17
28,30927,2,1,20
34,1078665,2,6,23
34,36161,3,1,16
24,47586,2,9,17
28,96348,4,9,18
40,187744,2,7,11
35,65277,1,16,13
48,75879,1,3,13
41,605987,4,18,24
41,23338,4,1,15
20,83381,2,1,13
38,150137,5,4,13
31,19799,2,7,15
27,6160,2,1,16
33,77404,3,6,14
39,116665,3,2,17
36,952277,3,17,19
24,88958,3,6,21
37,2376345,4,7,27
26,998740,3,23,23
33,649410,5,11,27
29,123637,4,4,17
30,231158,3,5,11
38,508269,3,8,18
23,2292,3,1,11
47,9440,4,1,13
18,20426,4,2,16
27,373070,3,12,29
34,45934,4,2,14
36,36971,3,1,13
31,2137,3,1,14
31,660436,4,9,24
35,251396,1,7,13
30,95827,4,9,21
43,243423,3,3,23
38,102664,1,18,26
38,60204,3,4,16
24,93785,3,5,16
31,220367,3,23,26
29,56019,3,31,37
23,40105,2,8,25
34,567501,4,23,37
27,89002,1,6,14
37,39132,5,2,22
23,45333,2,3,20
45,16565,3,6,17
24,220023,4,7,19
33,87346,1,4,20
38,487301,3,17,15
27,54360,2,4,14
38,3539,2,2,22
22,585,1,1,14
43,576513,2,28,35
32,404177,3,13,11
27,70626,5,7,24
29,189481,3,14,18
38,77028,3,13,24
27,29007,2,21,34
26,155384,1,3,9
30,121760,3,6,16
22,17239,1,1,14
46,81755,3,26,23
27,207002,4,33,33
38,253348,2,12,15
33,225137,4,4,17
24,109482,4,5,18
31,279125,3,4,15
38,20051,3,2,14
30,936887,3,6,14
41,51889,4,1,15
40,1153735,3,38,34
39,326599,3,4,15
28,252192,3,20,27
23,89820,1,10,28
27,3071,1,2,16
33,245741,3,2,14
36,1715090,3,43,36
18,547583,2,11,16
31,51147,3,2,12
33,125237,3,1,10
29,97894,3,9,18
42,261573,3,2,14
35,41360,3,2,20
42,200608,2,10,22
30,862754,2,9,19
39,2178216,1,5,19
45,1961890,4,22,29
42,898743,3,9,22
23,117804,5,17,17
29,16097,4,1,14
29,11884,1,2,11
35,144403,4,1,12
37,33574,4,2,21
25,2757795,-2,28,31
32,72703,4,26,32
18,785794,2,11,19
43,71139,3,5,12
27,445784,3,12,26
32,70889,4,6,13
29,56004,2,1,10
41,52504,-1,5,21
18,161872,-1,7,14
31,73531,1,2,13
31,12969,1,1,13
28,106725,3,2,15
45,727335,3,7,22
24,6604,2,1,22
38,115660,2,10,18
34,36865,4,4,10
42,27991,3,3,15
26,119127,2,13,24
26,404478,2,5,16
40,195310,4,3,12
35,55745,2,16,25
19,54215,2,3,15
27,49844,3,15,20
35,374910,1,5,20
38,23319,3,1,20
26,29253,1,7,15
18,81769,4,2,19
36,55213,3,1,10
22,4245,4,1,12
18,48511,3,2,16
18,45149,5,10,25
38,2076568,3,14,28
33,59593,1,15,18
30,28036,3,2,13
43,250738,1,8,17
37,31181,3,2,16
44,533073,3,7,23
20,1462938,1,17,23
31,28947,2,1,14
19,417360,4,33,39
30,673004,2,14,26
30,875121,4,11,24
37,1874657,3,9,23
32,76902,3,11,16
36,1669031,2,41,43
37,731152,5,11,15
49,303941,3,3,11
29,1245298,1,7,12
24,5734,3,3,23
33,244477,1,28,31
25,356602,3,18,24
43,286653,2,6,13
29,16575,1,12,21
27,51451,5,19,28
28,88585,3,2,13
37,656926,1,6,20
30,13201,3,5,18
26,1096973,-1,11,13
45,63146,3,3,28
25,35181,-1,9,22
32,40840,1,4,15
37,6147,2,1,13
18,3183,2,1,15
35,3539,3,1,16
23,6101,2,1,20
38,242750,-2,6,28
24,31761,3,8,23
37,34021,4,1,14
40,106613,3,7,19
38,416499,3,7,17
34,2073,1,1,15
30,250629,1,4,12
27,24836,4,11,18
43,31092,5,1,14
26,14237,2,1,8
23,371899,5,43,41
37,21276,2,10,20
25,782014,5,4,15
24,9965,3,7,17
20,87644,1,14,29
28,804291,1,14,21
31,58916,5,3,20
33,36998,2,5,13
39,228481,1,8,11
36,30144,1,1,18
30,60706,3,23,41
30,42939,2,4,18
36,96883,4,3,13
42,3473854,4,19,23
33,31889,2,1,13
28,5816,3,1,11
24,112796,3,9,15
20,223500,3,3,18
37,1299273,2,11,23
36,85949,4,1,14
36,137235,1,3,15
30,5874,1,2,14
43,1228005,1,10,25
28,28565,2,2,15
39,92069,2,4,12
31,593783,2,13,20
27,165767,1,19,14
36,55438,3,10,19
35,36292,3,4,15
34,16285,4,6,19
32,332624,4,9,15
31,1578885,2,16,19
51,78834,5,17,29
41,980198,3,21,26
37,579900,4,13,15
32,106538,1,1,13
40,149758,1,11,13
36,115449,3,13,14
32,52733,2,16,18
29,1669884,3,20,27
31,4284,2,5,13
18,24792,3,8,21
33,15377,3,1,12
28,12404,1,6,25
44,190244,3,5,18
32,1892766,2,26,34
22,141506,-2,18,28
31,402681,-2,12,27
23,19802,3,1,10
35,107090,2,4,16
34,45135,5,9,15
39,12404,3,1,12
25,6224,1,2,16
32,1211937,3,17,30
21,55149,3,1,22
37,6212,3,1,17
36,125681,3,6,26
35,252376,1,23,31
32,5846340,2,14,23
35,823697,4,29,26
44,80510,4,11,22
29,52493,3,4,13
33,486772,3,23,23
23,82384,2,4,13
25,143155,2,3,17
32,67839,1,4,22
40,202140,4,13,30
29,322779,3,19,18
30,68529,2,3,16
28,12556,3,4,23
27,222981,4,18,32
34,10004,3,1,11
20,11008,2,12,22
42,2426757,2,4,21
26,87174,1,3,12
37,135446,3,4,16
21,51247,4,4,16
37,880702,2,11,28
37,138819,3,21,22
35,68712,1,5,15
24,59544,4,14,28
33,316944,3,10,23
22,37080,2,3,30
29,874857,1,7,18
40,236717,3,8,18
38,84431,3,1,21
32,172352,-2,4,15
24,5561009,3,39,27
37,17363,2,8,18
32,237169,4,3,26
18,4279,4,2,22
38,35103,1,1,16
31,13850,4,4,11
41,4942,2,1,15
23,2281,3,1,19
18,18543,3,3,15
34,110584,4,7,23
34,14205,2,1,20
18,29354,1,1,14
24,7385,3,1,27
54,45141,3,2,12
29,23563,5,1,18
37,248845,1,6,13
26,147699,3,4,28
18,111416,3,3,19
30,620543,3,14,27
29,111721,5,5,20
28,29077,1,1,18
31,36561,1,2,18
34,2750291,3,28,26
30,200247,3,30,22
21,6850,3,2,10
35,7641,-1,1,20
18,538568,2,5,18
18,46767,2,5,12
37,222322,2,4,15
36,115172,3,6,12
31,130804,4,2,11
20,29028,1,1,16
26,110518,2,6,22
29,1169662,4,21,28
19,11437,1,1,18
26,187538,1,9,22
37,108114,3,4,25
43,70324,2,2,17
28,149777,4,15,29
38,102894,3,4,15
18,24374,2,7,24
37,620842,2,4,13
25,1767,1,1,18
34,542634,1,7,23
30,6576,5,4,9
42,38106,1,1,9
25,68309,2,7,23
37,39461,2,1,20
29,17289,3,1,18
30,71710,5,12,33
30,102112,2,1,19
25,541764,2,8,28
31,1121832,3,23,21
31,6183,4,1,15
33,282311,2,4,18
32,25728,2,6,12
38,7363,3,4,9
39,28632,3,7,20
23,26460,3,4,26
38,5389,2,1,19
22,15825,4,1,16
36,83457,3,10,15
36,12226,3,2,12
18,15779,2,15,16
32,503715,3,10,18
28,9705,-1,1,18
25,11562,-2,1,15
42,428226,1,2,15
26,34898,2,7,24
25,185945,2,13,12
32,103948,3,1,23
37,11154,4,2,22
30,38929,4,3,18
41,103537,4,1,8
36,179239,2,6,21
18,6976,2,5,22
27,11209,3,3,21
27,83637,4,5,17
35,4787,5,3,19
18,3945,2,3,17
52,711908,3,2,11
36,429296,3,6,21
33,790777,4,4,16
41,94267,-1,1,12
50,64177,3,1,15
38,23003,4,1,18
39,21067,3,1,21
33,759613,5,4,11
30,143625,2,2,23
28,97729,1,4,19
25,32526,3,3,13
26,145476,2,6,17
21,70414,3,10,20
31,242504,1,5,11
18,2885,5,1,13
33,21798,4,1,14
31,9711,3,1,17
33,62928,3,4,19
27,8804,1,1,18
56,913963,1,3,12
42,232455,1,17,20
22,21159,4,1,15
33,246113,3,23,37
27,105788,4,15,23
23,264336,3,14,25
21,32539,2,15,29
35,3737,4,1,18
26,4240,3,1,16
39,2790,1,1,21
39,29497,4,1,9
42,107031,4,3,16
25,104249,4,14,20
35,46428,4,2,6
37,48092,2,2,13
28,159746,4,9,19
25,9408,4,1,24
44,215439,4,3,17
33,379356,3,2,19
37,1012994,2,15,26
25,532317,2,5,18
22,29718,4,8,21
27,11852,2,1,11
31,1655212,1,21,27
23,366609,3,3,20
31,523830,2,9,27
18,93396,3,24,24
23,59357,5,5,22
37,298390,2,5,21
36,16414,2,1,15
28,38345,3,3,16
23,70588,3,15,23
23,19656,5,1,11
29,206729,-2,19,26
37,695246,2,8,22
39,15734,4,4,20
28,36663,3,6,21
22,92340,3,1,19
34,11476,4,1,11
25,43237,1,2,22
27,5816,3,3,12
42,1064801,4,19,17
38,328546,1,3,9
33,24627,3,5,20
21,10764,2,1,16
33,165522,3,10,17
40,308649,1,6,20
28,188570,3,4,12
42,154127,3,23,17
42,632719,1,17,16
45,1800070,2,8,20
34,2833488,1,20,25
36,414795,3,6,17
43,370287,2,14,12
35,1372385,3,4,18
27,114701,3,1,11
28,1143545,1,41,44
33,34740,4,1,10
21,23063,1,2,18
30,10688,4,1,12
40,81497,-1,3,10
18,30981,2,2,15
44,225420,4,7,21
40,307078,3,45,43
28,53464,3,1,20
36,1120957,2,12,25
32,6180,3,1,15
41,29891,3,1,20
39,533504,2,8,27
20,50334,2,16,19
36,9485,4,1,13
30,357419,5,3,27
32,24167,3,1,23
26,127666,4,18,26
45,52885,4,2,15
40,287381,3,4,11
26,281997,3,18,27
21,163878,1,6,21
28,556820,3,21,24
35,585202,2,20,27
33,235935,4,4,14
42,112323,3,6,9
38,21462,3,2,13
39,1743425,4,37,26
34,45498,3,2,16
20,93451,3,12,16
30,225688,-2,3,12
40,370496,4,3,21
31,11075,4,1,18
36,161630,2,6,19
29,9686,3,2,22
23,20413,4,1,22
31,86943,5,2,13
34,13010,1,2,18
26,64753,4,5,20
30,95572,3,3,16
24,28589,4,1,12
40,4468826,4,6,20
29,307939,3,12,20
43,2963,4,6,24
44,152717,2,29,24
31,25249,2,1,19
23,80097,4,13,22
18,33189,2,5,21
20,37672,4,5,18
21,75246,4,5,19
43,126201,3,3,19
32,31776,2,3,16
35,54896,3,7,16
18,17524,3,1,17
22,33515,1,7,23
39,338276,2,10,26
34,179818,2,3,10
30,10862,2,1,12
36,7534,4,1,15
45,42189,1,1,22
30,17025,3,1,17
32,21217,3,1,15
33,45628,3,1,13
51,94776,5,2,11
18,17768,3,2,11
37,1050255,3,42,46
31,165041,1,38,31
36,75742,4,1,17
26,84275,2,1,20
31,36272,1,5,21
37,12843,3,1,26
56,601406,4,5,13
38,109811,3,4,14
25,117701,3,3,16
28,368813,1,13,22
28,78777,-1,14,22
18,1076502,3,35,37
29,154720,1,2,7
37,826270,1,17,26
21,1122802,3,6,23
40,27845,3,7,23
35,567341,1,18,32
26,269575,1,22,21
30,46623,3,10,20
44,495948,4,3,21
37,98184,1,5,16
32,153026,1,7,22
30,704794,3,14,26
32,20145,3,8,15
27,508268,3,3,23
18,1310506,-1,4,13
48,119942,4,1,17
33,437198,-2,20,27
35,30845,1,1,17
31,44032,1,6,15
26,1788047,3,16,25
30,320319,4,4,18
19,274599,3,12,15
50,517349,3,13,14
22,19124,3,1,11
23,56745,2,4,18
28,3620471,2,9,24
42,113570,4,4,17
32,95883,1,6,19
22,716266,2,7,24
42,38622,5,1,15
37,26065,3,4,18
36,182006,3,1,14
37,45153,2,1,21
51,319946,1,5,16
49,29192,3,6,12
26,10780,3,1,15
44,109697,1,11,14
35,34755,4,3,19
35,329234,-1,20,17
18,57448,2,3,26
30,43850,2,1,17
25,369814,2,11,29
38,551740,3,6,14
40,11956,2,3,15
18,681345,2,3,21
31,32364,1,1,17
40,342936,2,3,18
30,326,4,1,17
37,145463,3,5,18
34,103970,3,18,19
34,142284,3,12,16
29,7083,3,1,16
22,227521,2,17,27
23,387163,1,4,7
37,334176,3,1,10
32,114921,4,11,22
30,44554,3,3,18
28,15475,4,2,12
29,80062,1,1,13
40,242056,2,5,24
29,13860,3,1,15
21,465578,1,12,27
37,91784,2,5,25
30,38165,1,4,14
32,7087,3,1,9
44,251628,4,13,26
31,101102,1,5,13
34,15049,1,4,20
22,458556,3,11,24
30,14577,2,1,15
36,23981,4,3,16
19,355526,-2,6,14
33,27359,1,4,13
32,140137,1,1,9
32,9905,3,2,16
40,510107,2,2,14
34,4479171,3,38,33
43,34510,3,3,11
24,11619,3,1,16
33,43238,4,13,23
32,322261,4,4,9
23,53814,3,4,24
39,98558,3,6,17
50,72777,5,7,19
31,1231528,4,7,24
36,8298,2,1,21
32,356866,3,13,19
26,34555,2,1,16
18,16527,2,2,20
26,12966,4,1,24
20,47082,1,11,20
45,551802,1,7,19
31,96707,3,11,16
29,750217,3,8,19
39,7871,1,1,12
23,32956,4,2,14
25,12151,1,5,19
32,20994,3,2,13
40,12515,2,1,16
36,141804,2,16,18
33,515233,2,11,26
32,52568,2,3,19
35,23804,3,11,18
33,1023332,1,7,12
23,24703,4,1,15
32,40056,2,3,17
23,128452,-2,2,19
32,109201,1,1,14
28,18645,3,2,17
52,84513,3,22,23
31,262464,1,5,16
20,125970,4,15,20
30,117981,2,1,23
36,13133,2,1,21
45,263588,2,17,27
27,33254,4,5,19
19,79150,2,18,23
38,29243,2,1,20
20,198739,3,19,32
28,15064,2,4,14
29,313258,3,1,13
31,619032,5,9,19
37,323957,3,12,21
26,974,3,1,13
29,610575,4,34,25
31,6544631,1,9,20
33,47885,2,3,21
32,2520,3,1,14
35,121651,4,3,22
38,7179,3,1,13
35,174102,3,5,24
35,2420494,3,12,22
19,47683,-1,8,24
32,37175,3,4,18
35,30293,4,1,22
37,274004,4,25,24
26,13029,2,2,16
26,33591,1,2,11
27,105471,3,8,19
36,1511980,3,11,24
40,5280820,4,33,34
28,4813454,2,27,24
39,1326001,3,19,19
32,102408,3,4,16
31,4669,1,1,13
30,916592,4,7,23
37,60717,3,1,14
34,2982,3,1,17
50,8906,1,1,17
25,4389,3,1,19
36,11363,4,5,17
27,95638,2,3,18
25,13584,5,3,12
31,113030,4,14,23
33,167633,4,8,17
55,585302,3,22,32
30,67968,2,4,17
22,330060,3,2,11
34,6403,3,1,23
18,17987,4,8,21
31,646701,3,14,23
32,18868,2,1,16
38,192040,2,16,24
39,54788,3,5,18
27,60022,-2,1,12
30,209753,2,8,19
25,76911,2,5,19
22,9936,4,1,17
34,21656,3,4,13
21,263119,1,12,25
28,637889,3,6,17
24,87536,4,2,10
36,2656345,1,21,17
46,122313,3,2,18
21,129994,4,2,20
18,4842,2,3,17
31,192501,4,17,26
32,250167,3,5,11
33,52068,3,9,20
28,289867,2,29,30
30,518288,4,12,27
34,89603,3,1,14
40,64811,4,12,17
18,148766,3,11,26
29,13248,3,2,18
33,23607,3,3,17
24,15401,3,9,21
45,93910,3,2,14
26,4698,1,1,12
31,192568,3,9,28
36,2314073,3,17,26
27,62989,3,1,9
18,28379,3,4,20
28,882695,1,7,24
40,355517,1,9,21
29,208338,1,44,39
25,69718,3,9,19
39,980249,2,7,14
29,323406,1,36,39
27,7634,3,1,15
33,69717,3,1,13
38,61139,4,6,23
51,63376,4,3,16
38,8827,4,1,17
41,6420,4,2,21
27,27867,4,8,19
23,1574024,3,17,26
32,13192,1,1,12
32,11389,-2,6,15
23,165634,4,2,17
30,1173563,1,8,14
35,349711,4,6,15
34,481821,1,20,22
36,24142,1,1,14
34,117957,3,5,19
27,107445,3,1,15
27,61658,-2,6,10
22,121326,3,15,27
46,1459441,2,19,22
32,455235,4,4,14
30,325386,4,13,13
24,89425,4,2,11
55,45778,3,1,19
23,221913,4,15,18
28,9857,2,1,16
35,5008,3,1,7
36,47820,2,3,15
39,37196,2,3,24
46,56207,4,1,15
36,1494308,3,13,20
23,136253,4,4,14
29,44168,4,5,16
34,148861,2,2,17
48,95198,4,5,16
20,663974,1,11,12
41,128688,1,18,17
33,2181981,2,28,23
38,206537,4,4,14
31,577304,4,36,38
25,63152,3,2,22
38,100003,4,1,21
37,251722,3,11,18
39,24189,4,1,14
31,22009,3,1,10
27,142845,5,20,27
19,543655,2,12,27
38,113702,2,1,14
35,269254,-2,12,23
24,420990,2,14,22
27,3213855,3,18,22
28,49197,3,6,14
20,277348,4,9,20
25,111035,2,11,16
22,58613,4,9,20
28,321541,4,8,15
26,53438,3,6,20
18,194659,5,5,18
48,1928426,1,44,37
42,209696,5,3,9
25,245962,2,1,12
34,1046495,1,11,23
35,60035,3,1,22
41,439891,3,6,19
25,4657,2,1,14
40,154207,3,7,17
27,1384376,2,23,26
21,296242,1,10,18
37,69064,4,1,17
42,3415593,2,28,27
52,47202,1,2,15
22,2392,2,4,18
37,1914137,1,5,16
28,338206,1,37,28
38,8425,3,1,9
20,574574,2,9,19
21,108472,3,3,16
25,116455,3,1,19
32,361871,1,21,22
26,194543,3,7,25
37,371996,3,11,24
40,1434262,3,2,11
36,1098656,2,11,22
44,377151,1,14,22
35,10295,3,4,13
22,5132,3,6,22
42,1258339,1,28,40
27,335394,4,15,18
39,195699,2,4,18
44,15829,2,8,16
35,88398,2,12,27
20,11871,4,1,12
24,795368,4,7,16
42,1029059,4,33,33
30,2272715,4,23,29
32,80923,2,14,27
38,51286,3,1,15
37,958956,2,40,37
34,582162,2,7,22
30,20927,1,2,16
29,1995030,3,8,23
38,414749,4,15,26
36,11078,3,1,18
29,182623,2,19,22
40,315884,3,20,22
30,20799,3,1,18
25,230859,3,18,24
25,171855,2,23,29
24,58177,1,1,16
29,1130,1,2,17
41,47759,5,3,24
25,16134,4,3,16
33,77584,2,11,20
26,80386,2,3,7
29,521135,2,25,26
19,196391,3,42,38
30,416789,1,3,15
30,196758,4,5,18
36,1397502,4,6,16
33,470100,3,6,11
22,6269,4,3,24
40,271598,3,1,15
33,46538,1,1,14
33,189015,3,1,9
31,435988,3,18,26
27,36969,3,2,14
33,55985,2,1,21
35,228846,2,7,22
18,30674,4,1,19
27,271106,4,1,14
29,5954,4,7,18
34,496263,3,7,19
41,9115,3,1,23
25,1187,4,4,18
28,198369,5,4,15
27,223770,2,6,16
25,753927,-2,10,14
29,41622,3,2,15
38,228619,4,4,25
23,155191,3,12,20
35,1097305,4,20,19
18,523889,-1,17,23
27,338069,4,5,18
29,35134,2,5,22
45,185691,4,6,23
29,399301,4,16,24
18,22283,2,14,18
18,33576,-1,2,15
32,2319,1,1,13
36,191837,4,3,15
35,73787,4,2,15
33,49757,4,24,37
41,8880,2,2,13
27,2393,1,1,11
39,397104,1,18,23
18,118191,1,1,20
24,11674,3,2,17
18,102754,2,4,16
29,426709,4,7,21
31,289984,2,3,15
32,132208,3,5,22
32,5718,4,1,17
24,218353,5,6,22
30,23426,4,4,18
20,1765312,2,15,11
42,453289,3,4,17
29,137022,2,4,17
28,345340,3,7,13
44,49542,2,1,20
22,12855,2,1,16
22,436579,3,12,15
23,39848,1,2,14
31,1226007,2,9,16
35,11613,2,1,8
37,797964,3,13,17
52,273638,3,35,34
18,7720,2,3,25
36,19544,4,5,16
27,87385,3,4,14
27,239288,4,17,19
27,73390,3,1,15
24,87576,2,8,17
45,318578,2,8,18
38,11042,2,3,21
32,40351,4,1,22
42,24094,4,2,17
19,57335,1,12,20
21,33526,4,1,13
18,35347,4,6,26
26,3252,3,2,11
33,189699,3,2,25
32,68031,4,5,15
33,59169,3,18,18
20,14701,-1,7,23
38,168376,5,12,23
33,921074,2,7,13
37,32624,3,9,14
18,21392,3,4,14
34,864786,3,20,22
22,97155,2,5,15
28,105169,3,6,14
36,92470,4,5,17
32,903892,1,3,25
25,8510,2,2,12
32,18705,5,1,18
19,404743,4,10,22
41,17003,5,2,10
30,48567,3,3,16
40,1338989,3,20,30
27,533816,1,6,19
27,12764,2,1,16
25,2312536,3,12,14
39,56714,1,2,17
26,368275,2,6,19
37,596516,2,5,18
28,100626,-1,2,21
18,13329,3,1,18
27,2977,3,1,11
22,343942,3,1,15
32,15518,1,2,10
22,1376961,4,47,34
39,295054,4,4,12
31,585551,3,15,21
30,3084852,4,6,15
37,225865,4,8,25
39,29739,2,1,26
31,257652,2,2,14
25,141589,1,5,18
18,324265,3,17,19
26,33672,3,1,13
27,301973,1,5,22
32,63685,3,1,18
29,65757,4,4,14
37,25524,3,7,22
27,8944,3,10,24
31,3662,3,1,19
41,29877,2,1,16
34,3961,3,5,20
31,1078413,2,49,39
27,117412,3,3,20
26,149012,3,4,16
25,195383,2,4,14
27,78702,2,1,15
38,723037,5,11,36
30,36172,1,2,15
21,211338,3,9,20
46,35988,3,5,15
34,184075,1,7,24
20,996,1,1,8
28,2443863,4,17,26
32,25383,3,2,9
45,64146,1,8,10
23,117660,2,12,21
39,645768,2,6,10
43,10640,3,3,29
26,541347,2,30,27
29,103170,4,2,17
23,5015702,2,23,25
30,25452,3,1,14
31,39205,3,3,17
37,151813,1,1,13
40,69859,2,1,21
26,138625,3,2,12
18,3123,1,1,13
31,2118097,4,34,38
34,99929,2,11,17
33,6962,4,1,13
29,80409,3,2,17
32,233206,1,8,20
44,89725,3,4,14
35,2602063,3,14,23
29,64222,3,5,17
27,154296,3,8,24
30,134074,3,7,27
45,199231,3,8,12
30,246972,1,2,14
31,22919,5,3,19
28,10785,3,1,16
40,22342,4,7,21
47,1278026,2,4,18
35,99358,2,11,21
32,15905,5,1,19
32,56670,4,4,19
18,55401,4,1,11
37,310492,2,7,17
33,150440,3,15,26
35,181599,2,11,15
26,106948,3,23,18
28,1102384,5,28,34
28,1366612,2,11,8
40,39801,3,2,10
28,57190,2,1,14
48,39785,1,4,16
35,71608,5,40,24
21,120650,-2,4,21
30,446122,5,1,20
26,1471680,3,23,30
18,36514,2,3,19
44,157811,3,9,29
37,3163212,1,12,22
36,269805,2,14,17
33,172847,1,13,18
20,259853,1,14,14
28,69043,3,8,19
38,187310,2,4,10
23,654685,4,8,19
18,862989,2,14,28
30,101485,4,3,12
30,38057,3,2,22
33,192996,2,3,9
37,57836,1,6,22
37,64828,-1,1,14
34,376011,5,12,21
41,60077,2,1,20
19,52092,3,1,16
36,77652,3,1,16
37,158275,-2,6,23
22,7166,2,2,18
19,18211,1,3,21
26,35815,4,21,31
26,189617,3,15,18
38,23162,2,15,30
27,383592,4,6,14
25,769962,1,16,22
27,270009,3,12,19
40,506392,1,24,28
32,26151,3,1,16
30,793,3,1,13
31,53747,3,1,21
42,575069,3,21,27
26,575048,3,7,12
42,170732,4,4,22
33,220019,1,5,19
30,604021,4,14,32
52,260548,-2,21,20
23,155214,2,10,13
29,344071,3,11,27
22,13910,2,3,17
39,83444,3,5,21
45,323032,3,17,13
45,337402,2,12,19
41,4847765,2,9,16
30,18046,3,1,16
29,11828,3,1,17
18,16650,2,1,21
48,727348,3,6,18
35,792507,4,6,22
28,7604671,1,22,35
42,258219,4,9,25
24,115177,1,2,13
35,9454,3,1,24
30,261735,4,15,27
37,41974,2,4,18
31,470553,3,8,17
20,125660,1,6,13
32,34982,3,1,17
40,14489,3,1,12
31,222038,3,3,21
38,4453,2,3,20
23,157657,1,8,26
31,187707,3,8,19
27,63645,2,27,50
37,792793,2,15,24
32,108303,4,5,21
37,130718,3,5,26
40,2351127,1,8,23
37,59052,3,1,13
34,6168888,3,72,52
24,874051,1,5,15
31,914416,3,19,30
27,382093,4,27,27
29,5588,3,6,13
29,10447,5,1,16
24,49487,2,6,20
18,217750,3,7,13
26,135706,1,12,23
33,26212,5,1,15
21,16591,2,5,13
32,264771,4,20,25
47,477419,3,37,31
40,7198,4,1,18
45,400464,5,16,16
35,9654,2,1,16
41,10945690,4,14,26
26,109065,4,2,10
26,3062545,3,25,31
18,210096,3,9,23
41,151374,3,4,24
44,15925,3,2,20
27,621832,2,2,14
29,157956,3,9,31
25,290739,2,18,33
35,148360,2,11,32
40,418723,3,14,21
18,1320631,3,12,19
35,4422357,3,30,34
29,88768,3,11,21
32,5223,2,1,23
35,1427733,1,12,26
30,1244921,3,3,15
31,1204421,3,43,37
30,340350,1,3,13
39,9182,3,2,21
35,24227,2,2,10
33,79398,1,8,17
21,32798,1,1,19
28,129076,3,24,33
39,70971,4,2,16
32,115163,4,2,15
37,9133,1,1,20
46,74626,2,2,12
40,21417,2,4,12
32,242472,4,3,18
27,198791,4,2,12
18,30876,5,1,13
30,30794,3,2,17
29,217127,1,12,14
35,4996,4,4,20
30,57715,1,2,13
29,99118,4,2,12
18,451296,3,6,20
24,24943,5,2,12
35,193612,2,7,16
45,4570426,3,36,39
31,157956,-1,1,12
34,15793,3,1,18
39,19075,1,1,16
25,56799,1,4,17
34,11294,3,1,9
26,194914,2,5,17
38,603770,5,21,26
33,18295,2,1,10
34,107692,3,3,11
25,234660,2,11,24
37,20455,2,1,8
48,16038,4,1,5
23,305321,4,7,21
29,20177,2,1,25
33,52381,1,12,35
38,30261,2,1,15
27,443889,4,5,19
18,24873,3,10,20
42,156216,4,2,12
38,14881,4,1,19
18,26829,4,1,14
27,1512055,3,15,17
44,22858,2,9,23
43,13643,3,1,14
39,792834,2,10,23
30,269772,4,9,16
32,825275,2,48,43
30,281787,3,3,14
41,36678,1,16,27
24,283755,4,4,16
25,1604664,2,18,25
40,26621,5,1,9
31,70150,3,1,17
43,2428182,2,15,22
26,127494,1,13,23
31,58970,5,2,9
24,757032,2,7,20
32,172565,3,3,13
20,15315,2,1,22
28,215317,2,1,15
20,17588,3,1,13
37,1499818,2,7,18
37,16080,3,2,17
18,24010,3,1,11
42,304523,2,22,35
51,58964,2,1,11
32,154505,3,8,15
26,3328685,1,17,28
54,20451,3,1,15
21,5292,3,1,24
32,89672,2,6,21
33,254008,2,5,16
42,193716,2,5,20
34,30145,4,6,20
28,1597198,2,23,27
24,90626,4,1,12
29,50749,1,11,17
23,18618,2,2,20
32,82587,4,3,20
27,17627,3,1,18
20,150381,1,4,15
42,3939778,3,13,19
28,4220,1,1,11
21,442204,1,2,15
30,17170,3,3,15
32,57600,4,1,17
18,35922,2,11,27
34,567470,3,12,26
23,45344,2,14,29
45,49898,3,7,23
36,117928,1,5,27
28,31302,1,2,23
26,144765,3,8,21
31,241521,1,4,9
36,880689,3,28,32
31,2655038,4,27,28
30,144745,2,18,26
32,19999,4,3,22
27,54459,3,3,9
29,50160,-2,15,15
18,57658,4,10,11
39,478860,1,9,20
34,35000,3,2,18
25,418305,3,14,23
47,411043,5,6,24
32,38103,3,4,13
23,68891,3,16,21
38,9762,5,4,10
35,136760,2,8,21
35,322776,4,5,20
28,838131,1,7,16
35,33514,3,1,17
29,415673,3,4,23
36,190201,2,6,11
18,37920,3,5,16
28,96040,3,15,23
45,3047,2,2,18
25,491843,3,17,27
27,50033,3,4,10
28,952331,1,9,15
22,4266,2,1,14
18,245881,5,1,12
30,217623,1,11,20
33,8715,1,1,14
31,695734,4,27,20
30,16359,4,1,16
32,331034,5,18,26
40,89801,4,5,17
30,22969,2,6,22
27,12696,3,1,12
29,435639,2,3,21
36,11598,4,1,19
43,25482,3,5,17
26,45086,3,6,9
32,269726,3,9,19
34,171560,1,16,21
24,23825,3,5,15
32,30688,2,2,13
20,201549,1,3,16
18,720888,2,15,33
34,286369,-2,1,15
28,59033,3,7,20
33,18945,3,1,17
31,165518,1,2,10
24,149214,2,7,23
31,34463,2,4,14
22,64991,3,5,18
43,429161,3,8,24
21,4647,4,2,19
30,36614,4,2,18
23,75394,3,9,22
36,1134393,4,6,27
29,15405,3,1,20
27,81314,5,8,14
38,59847,1,7,20
32,69456,1,1,12
36,19942,2,11,18
24,50590,1,5,15
20,217032,1,1,10
32,171343,2,6,21
29,93885,1,7,17
37,63022,3,20,22
31,547848,4,10,16
33,43914,-1,2,13
19,5127,3,1,22
47,783197,2,15,25
30,113714,3,14,17
37,14816,3,1,16
25,1360,1,1,13
34,17507,4,9,18
21,490906,2,10,24
35,52164,3,1,15
29,337444,3,8,25
32,13191,4,2,11
37,166989,2,2,18
22,51271,3,3,16
26,635678,4,5,11
35,212223,2,13,22
48,88734,3,5,19
30,55587,3,2,18
36,1566394,5,17,27
31,12783,5,1,21
47,334802,3,12,23
18,50004,3,12,31
32,73572,2,2,13
18,24496,2,1,13
18,166474,3,16,18
34,46601,3,6,18
33,23967,3,1,24
29,5702764,4,17,33
31,38428,4,3,13
56,43826,2,3,16
29,298179,3,8,26
36,64809,4,8,21
26,22073,4,3,17
34,4754,1,1,21
30,78951,3,6,26
28,37951,4,7,16
46,128639,2,15,20
41,74056,3,5,13
33,12474,1,8,22
18,12028,4,1,13
29,290504,4,17,20
53,48924,4,3,12
30,647145,3,8,17
40,989390,2,19,26
43,81396,2,13,20
33,366868,2,8,13
25,1154739,2,9,19
18,79152,1,20,23
37,428266,3,13,21
25,61358,2,7,16
33,874250,1,8,19
22,5674,3,1,10
29,27100,3,5,16
32,264742,3,2,15
34,380339,2,4,13
23,70828,3,8,12
41,23302,3,1,13
27,17063,3,1,17
18,3943,3,4,26
31,100400,4,3,21
32,69546,3,4,16
33,224995,1,21,23
42,574298,4,9,14
30,33473,2,3,13
31,39619,2,1,10
23,852660,1,7,32
38,196121,2,8,12
33,13812,3,5,13
28,28589,4,1,20
18,23037,2,1,13
43,152693,3,2,18
22,1259290,2,4,12
27,184855,3,12,23
34,505976,2,15,17
22,23257,1,4,10
20,355962,3,12,17
18,1329760,5,40,40
37,215200,3,10,16
27,158772,3,10,21
55,416915,2,19,27
24,53116,3,3,13
24,2091,4,1,19
27,627178,3,34,36
33,170035,2,5,22
28,12609,2,12,21
36,147270,3,13,12
24,36234,1,4,16
20,1313164,2,6,21
18,14761,2,6,22
18,12469,1,1,13
27,7650,1,1,15
29,31511,3,6,19
26,4731,1,1,18
41,134116,3,3,14
41,2717,5,1,15
29,712693,3,9,14
18,748057,4,16,22
27,109618,1,6,11
27,329553,3,4,25
26,37280895,3,45,42
26,35472,2,1,14
26,10431,1,2,18
28,318423,3,2,10
26,25004,4,3,8
33,503824,2,2,17
34,36322,4,2,9
24,186272,4,2,13
42,166635,4,5,15
24,484833,4,3,14
19,76080,3,8,22
35,2444772,4,5,17
25,33903,4,1,13
34,239469,3,13,24
18,256455,4,5,20
43,7771,4,1,21
37,127969,2,1,12
19,56301,2,12,24
20,215788,4,9,20
45,220962,2,5,20
26,53000,5,2,20
25,201528,3,4,12
18,26744,1,8,15
29,495629,2,16,17
30,7288,4,6,12
37,131247,2,2,17
20,101798,2,1,12
19,25140,2,1,21
35,38813,2,8,18
40,81295,2,1,20
19,39990,2,5,10
40,298693,4,9,13
32,91057,3,2,11
40,411001,2,8,22
31,878016,4,6,21
18,31787,3,4,19
30,738752,3,18,20
40,871531,3,9,14
24,73431,2,3,14
28,151848,3,13,23
30,344033,2,10,13
18,61929,3,12,19
45,145199,4,8,21
24,7656,3,3,15
36,30832,3,3,12
31,86415,3,8,15
42,8185,2,1,18
35,1298547,5,13,26
30,339257,3,3,13
24,677532,2,7,19
38,159637,3,5,18
18,79243,4,5,16
37,699454,4,10,21
23,163324,4,7,15
42,61854,2,2,17
33,944,2,1,17
37,1156823,4,14,16
32,958526,3,17,21
18,6623,4,1,19
25,70982,2,2,25
37,82345,3,2,14
33,317849,3,22,24
41,25605,3,1,23
35,7957,3,1,18
24,154176,3,1,12
25,1076811,2,10,22
32,213379,5,17,27
18,84059,3,3,15
45,55879,4,1,15
35,122933,1,7,20
41,38696,2,1,11
19,74699,2,1,17
41,1750531,3,17,27
49,10507542,2,16,19
21,865975,4,29,29
38,150350,1,5,17
32,157054,3,2,14
19,235510,2,11,17
35,9912,1,1,16
38,13169,3,2,16
27,654,-2,2,13
41,1932208,4,24,45
18,9338,2,10,29
20,6958,5,1,16
33,28407,4,1,22
32,317287,2,14,28
26,5274405,4,12,16
38,43593,2,8,14
36,489323,1,1,18
38,698932,4,5,22
31,694633,4,7,20
36,3149854,3,21,33
28,21667,3,1,15
48,25904,2,5,17
25,37097,4,1,18
48,27068,4,4,10
32,17681,2,1,20
20,169970,3,14,26
42,17872,4,2,12
33,165971,4,4,24
38,103166,4,4,15
41,871587,2,16,30
34,217528,4,11,27
27,23269,3,1,20
39,13799,1,1,15
32,48884,3,6,28
37,110866,4,4,18
18,8365,4,2,12
35,2555627,4,12,12
26,1278,1,1,21
45,9579980,2,29,27
36,47893,4,1,17
33,14490,4,1,9
35,34861,3,2,16
24,219966,1,5,12
44,31304,4,1,17
47,573658,2,10,25
35,219689,4,3,19
44,44652,3,1,17
27,1889063,3,16,19
25,877112,3,23,21
32,44706,3,7,27
35,42866,1,13,26
28,51527,3,1,13
36,69903,3,2,7
34,1008567,3,3,22
24,435110,3,25,27
36,261226,1,5,17
38,84704,2,1,18
33,148133,2,3,20
41,91770,2,1,13
22,14984,1,2,18
35,41314,2,4,13
22,42848,2,3,25
23,1472,3,1,23
26,12714,3,1,17
24,36253,1,6,27
27,441615,1,9,21
30,77604,3,4,15
38,78844,3,10,20
29,64283,2,1,11
19,22081,3,1,9
41,1051425,2,14,24
25,124634,1,3,26
31,186140,1,4,17
35,149733,1,23,26
33,494443,2,4,16
40,114812,4,1,13
35,860327,4,22,33
25,28256,4,1,23
49,1065764,3,8,10
33,51194,2,3,12
30,19948,1,5,21
39,130895,2,6,11
33,160087,3,4,17
35,211600,2,11,26
51,3402139,2,21,24
29,6320,4,1,15
29,88295,2,12,24
32,3745,2,1,16
40,44607,2,1,14
19,51268,1,24,35
18,81374,3,5,25
27,4352,3,1,26
18,63272,3,6,17
28,223114,3,2,9
36,585196,4,4,19
24,161531,2,7,16
20,22119,2,16,19
32,149541,2,1,7
38,31604,2,1,12
18,17945,4,1,16
38,59743,1,1,12
38,87260,1,23,24
39,340207,4,22,34
41,270323,2,11,16
49,374347,3,8,21
29,83691,3,15,23
32,19724,4,1,22
28,27768,3,1,12
32,591586,2,3,21
44,929957,4,14,21
21,24129,3,5,24
25,26344,4,5,15
43,225225,2,2,9
40,299826,1,8,16
29,131201,1,17,20
38,1480360,3,3,21
34,42682,2,7,23
44,1175099,1,3,17
32,133696,4,12,25
40,77747,4,5,21
53,5840,2,3,15
36,338650,1,4,20
32,5187,2,1,11
37,327539,3,16,23
29,6786220,3,25,25
51,51065,3,5,11
33,32327,4,2,13
29,120832,4,8,14
25,103875,5,4,15
40,72146,2,2,16
38,19547,4,1,18
28,1930189,3,17,26
36,1016516,1,12,21
19,35536,3,14,28
33,455364,2,4,10
35,58059,1,11,20
45,167055,2,6,25
25,14901,3,3,26
21,15666,2,14,24
24,181189,3,53,50
21,113114,4,18,22
42,669443,3,11,26
44,522633,5,11,12
34,627003,2,8,14
41,837276,4,15,20
33,78337,5,5,21
31,46390,3,1,22
29,35073,2,11,29
29,78602,2,20,18
19,185148,3,3,14
34,2350727,3,12,26
31,9946,3,2,17
37,7712426,4,22,27
32,483137,3,9,19
30,134663,2,6,21
25,43034,4,12,30
32,881326,4,13,19
37,90968,3,17,28
22,319270,2,18,25
32,2765,3,1,13
33,2771,3,1,19
26,488237,1,13,25
27,461797,5,23,32
33,105057,3,2,18
22,23869,2,1,10
34,260896,3,3,13
24,43879,4,3,26
40,166456,1,11,16
50,18582,2,1,20
25,1234,4,1,17
36,916650,1,17,29
26,117641,3,1,17
40,7379566,3,11,11
21,26771,5,3,25
35,143763,3,8,16
25,1730,5,1,16
30,168767,1,2,11
23,256082,2,4,19
38,3218735,2,15,22
25,53260,1,6,19
36,62994,5,1,23
29,213794,5,12,24
31,133736,1,1,19
33,799281,3,21,27
25,5153,1,1,16
33,56955,1,5,18
44,2574,3,1,11
25,39616,4,6,22
41,53248,3,5,17
43,49431,1,4,14
25,24320,4,1,26
20,389872,4,16,25
34,367151,3,12,16
27,207311,3,8,24
46,357630,3,6,19
32,80346,3,9,19
25,21835,4,1,9
22,782890,4,21,27
40,32783,4,2,23
27,193120,2,8,16
32,75563,3,7,13
39,450291,3,8,16
28,903282,3,16,25
31,183854,4,2,15
31,539185,4,11,26
37,410783,5,7,22
36,67994,2,1,21
30,23900,4,4,20
32,137416,5,14,26
29,26180,4,3,15
20,858186,1,5,14
34,81384,4,5,17
47,405962,4,7,18
24,32078,2,17,23
25,8411,3,1,7
25,184765,1,5,15
37,4313,3,4,9
35,94516,2,2,10
30,110325,3,20,29
24,11167,3,1,10
32,65963,4,1,14
19,80531,3,10,23
33,38922,4,2,16
38,70243,4,10,14
21,226078,1,14,24
19,48518,4,2,15
44,7891,2,1,17
27,51396,2,1,13
41,8410,3,1,15
30,8391,3,2,23
30,1752029,5,16,22
35,217054,3,11,14
24,7254,3,1,17
33,935948,4,16,17
28,2811,2,1,14
21,314371,-1,8,16
34,43536,2,1,23
29,191578,3,1,19
30,158862,4,11,16
22,76501,3,5,20
44,275237,4,7,13
39,171256,2,4,20
39,33934,1,1,14
29,450759,4,10,14
18,11509,2,13,21
47,7262,3,1,13
31,10772,3,3,16
26,169168,5,6,8
35,173095,3,7,15
41,23163,4,6,10
31,258822,3,9,18
42,870601,1,27,31
40,4234,3,3,12
23,200558,3,6,17
26,58415,5,9,16
39,544828,3,7,17
18,5050,3,3,10
30,303523,3,7,20
20,252155,3,8,13
28,300560,3,7,14
29,36757,3,1,14
29,60467,4,5,18
27,37463,-2,17,24
23,125957,2,16,28
50,335481,4,11,22
46,167880,4,9,18
22,3175,3,1,15
44,269480,2,4,14
28,6464,3,1,10
33,2216521,2,13,20
31,79625,3,2,9
26,712473,2,11,20
39,1368976,1,13,28
33,6858809,2,17,28
28,182439,4,11,30
21,50096,1,6,20
24,89720,1,7,13
18,481713,2,3,17
32,6836,3,1,20
22,9296,1,1,17
29,26579,3,1,11
42,466183,3,21,22
41,21291,3,1,10
31,80240,4,10,14
31,12304,3,1,24
47,772351,1,29,31
36,33141,3,3,19
29,306157,2,4,14
20,95542,3,4,14
35,147573,5,13,21
38,14868,2,1,20
26,359278,4,14,17
34,62608,3,8,18
29,56387,4,1,14
30,46046,4,1,10
18,1651932,3,11,17
30,33669,2,1,19
39,75434,5,17,30
26,11392,4,1,7
32,168166,5,7,25
25,305416,5,9,16
34,86544,3,8,30
30,43809,1,3,20
24,1739636,-1,16,24
42,174703,1,11,20
39,1006594,3,5,21
27,58066,3,7,13
35,154343,3,6,18
36,179271,1,23,18
37,498448,4,18,23
18,73179,3,2,21
40,25443,-1,2,17
27,1720073,1,31,32
29,31951,3,2,13
53,826493,3,24,30
34,22775,3,8,20
28,52184,4,1,14
18,43542,3,3,15
43,886691,3,5,22
21,652337,3,14,21
23,22134,3,3,12
29,174006,3,2,20
43,1300809,4,20,31
38,111773,3,1,9
30,56844,3,6,17
34,289867,3,5,15
27,48748,5,1,16
33,4177,3,1,18
32,487834,2,3,20
39,4969,2,1,9
39,35066,1,5,18
35,4586,1,7,18
29,529752,4,9,20
37,16706,3,6,23
31,10755,1,3,17
23,18220,4,1,10
28,50367,3,2,8
32,50464,1,4,13
39,118604,3,20,18
30,23436,2,1,9
22,148842,2,4,17
32,618318,3,10,25
32,2560401,3,9,18
33,316511,3,26,26
39,4117,2,1,13
40,38681,3,1,15
27,103103,5,3,10
27,13255,5,1,11
23,48999,5,6,18
37,29820,3,18,29
43,71715,1,9,15
29,26016,3,1,18
30,18746,3,1,13
43,2420272,5,19,35
36,201758,2,5,19
35,967470,5,20,27
22,500694,1,10,25
37,1639799,2,40,33
24,220490,3,16,23
22,2438,3,4,19
29,33351,2,11,38
27,47898,2,5,16
30,23402,2,2,14
20,4366,5,2,17
39,410727,3,4,13
41,13888,4,1,18
18,25029,2,1,16
39,21037,2,5,15
25,77527,3,24,26
38,70767,4,6,21
31,88207,4,4,15
32,274258,2,2,17
30,22512,1,1,23
41,185677,2,8,11
22,123177,2,15,21
36,97621,3,4,13
40,311181,3,6,16
37,278080,2,9,16
50,27832,4,1,12
27,203076,3,3,21
39,370324,3,10,25
31,75393,4,9,23
41,24073,1,1,12
31,20965,3,2,12
28,560603,3,9,15
42,75432,3,2,18
28,1682237,3,13,17
20,2743,3,1,12
27,15876,3,1,18
36,11155,3,2,15
43,126809,3,20,25
32,50623,3,12,20
42,1000119,3,17,29
21,24949,3,4,16
28,417625,4,13,22
29,1287386,4,15,15
31,104772,1,4,20
32,236241,1,41,36
37,153966,2,15,25
28,1053588,1,29,34
33,71951,3,16,27
31,114550,1,11,21
24,2146307,4,23,25
31,120317,3,4,20
30,379688,2,12,29
30,1196,2,1,15
32,652757,2,10,20
32,9805269,4,12,24
28,1005361,4,10,28
42,294824,3,15,20
22,411859,2,4,13
26,165367,3,6,21
54,57785,3,1,14
23,14509,3,1,18
21,37508,1,8,17
37,8083,3,6,14
18,17151,4,1,18
30,28007,3,2,21
49,95757,3,3,15
19,185092,5,10,26
18,85127,3,7,19
20,9149,3,1,14
39,1553282,2,11,18
40,86689,2,2,12
27,88722,3,8,21
37,22993,3,1,13
43,2493423,3,49,43
46,14736,1,1,13
30,342212,3,10,17
18,272864,3,6,16
25,7404,1,1,22
28,12022,1,1,16
29,42513,2,3,18
30,699890,3,12,20
40,7122,2,1,16
42,112621,2,9,21
30,23263,1,8,18
40,69442,2,2,12
34,93767,3,1,9
32,625991,2,19,18
39,427564,4,2,12
32,2911,4,1,10
48,485967,2,9,15
20,16455,-1,1,17
27,962972,2,5,25
30,159284,3,1,15
35,318100,1,39,26
42,63410,3,4,18
31,29792,2,56,43
20,10740,2,3,11
38,8664,2,3,19
38,89333,4,19,26
18,571898,2,3,17
31,11274,5,4,21
19,5599,1,1,19
26,265067,3,24,30
24,602849,4,1,23
38,136076,1,11,18
32,527536,2,6,13
21,8228,3,1,11
39,3081,4,1,24
20,2642345,4,21,30
34,647281,4,10,16
25,51846,2,9,10
29,881708,1,4,22
36,8796,3,2,13
36,252266,2,9,16
42,123371,2,7,13
31,727684,4,10,25
34,318645,3,3,18
28,1266633,4,34,33
33,5661,3,1,13
35,25651,2,1,16
31,179198,1,19,31
18,643946,1,8,15
34,15112,2,3,12
34,2484181,3,11,24
26,125035,-1,4,25
21,4428,2,1,18
43,194132,4,8,21
35,28354,4,2,13
30,33515,2,1,10
22,72617,2,2,19
25,829696,3,5,24
42,23792,2,1,17
33,1532589,3,17,23
27,163214,4,6,17
36,31889,3,2,15
25,59322,2,9,30
44,2204862,-1,13,18
42,997072,3,7,15
28,86962,3,1,14
26,445052,3,1,21
18,578537,4,15,30
20,59126,3,2,19
21,102029,2,1,14
33,2317492,1,8,14
29,16004,3,1,15
21,387205,4,37,26
29,125677,4,16,23
36,281638,1,7,20
36,813950,-1,14,29
18,10675,2,5,16
30,623736,3,12,23
20,30956,3,8,21
39,17545,3,1,13
38,2974936,3,23,24
24,141686,2,15,19
25,29694,1,24,36
28,650920,1,10,20
18,68305,2,4,10
34,112290,3,1,17
29,54343,3,1,13
39,4090,3,1,15
23,32322,3,1,14
27,781899,3,6,28
19,414808,1,9,23
23,72556,2,3,17
22,118862,4,6,21
39,33862,3,3,17
26,232267,1,9,23
32,2814806,2,35,34
28,351135,2,9,19
21,11827,2,1,12
30,87269,5,5,11
36,73595,3,11,12
22,173873,2,6,24
38,501134,4,24,39
25,23226,3,1,14
28,424118,4,2,17
36,41009,3,1,16
26,324117,4,11,23
32,270807,-1,5,20
29,36666,1,1,10
33,7656,4,2,16
18,33816,1,5,13
18,444031,1,44,40
36,24729,2,3,12
40,24246,4,1,24
24,20728,3,5,17
