Segment,Balance,logBalance,NumProducts,DigitalUsage,Tenure,FeeIncrease,Complaints,Delinquency_30d,CreditUtilization,InterestRateDiff,Churn
MidValue,3516.3179744782237,8.165454039100352,4,0,97,0,2,0,0.08302659635121501,0.6349502985399237,0
LowValue,4448.320022798175,8.400506559619007,2,1,14,1,1,0,0.3625651026663531,1.0770138292835107,0
MidValue,6931.887891933873,8.844031728601722,1,0,61,0,0,1,0.3255999752962474,1.2286407934203174,0
HighValue,5290.961628698919,8.573944274395808,3,0,8,0,0,0,0.20343939678346276,0.5412040122107001,0
MidValue,6380.346349459785,8.761134380636959,3,1,8,0,0,0,0.7118377616812234,0.8987351724122168,0
MidValue,5865.655686885877,8.677040020802838,3,0,117,0,0,0,0.44914037212136704,0.6404063110600258,0
MidValue,4045.304530443529,8.305559281935192,1,1,88,0,0,0,0.03337179292164341,0.17292953386964788,0
LowValue,5812.92833061544,8.668011754007315,3,0,38,0,0,0,0.1810455073320058,0.5275858681143643,0
MidValue,4525.106823251276,8.417617428047365,1,1,71,0,1,0,0.26991592658385066,0.366883447489881,0
MidValue,4516.41632576156,8.415695500050585,4,1,23,0,0,0,0.26443042962425045,0.40943348493742127,0
MidValue,5145.750978005686,8.546120916513335,4,1,9,1,0,0,0.705907632035582,0.48380762422161766,0
LowValue,2711.104390221573,7.905480140289096,1,0,2,1,0,0,0.40543720305388226,0.11539594842682938,0
HighValue,6788.249156152488,8.823095633606492,3,1,104,1,0,0,0.24318063002328472,0.2830503279048405,0
MidValue,3993.3654872388356,8.292640018862379,3,1,11,0,0,0,0.4600234745635008,0.6972741870563106,0
MidValue,6500.40412948919,8.7797734524762,1,1,43,1,0,0,0.2989070913291329,0.0,0
LowValue,5204.481685779676,8.557467519664392,2,1,102,0,0,0,0.3071229604033099,0.8053799962133716,0
LowValue,7298.049619443194,8.895499429543774,2,1,117,0,0,0,0.8036128265625505,0.6821624478589017,0
MidValue,4010.045879312269,8.296807304077177,1,1,63,0,1,0,0.40882086673291457,0.25920670994787065,0
MidValue,4532.307715295124,8.419207132002226,2,1,93,0,0,0,0.12393863554265117,0.7576034807707315,0
HighValue,5506.653689838239,8.61389398384107,1,0,31,1,0,0,0.030675902535483433,0.5874422534670857,0
HighValue,1688.7933527002938,7.432361523932036,3,0,99,0,0,0,0.3199805166558178,0.0,0
HighValue,6241.882162338105,8.739197239717516,1,1,97,0,1,0,0.39484903840224655,0.2974991197954132,0
MidValue,7312.445592035927,8.89746979491148,3,1,97,1,1,0,0.15340356579091544,0.24439801702913766,0
MidValue,6690.210189897542,8.808550032113587,3,0,71,0,0,0,0.16651291124175874,0.7582263939593504,0
MidValue,6132.154466468376,8.72146449142791,4,1,2,0,0,1,0.21865318008663087,0.5052645958388327,0
MidValue,4781.033160327164,8.47262108239974,3,0,89,1,0,0,0.17266534044099446,0.5243069418708162,0
MidValue,6922.853340589569,8.842727734758885,4,1,115,0,0,0,0.6020111658363948,0.42478043296227774,0
MidValue,6611.045932957915,8.79664840582512,1,1,96,0,1,1,0.24796327263929674,0.2881302096466021,0
HighValue,5588.931266865907,8.628722270342944,1,1,36,0,0,0,0.2983643339028605,0.5372204197805448,0
HighValue,5007.671469243474,8.518925983113885,2,0,34,0,0,0,0.42123449589626005,0.36259621615177307,0
MidValue,4457.349691758615,8.402533952268868,2,1,1,0,1,0,0.20770978499768306,0.09073866865181784,0
HighValue,3154.6517067643326,8.056950316802348,1,0,53,1,1,0,0.554015929951637,0.26185963168948323,0
MidValue,6839.343939231726,8.830593292865833,3,1,98,0,0,0,0.2077005274698061,0.671437888723253,0
HighValue,1741.9341699722277,7.463325276575129,3,1,102,0,0,0,0.2659008468660708,0.08676839884450649,0
HighValue,4444.778981221527,8.399710381462452,4,0,30,0,1,0,0.122427367791892,0.6615141628211192,0
LowValue,5246.570104512002,8.565520411207647,1,1,84,0,1,0,0.12770568684192787,0.7880539918812479,0
MidValue,6289.821776919105,8.746846989319598,4,1,3,0,1,0,0.2606777535153116,0.7360774547072536,0
MidValue,7642.491854767717,8.941609826798828,1,1,67,1,1,0,0.17138081514840653,0.5078866229299995,1
LowValue,6489.985663927717,8.778169672423376,4,0,83,0,0,0,0.40673116816540983,0.6370678944443772,0
HighValue,4562.717860852342,8.42589289067769,3,0,33,0,0,0,0.2526090172278536,0.0,0
MidValue,6092.191336833714,8.71492725248541,3,1,59,0,0,0,0.34240390438052787,0.6753532724695709,0
HighValue,3107.5995246204557,8.041927590124786,2,1,116,1,1,0,0.2913219537900216,0.40560073055976525,0
HighValue,7144.90779003306,8.874295134782365,2,1,62,0,0,0,0.2498756021776527,0.2924902339456239,0
MidValue,4765.287012755892,8.469322876734255,4,1,8,0,1,0,0.4636074584110359,0.24393400691342804,0
MidValue,3989.361275019414,8.291637050902596,1,1,62,1,0,0,0.16118733861420315,0.6585638381254081,1
HighValue,4041.409849351692,8.304596290485637,3,1,16,0,0,0,0.035551944760508054,0.6240984156379253,0
LowValue,4907.958008569441,8.498816980053132,3,1,119,0,0,0,0.15631747802988646,0.09213302292649328,0
MidValue,4410.822616145085,8.392043174702302,4,0,109,0,2,0,0.495692946803119,0.3860593949325392,0
MidValue,8434.864920971868,9.040247529257556,2,1,106,0,0,0,0.37606755078517007,0.7401275530175726,0
MidValue,3922.7282781791064,8.274797572155903,4,0,35,1,0,0,0.3146430521241757,0.433558150638533,0
LowValue,5048.911614735456,8.52712602008366,2,1,102,0,0,0,0.40388221977444994,0.24816313805084506,0
MidValue,5042.074843378458,8.525771263009322,4,0,54,1,0,0,0.163762631035834,0.36503333370038854,0
LowValue,5042.408184109607,8.525837359532831,1,1,99,0,1,0,0.4166570901775032,0.32580287486349757,0
MidValue,5083.018792929063,8.533857328787379,1,0,58,0,0,0,0.30096847880377486,0.49082222484349214,0
MidValue,4277.655712715076,8.361394153426328,4,0,82,0,1,0,0.4048686218166163,0.6691291182070965,0
MidValue,4124.888749303822,8.325036729938505,4,1,75,0,1,1,0.1828587735449617,0.4463872514571598,0
MidValue,3706.7592468930734,8.218182996555466,3,1,69,1,0,0,0.5460144973793204,0.34565682411603005,0
MidValue,2767.7380801226145,7.92614692863659,3,0,55,0,0,0,0.41883498594114116,0.8055288971816879,0
HighValue,5324.460249663818,8.580254418704358,3,0,11,0,0,0,0.3711075701024968,0.5549869100257189,0
LowValue,6476.564526043814,8.776099873952656,1,1,83,0,1,0,0.35000910413825376,1.0916263437598759,0
LowValue,4185.373788481058,8.339590193926478,2,0,34,0,0,0,0.2595046929597033,0.1667888384238989,0
LowValue,4162.077441434323,8.334009849336228,3,1,105,0,0,0,0.5104032625352166,0.4457955713147858,0
MidValue,4525.275756016029,8.41765475142898,1,0,61,1,0,0,0.4116408997203944,0.8977826892398233,0
MidValue,4309.040388141643,8.368702553852414,3,1,7,0,1,0,0.19165934314419433,1.0792424038201855,1
LowValue,2845.5953764625833,7.953878954403696,4,0,36,0,2,0,0.20195953891108565,0.849388504273445,0
LowValue,7047.662048055378,8.860593097378056,4,0,50,0,0,0,0.22765323604201565,0.16552621850577326,1
LowValue,5658.499831336199,8.641090798270584,2,1,77,0,0,0,0.38298418987091976,0.8576076551764016,0
HighValue,3932.457459202951,8.2772740787122,4,1,76,1,1,0,0.20773825439573182,0.23077512049390797,0
HighValue,5445.757642309777,8.602775782600842,1,0,81,0,0,0,0.2303306254971688,0.45408366932017385,0
MidValue,4342.314091076401,8.376392951143899,2,0,47,0,0,1,0.140303054449147,0.41662870001421837,0
HighValue,4682.54384993798,8.451810335248247,2,1,10,0,1,0,0.2441077584027986,0.49912150846256487,0
MidValue,5545.945747368672,8.621002739471741,2,0,26,1,0,0,0.3351043339513898,0.014489803461894657,1
LowValue,6429.446737961802,8.768799291950714,4,0,75,0,0,0,0.3889486802317139,0.0625397761217224,0
MidValue,7279.286193861917,8.892925452761691,3,1,80,0,1,0,0.3717020422403589,0.44982048458533225,0
MidValue,7555.864173423557,8.930211591248442,4,1,40,0,0,0,0.06621740254048106,0.8767771389443753,0
HighValue,4626.711938853586,8.439817843259181,1,1,23,0,0,0,0.12657284700555785,0.5174137886777858,1
MidValue,4250.377113299735,8.354998236091923,4,0,97,0,0,0,0.368191738153284,0.49848323874174255,0
MidValue,5149.396252883027,8.546828933005258,2,0,25,0,1,1,0.5641260015207583,0.41712615607598164,1
LowValue,5192.514818432469,8.55516597592893,1,1,41,0,0,0,0.25016673273177875,0.0,0
LowValue,3898.6671613327107,8.268646485227773,3,1,50,0,0,0,0.600237914443821,0.40653436018688316,0
MidValue,4069.2870676478556,8.311468808540946,2,1,76,0,0,0,0.22308686282353377,0.7493805521313074,0
HighValue,6219.910580631272,8.735671570618319,2,0,71,0,0,0,0.7875473685935186,0.5553517148987502,0
LowValue,7462.701520611141,8.917806752527582,4,1,30,0,0,0,0.49174216275101046,0.264971984084006,0
MidValue,4660.248727431242,8.447038658482802,2,0,38,0,0,0,0.17628982930894546,0.46907535719484805,1
LowValue,4028.0521835069912,8.301286437082402,3,0,38,1,1,0,0.5782927265276981,0.08793360634749592,1
HighValue,4574.9431900637155,8.428568118223767,1,1,18,0,0,0,0.3540373797353022,0.0,0
MidValue,3507.3029600449336,8.16288771237562,3,1,66,0,0,0,0.1748178693067005,0.2615255588510162,0
LowValue,4590.692345316038,8.432003937783692,4,0,47,0,0,0,0.2644649548807706,0.7777285534472891,0
MidValue,5633.666212201631,8.636693189972602,1,1,40,0,0,0,0.3247936790910455,0.5107137140051156,0
MidValue,4877.985557615967,8.492692599699952,4,1,66,1,1,0,0.11731020840765305,0.7724688142433653,0
MidValue,6851.866395592409,8.832422295640987,4,1,59,0,0,0,0.20401966485287568,0.7555036650106963,0
MidValue,5226.332048330651,8.561656302298978,3,1,36,1,0,0,0.35131887717130617,0.33320353326551067,0
MidValue,5721.6792910013355,8.652192382223003,1,0,73,0,0,0,0.3273886832677857,1.3145356237084127,0
HighValue,4776.863701385761,8.471748801188744,3,0,93,0,0,0,0.09093316819852428,0.49089696550391704,0
MidValue,6973.498559840533,8.85001571304299,3,0,31,0,2,0,0.10133709843969815,0.2934333992428042,1
LowValue,3166.4815966901424,8.06069210213584,3,1,109,0,0,0,0.32573625481050283,0.6350589102214341,0
MidValue,4544.612989549656,8.421917868705322,4,1,63,0,0,0,0.4020954965753838,0.4962026439981684,0
MidValue,3239.466986479713,8.083472730029952,4,1,33,0,0,0,0.1353531612259488,0.5190721343937749,0
HighValue,6239.410260517532,8.738801206080051,2,1,74,0,0,0,0.28084532261329126,0.31822219115466477,0
MidValue,6275.483434434536,8.744565139954938,1,1,98,0,0,0,0.5414525120505764,0.4111910587678211,0
LowValue,4226.3486104800995,8.349330269482222,2,1,102,0,1,0,0.1787657280980988,0.3333861562284638,0
MidValue,7487.169977455233,8.921079717880454,1,0,34,0,0,0,0.46115778646885164,0.2884857995976608,0
LowValue,4554.106106541119,8.424004103943298,1,1,65,0,0,1,0.2172406634499838,0.2991246648787971,0
MidValue,2924.934320077441,7.981369134327941,1,1,69,0,1,0,0.37779622687022363,0.8159338723368046,0
HighValue,4578.193242745733,8.429278113720262,4,0,46,0,2,0,0.13424496049153592,0.5005776568885988,0
MidValue,5540.030764911613,8.619935821082871,2,1,11,0,1,0,0.22417725298872765,0.5157519663287085,0
HighValue,4648.411977609396,8.444496034157027,2,0,83,0,1,0,0.2679490428542173,0.6790731605043561,1
MidValue,8398.280899800815,9.035901374000332,3,0,109,0,1,0,0.12641750886095746,0.21336189083417395,0
LowValue,6283.079976169911,8.745774726247088,1,1,17,0,1,0,0.2575058716241155,0.6500762616148464,0
HighValue,7596.9191580842435,8.935629693796816,1,1,4,0,0,0,0.14835241054737755,0.93568491728939,0
LowValue,7078.828164636414,8.865004915861652,3,1,52,1,2,0,0.3500671325096985,0.5361285126592299,0
MidValue,2471.3229824468644,7.812913466372424,2,1,106,1,0,0,0.26644418162659517,0.0,0
HighValue,4433.362090002275,8.397139048998664,1,0,6,0,0,0,0.04366942754912418,0.2519327316470922,0
HighValue,907.2714696907315,6.811543309347367,3,0,80,0,0,0,0.15186547498007577,0.4758706774924729,0
HighValue,4030.404896139561,8.30187020365448,1,1,109,0,0,0,0.5504306223072641,0.3592176561698193,0
LowValue,6672.65638367557,8.80592317217161,2,0,18,0,2,0,0.5750553760696261,0.9835064809302836,1
MidValue,3735.1833560908585,8.225819876327217,1,0,103,1,0,0,0.30909450467621225,0.9741815424503684,0
MidValue,4044.967343050732,8.305475946279085,4,0,44,1,0,0,0.6349282044581329,0.6284900797249113,0
MidValue,5489.201251289544,8.610720191625784,4,1,38,0,3,0,0.3438166771665232,0.0987654235589071,0
MidValue,6180.974751785507,8.729393038533852,1,1,50,0,0,0,0.23009110122906784,0.788677934960428,0
LowValue,4465.529923801919,8.404367082728076,1,1,111,1,0,0,0.5553667636184751,0.6630699761353211,1
MidValue,4616.281736839781,8.43756144226963,3,1,74,0,0,0,0.2271026373761981,0.6693168236361018,0
MidValue,6213.472553753964,8.734636133690813,4,1,44,0,0,0,0.3529442125801595,0.29943519338667457,0
HighValue,5381.0880272962595,8.590831687023824,3,0,1,0,1,0,0.4007665345202022,0.702820749471621,0
MidValue,4572.0698433291445,8.427939996519589,4,1,107,0,0,1,0.4366532478394407,1.0347880001556071,0
LowValue,109435.10476764664,11.603096139822064,3,1,24,1,0,0,0.26746476968133914,1.1566247115398318,0
MidValue,5114.182262225533,8.539968310639559,3,1,72,0,0,0,0.11240412583627692,0.5093997910813852,0
MidValue,5381.949385248459,8.590991715813512,2,0,106,0,0,0,0.31770257173673416,0.022478054304936046,0
MidValue,8001.846772703992,8.98755260395159,4,1,19,1,0,0,0.20426413619807957,0.24033456222244454,0
MidValue,4542.1881144869185,8.421384272449332,3,1,40,0,1,1,0.12565454754925368,0.0,0
MidValue,4190.355713080313,8.340779519789903,1,1,24,0,0,0,0.19061582420791104,0.6462175649962656,0
LowValue,7120.4461911646395,8.870866100517217,1,1,31,0,0,1,0.3738646316560664,0.7956868814835213,0
MidValue,3941.449033882115,8.279557391393359,3,1,94,0,1,0,0.1713552391710802,0.017370404275846907,0
LowValue,7579.834213515872,8.933378527134405,4,1,80,0,1,0,0.09129700114450959,0.16062452171771596,1
MidValue,4708.703290682062,8.457380189417252,1,0,65,0,2,0,0.15920388812389968,0.42670929599274876,0
HighValue,5110.759277066403,8.53929890517287,4,0,70,0,1,0,0.233204991977318,0.7647266324560282,1
HighValue,6100.442421711307,8.716280484784159,2,0,31,1,0,0,0.33227906048119504,0.4050829622862606,0
HighValue,6819.66454311965,8.827712186430631,2,1,85,1,0,0,0.2778645343690149,0.6769624335638738,0
MidValue,6495.497977501841,8.779018538001544,1,1,106,1,0,0,0.2372210331943258,0.4492888411716897,0
MidValue,4694.54696711636,8.454369884775062,3,1,45,0,1,0,0.11795639471226413,0.48147963770559205,0
MidValue,4450.356746753232,8.400964215602555,2,1,40,0,2,0,0.43838771066161103,0.6754618759614891,1
HighValue,5521.208969082478,8.616533234780677,1,1,9,0,0,0,0.14103672810556947,0.36677020460598053,0
HighValue,5202.078608347038,8.557005769449678,2,1,91,0,0,1,0.2688267937355544,0.44970282378936516,1
MidValue,4036.5903391544516,8.303403342303369,4,1,16,0,0,0,0.5307734767375862,0.2690919486228032,0
MidValue,5616.092112260756,8.633569391233785,4,1,72,0,0,0,0.4544887100098581,0.2174718428894668,0
LowValue,6491.179430242212,8.778353566922013,2,0,23,0,0,0,0.019254316811234486,0.789837048922301,1
MidValue,5249.760057460799,8.566128117956767,3,0,51,0,0,0,0.3622283023623214,0.2546098614425188,0
HighValue,7345.999575576461,8.902047287851998,1,0,27,0,0,1,0.578414685363911,0.5777885299952125,1
LowValue,5615.453193911624,8.63345563937141,3,1,83,1,0,0,0.3216983872732661,0.136582166556993,0
HighValue,4766.280498790599,8.469531295259031,3,0,81,0,0,0,0.2697853530660279,0.4375665681732063,0
MidValue,5150.322334897128,8.547008724757227,4,1,37,1,0,0,0.6853048497979118,0.6819081352378079,0
LowValue,4159.835199247613,8.333471102153807,2,0,57,0,0,1,0.4758363599974364,0.47673999361193853,1
MidValue,3453.0530478095097,8.147303616958549,1,1,93,0,0,0,0.18488784871329564,0.5257061837931555,0
MidValue,5714.792766999516,8.650988283493918,2,1,107,0,0,1,0.6044422428772472,0.2566579445721214,0
LowValue,3720.12452365861,8.22178119289246,3,0,31,0,0,0,0.2569028580819583,0.4329215769191094,0
MidValue,4462.562041505296,8.403702390266357,4,0,51,0,1,0,0.15500882703830077,0.9440225218488916,0
HighValue,4866.199919442577,8.490274085513892,4,1,75,1,0,0,0.3249369718354044,0.8280999020668269,0
MidValue,5577.6562612736125,8.62670321298333,1,1,89,0,1,0,0.44467801112377914,0.8576421062648915,0
MidValue,5691.742979916395,8.646947481245903,3,0,81,0,0,0,0.16217981919315874,0.4213150792832921,0
MidValue,5081.335314241644,8.533526142467277,3,0,23,0,0,0,0.30134858864158764,0.314943332592168,0
LowValue,2103.0385189278795,7.6516138811652485,3,1,92,0,0,0,0.0871753894519008,0.7399905232821359,0
LowValue,4690.11095248988,8.453424710252945,4,1,9,0,1,1,0.40637072215113473,0.7748416929842514,0
HighValue,3836.6908851393355,8.25262613271421,1,1,54,1,0,1,0.36113046937211946,0.6224667570888481,1
MidValue,4832.978671900954,8.483425149152113,3,0,119,0,0,0,0.23465419287611117,0.167353020962285,0
HighValue,6486.9892440060285,8.777707937964964,1,1,63,0,0,1,0.2812254639302525,0.5929490294482309,0
HighValue,6207.236436912229,8.733632146980629,4,1,16,0,0,1,0.343307409934879,0.33189168252990076,0
LowValue,5330.495402082991,8.581387041051972,1,1,69,0,0,0,0.4252778026217288,0.8372349189165627,0
MidValue,5758.639696118915,8.658630198976299,2,0,87,1,1,0,0.10868364417510298,1.345235046419961,0
MidValue,2767.3876988979346,7.926020371560182,4,1,70,0,0,0,0.17766017262485911,0.03855148596616681,1
HighValue,5292.3011985384155,8.574197375309504,1,1,107,0,0,0,0.5732420135601584,0.8375359152403701,1
HighValue,5936.766168423441,8.689088275704188,2,1,71,0,0,0,0.22415036681576161,0.39490942121671213,1
HighValue,3940.8090708698214,8.27939505195566,4,1,108,0,0,0,0.38358128922460016,0.3638768623664952,0
MidValue,5607.481402863675,8.632035267195619,3,1,80,1,0,0,0.5057918424491303,0.671567551646823,0
LowValue,4428.760623036448,8.396100826147261,4,1,111,0,2,0,0.0935999281575919,0.3554118756979966,0
LowValue,6500.760127035083,8.779828208001694,1,1,52,0,0,0,0.11323347531078089,0.10597163489263883,1
HighValue,6662.628179092844,8.8044193868358,2,1,111,0,1,0,0.11754064322203872,0.5472919038055042,0
LowValue,4197.825359514435,8.34256008884866,2,0,41,0,0,0,0.16888212671972563,0.30816628588376505,0
MidValue,7194.383883717295,8.881194972132691,3,0,93,0,0,0,0.22532168300486746,0.0,0
MidValue,4714.879554851801,8.458690721647447,1,0,74,1,0,0,0.18970345410148998,0.026765174850314044,0
MidValue,8092.916837250701,8.998868050766113,2,0,2,1,2,0,0.23162140182309418,0.3182629606383872,1
MidValue,4262.668677703779,8.357885260599637,2,1,31,0,0,1,0.365441258141064,0.9372655238096548,0
MidValue,5095.634471060827,8.536335693242403,1,1,23,0,1,0,0.19851647678537526,0.695418885669001,0
LowValue,5319.7841273760305,8.579375963838418,1,1,101,0,1,0,0.3269254994158377,0.6506556683001455,0
LowValue,3873.8059282010563,8.262250857488361,2,1,101,0,0,0,0.4082141605445307,0.4225632531336871,0
MidValue,2411.9307075934034,7.788597348923197,2,1,44,0,0,0,0.4105227004448583,0.04481299953490525,0
LowValue,3800.5940799311793,8.243175752469899,4,0,94,1,0,0,0.23608906979832112,0.15957542388492624,1
HighValue,6619.408504158775,8.797912354604074,2,1,31,0,1,0,0.2363742353649871,0.571713808101401,1
LowValue,4507.000088709824,8.413608894837978,4,1,81,0,0,0,0.24764229018832123,0.8310092179426387,0
HighValue,4509.940089551484,8.414260856351788,4,1,83,0,1,0,0.10431537132179411,0.5143520333835045,0
MidValue,7275.202855163823,8.89236441928838,4,0,84,0,0,0,0.42225245112440574,0.6391669534696266,0
LowValue,5740.306688288896,8.655442109449545,4,1,5,0,0,0,0.23344650934871553,0.7133929593222104,0
MidValue,6053.462537920074,8.708550888698207,4,0,64,1,0,0,0.3457599265871194,1.1664693357927831,0
LowValue,6274.172989080233,8.744356331600908,1,0,11,0,0,0,0.624001432487626,0.21328855804450086,0
MidValue,3638.873046250061,8.199704082618727,4,0,21,0,0,0,0.08014379597035926,0.046590559571434376,0
HighValue,5187.089286785674,8.554120755539913,1,1,44,0,0,0,0.10881918243219518,0.9350429245625576,0
MidValue,5225.325337184639,8.561463697718208,3,1,13,1,0,0,0.26582109890769273,0.3441206102973483,0
MidValue,4761.700080409257,8.468570030186982,3,1,14,0,0,0,0.15469675368137817,0.15626799365786748,0
MidValue,3360.4522855406362,8.12012838741318,4,0,118,0,0,0,0.33992369816360496,0.0,0
LowValue,5695.669632809108,8.64763700812175,4,0,37,0,0,0,0.3893659234220349,0.860640255983355,0
HighValue,2512.305755338393,7.82935419959666,3,0,98,0,0,0,0.17568331190734277,0.31556302867582664,0
LowValue,3594.399852227582,8.187410488511905,2,1,39,0,0,0,0.08955991385489252,0.5560538844227925,0
MidValue,3785.992782911261,8.239327522146416,2,1,5,1,0,0,0.15528766293467058,0.6962248741175437,1
LowValue,4381.80246846007,8.385443631746393,2,1,11,1,0,0,0.35002101618845166,0.17547855167842913,0
MidValue,6261.638894407659,8.742356923894905,1,1,78,0,1,0,0.12871478505690673,0.4325720443223714,0
LowValue,7485.020647631791,8.920792646626719,1,1,73,0,0,0,0.20226091866857998,0.359413588215693,0
LowValue,7583.44298684519,8.933854452941729,3,1,99,0,1,0,0.5271085423634544,0.9619417702042495,0
LowValue,6209.389067699676,8.733978824768473,1,1,110,1,0,0,0.15691144317351888,0.4054057784629592,0
HighValue,5659.540801625451,8.641274714623172,2,0,33,1,0,0,0.15870068819985594,0.33546435924598766,0
MidValue,1495.1766997628574,7.310668266374162,4,1,115,0,0,0,0.365801538523335,0.5260394210827101,0
HighValue,6695.179469002289,8.80929241422983,4,1,91,0,0,0,0.1974839743575027,0.5776707173139066,0
MidValue,8943.419850312695,9.098785136412173,4,0,74,0,1,0,0.23784436059629632,0.1244910092659337,0
MidValue,5679.314648987953,8.644761906129482,1,1,10,0,1,0,0.819465423075,0.4065049697653109,0
HighValue,5351.058972144555,8.585236620458971,4,1,55,1,0,0,0.17218588530856144,0.8026791500673823,0
MidValue,6048.043740278818,8.707655479074129,4,0,34,0,1,0,0.4284405829415504,0.0812315067326757,0
MidValue,6092.942878209111,8.715050586053923,4,1,23,0,0,0,0.5689244209409251,0.33064481383713884,0
MidValue,5202.374502270773,8.557062636841607,2,1,119,1,0,0,0.3030812825860502,0.5010167083679704,0
HighValue,4439.276200929583,8.398471860908042,1,0,89,0,0,0,0.10623427194953539,0.36124233347281753,0
HighValue,5542.638814503964,8.62040638984846,4,1,82,1,0,0,0.36200545552358177,0.5758398648988354,0
MidValue,2942.3161856820425,7.987292178983834,4,1,14,0,0,0,0.07514331460145054,0.4718087775049261,0
MidValue,2176.360185057081,7.685868497736166,2,1,32,0,0,1,0.19705962619059353,1.1205771869651753,1
MidValue,7041.407961082261,8.859705430596225,3,0,61,1,0,0,0.199324283754561,0.9082164121373648,0
HighValue,4312.908004496301,8.369599501848358,1,1,28,0,1,0,0.47893718841302785,0.7718698102195808,0
MidValue,6073.933214661438,8.711926274676951,1,1,62,0,2,0,0.45728425169729253,0.0,0
MidValue,7331.89098417445,8.90012512151315,4,1,3,0,0,0,0.2757224916914311,0.6700932951848654,0
HighValue,6830.420524411711,8.829287914015739,4,1,87,0,0,0,0.43889781170129294,0.30805053364731205,0
HighValue,4169.910937013288,8.335889741059184,4,0,65,1,1,0,0.07721487398515924,0.37483901194008984,0
LowValue,5487.131044265865,8.610343047448966,2,1,67,1,0,0,0.13018720399061331,0.1642261465697895,0
MidValue,3250.869533010903,8.086985350862575,4,0,111,1,0,0,0.220744803927555,0.0,0
MidValue,4843.140347874011,8.485525077802805,2,1,53,1,0,1,0.6394105201522606,0.256208093917202,1
HighValue,6569.025426512496,8.790272981564394,4,0,79,0,0,0,0.2711979940189032,0.16386588353675313,0
LowValue,5048.039360543999,8.526953278539363,2,1,7,1,0,0,0.4296427102266347,1.2991303235111538,0
HighValue,722.946053409918,6.584716877744816,3,0,75,0,0,0,0.44089813227738744,0.6034753867078284,0
HighValue,1623.1048894349906,7.392712105726479,1,1,71,0,0,0,0.4151201816654975,0.37204744196492556,0
HighValue,3797.621644145576,8.242393554688922,1,1,46,0,0,0,0.13351951063725967,0.0833402480084896,0
HighValue,6999.862488948331,8.853788633154293,3,1,84,0,1,0,0.31764378257206927,0.41997499928146964,1
HighValue,5298.62789174503,8.575391887970728,2,0,86,0,0,0,0.561898648362512,0.8276597531929368,0
MidValue,5211.909686018326,8.558893459856536,3,0,80,1,0,0,0.07261278237366518,0.24935949133951452,0
MidValue,3026.049224644642,8.015343570747653,1,0,89,0,1,1,0.13818886053901444,0.4731730330527722,0
HighValue,5219.647477202367,8.560376710962867,1,0,103,0,1,1,0.5529256193159445,1.0603170783049425,1
MidValue,1587.2415323256828,7.370382728683151,2,0,103,0,0,0,0.32571225143223925,0.691712962838178,0
HighValue,5512.7482749302735,8.614999938552227,4,1,63,0,0,0,0.32473598305541473,0.10503245474250739,0
MidValue,6768.860557427988,8.820235768563915,2,0,117,0,0,0,0.2836293777876667,0.45417703549947136,1
MidValue,3773.619009500488,8.236054731954258,4,0,85,0,1,0,0.3493979957463387,0.18521641166097014,0
HighValue,6626.594116543194,8.798997138974185,1,1,73,0,0,0,0.435635808195816,0.3097874291240883,0
MidValue,3920.15692744301,8.274142023792662,3,0,53,0,0,0,0.13506281568513775,0.4601240123225734,0
MidValue,5221.062129879113,8.560647646905476,1,1,10,0,0,0,0.2182900283071147,0.7068552327107501,0
LowValue,4796.095770120079,8.475765965888991,2,0,95,0,0,0,0.45629196563029956,0.5546514536738595,0
MidValue,5140.801282233359,8.545158741072322,4,0,25,0,1,0,0.1115735947243274,0.8333984474255896,0
LowValue,7290.430602701121,8.894455047546938,2,1,115,0,1,0,0.1305696326834235,0.1791275202857902,0
MidValue,6321.823952088217,8.75192121520512,4,1,35,0,0,0,0.5457656710419627,0.6937823729836674,0
MidValue,3983.4178292812467,8.290146490032921,3,1,12,0,0,0,0.07103496228126514,0.3799078467985971,1
MidValue,852.5566604662436,6.749411926048901,2,1,119,0,0,0,0.06648775630586777,0.43560120177070455,0
MidValue,6342.205066595346,8.755139450702249,1,0,114,1,0,0,0.17159601871968405,0.3888496428720351,0
MidValue,6145.864291156923,8.723697359415365,1,0,83,1,0,0,0.39862386052676363,0.24739266052770492,0
MidValue,5248.267291571862,8.565843782335655,1,0,43,0,0,0,0.15237791519245503,0.12293195946084368,0
HighValue,4162.713846536366,8.334162706560884,4,1,72,1,2,0,0.07699086371598964,0.5648576384350437,1
MidValue,7397.611758985241,8.909047661456025,3,0,74,0,0,0,0.2554414556336531,0.10998766639722879,0
LowValue,2319.182202328084,7.749400997062849,2,1,29,0,0,0,0.24138571269569764,0.3870496533402585,0
LowValue,3823.4324870508963,8.24916536585435,3,1,72,1,1,0,0.3780129811523693,0.3303727641346232,0
LowValue,2800.4820702717266,7.937903866939071,3,0,56,0,0,0,0.23334341375993597,0.647310590030681,0
HighValue,5556.960639977253,8.622986528589221,2,1,86,1,0,0,0.16388552559622177,0.7569997321648645,0
HighValue,4300.186222397705,8.3666461293116,2,1,115,0,1,0,0.16776151598024666,0.8868184424220097,0
MidValue,8166.785569561349,9.007953106997615,1,0,97,0,1,0,0.4970129060528602,0.4887949837718303,0
MidValue,5026.7096484977865,8.522719821125017,4,1,41,0,0,0,0.12276729077615435,0.4467600056029287,0
MidValue,4641.789493111256,8.443070648441863,2,1,68,0,1,0,0.5147828527179434,0.5234332179451406,0
LowValue,5859.050600965848,8.675913517510883,2,1,44,0,0,0,0.5788062688933481,0.4945028631310668,0
HighValue,3901.704783546067,8.269425125976582,2,0,118,0,1,0,0.4486986438335341,0.6054107674200246,0
MidValue,3374.136128313802,8.124190936808425,1,0,40,0,0,0,0.3403126221342764,0.20948084332960704,0
MidValue,5802.508960121045,8.666218006724268,4,1,60,0,0,0,0.20004636621670216,0.4946788284311161,0
HighValue,4266.472408085734,8.358776989055599,2,1,41,0,0,0,0.20655889594527002,0.5463357302797367,0
LowValue,6463.9618163862,8.774152384983752,3,0,10,0,0,1,0.3266163379576131,0.6382042152961523,0
LowValue,5502.169939711379,8.613079557867946,4,0,4,1,0,0,0.3878418947482144,0.3853074008450192,0
MidValue,5174.631545030111,8.551716648374555,3,1,64,1,0,0,0.3751895924273763,0.4697089525361285,0
MidValue,5102.675550214554,8.537716255256178,1,0,93,0,0,0,0.1861231089016099,0.4756209747663645,1
MidValue,4870.53452516648,8.49116426401394,4,1,22,0,0,0,0.5091864242415503,0.4822271674944453,0
LowValue,5611.29278381321,8.632714610890217,2,1,93,0,0,0,0.640792645979536,0.3045716726440921,0
MidValue,4404.16102435548,8.390532092606929,4,1,16,1,0,1,0.3157964586238724,0.7121684412383467,0
MidValue,2063.4429494153346,7.632615710851478,4,1,114,0,0,0,0.36846622378846045,0.6587843155067936,0
HighValue,5116.700144196327,8.540460426530585,4,0,60,0,0,0,0.35189215492918374,0.9078483507520883,0
MidValue,4309.104303579692,8.368717383171488,3,1,4,1,0,0,0.15783420576877202,0.48280296249896204,0
MidValue,2934.6191150202585,7.984673652102311,1,0,73,0,0,0,0.4485839357992447,0.48711836831237587,0
HighValue,6171.027437770025,8.727782658996505,3,1,37,0,0,0,0.13639670365017556,0.4309669512199275,0
MidValue,4429.631103643345,8.396297314211571,1,1,30,0,0,0,0.29293034186075956,0.12406897194588046,0
MidValue,2382.1482522617457,7.776177687610857,4,0,28,0,0,0,0.3636040696506304,0.8884452821430859,0
MidValue,4887.851786132893,8.49471274633529,3,1,59,1,1,0,0.3824938001730448,0.34109331465865744,0
MidValue,3987.8513972201963,8.291258598070403,4,1,112,0,0,0,0.16455008197625243,0.4103375681075669,0
MidValue,2447.6791524786936,7.803304036723289,1,1,76,0,0,0,0.5818166676681001,0.34681699230191737,0
HighValue,5468.279979512375,8.606902255949807,2,1,52,0,0,1,0.42490053339055184,0.4012371367641818,0
MidValue,3424.1613637734254,8.138903863097008,2,1,4,1,0,0,0.27727357401889013,0.46383162315585014,0
HighValue,6077.556199130195,8.712522479512078,4,1,83,0,2,0,0.03722744345859154,0.0,0
HighValue,3653.765838664207,8.203787304102619,2,0,93,0,0,0,0.08926471450893317,0.574751563801715,0
MidValue,6465.569586111499,8.774401043813636,3,1,9,0,0,1,0.40493200205031904,0.17190357930627725,0
MidValue,5638.135239960211,8.637486006488244,4,1,2,0,1,0,0.4925837240321158,0.12843837389614138,0
LowValue,5162.914844741029,8.549450261656485,3,0,51,0,0,0,0.37104038423257263,1.3108637777408438,0
LowValue,3866.246920416841,8.260298142792672,2,0,28,0,0,0,0.2780182840771116,0.4568332381648895,0
MidValue,6357.215950091358,8.757503105991676,1,1,7,0,0,0,0.2606184883718034,0.5730264332300361,0
LowValue,5755.3332884580905,8.658055969120756,2,1,53,0,0,0,0.1399132652548002,0.28188547081473825,0
HighValue,4456.401110234444,8.402321164462476,3,1,115,1,1,0,0.6441700825638819,0.5357914406374621,0
MidValue,5870.955950745239,8.677943068690132,3,0,112,0,0,0,0.5450225813023439,0.4349886480517593,0
MidValue,3461.626806440531,8.149782772623706,3,0,38,0,0,0,0.34907929824216993,0.3573335411164731,1
HighValue,3080.3512187848355,8.03312348716134,2,1,36,1,0,0,0.5387317414932282,0.16077844102950944,0
HighValue,4856.650300768128,8.488310122773544,1,1,119,0,0,0,0.3255450438225061,0.3507735247446157,0
MidValue,5106.675163439922,8.538499621441918,3,0,36,0,0,0,0.391182417505565,0.754157404109592,0
LowValue,5641.859888933133,8.63814628848016,4,1,22,0,0,0,0.3983636124221166,0.7399010205375253,0
HighValue,5097.570231490598,8.536715432641367,1,0,18,0,1,0,0.06538718578685997,0.5115826199156981,0
LowValue,6861.070204301063,8.833764454246424,2,1,24,1,0,0,0.3515014914392417,0.4911711755888815,0
MidValue,3064.2445233926996,8.027882624435327,2,1,45,0,2,0,0.47428910540348734,0.465126898623504,1
HighValue,5852.489396566021,8.674793240449054,2,0,89,0,0,0,0.29296382600195753,0.6907962379335687,0
LowValue,5338.46455469761,8.582880656270923,1,0,84,1,1,0,0.06389925545770668,0.4129387658828076,1
LowValue,7034.316443485043,8.858697949842481,3,0,23,0,0,0,0.22197958215345945,0.3932436612524656,0
LowValue,5187.3738949158505,8.554175612021405,1,1,88,0,0,1,0.387213013360197,0.17819450688991595,0
HighValue,5474.455664692713,8.608030777649468,3,1,55,0,0,0,0.3047893504557716,0.6009098346144629,0
HighValue,7641.925928440952,8.941535783771213,3,0,10,0,1,0,0.0891328804531605,0.8400100318012473,0
LowValue,6194.436435345811,8.7315682411937,4,0,45,0,0,0,0.33777832131779467,0.8979118988444901,0
MidValue,5912.83359587167,8.685049562693543,1,1,13,0,2,0,0.12354360463698126,0.4916895500651094,1
HighValue,4414.800341990496,8.392944374523246,3,1,107,0,0,0,0.17300886613874383,1.2088682367387649,0
MidValue,5208.425005063984,8.558224764945562,3,1,18,0,1,0,0.16311991992894573,1.1222659789140665,0
MidValue,2521.3808095960985,7.832958500207975,1,0,116,1,1,0,0.17497823659461217,0.43037009041724184,1
MidValue,3734.4119081204617,8.225613374784812,4,1,11,0,0,0,0.24108139865624043,0.3234821737271178,0
HighValue,5970.4900157324955,8.694751759120564,2,0,88,0,1,0,0.2565902931233823,0.44286093076902194,0
HighValue,2331.247109977982,7.754587506684115,1,1,74,0,0,0,0.48390415230666955,0.663994208995786,0
MidValue,5139.337963803361,8.544874108000378,4,1,84,1,0,0,0.5365491647189582,0.8551435107100599,0
MidValue,5026.751428821072,8.52272813110165,1,1,12,0,0,0,0.39196444827088167,0.5945682663650733,0
HighValue,5583.648176509473,8.627776715160877,3,0,29,0,0,0,0.1521116486333129,0.642254952237244,0
LowValue,2455.5535217126644,7.806514639164011,4,1,98,0,0,0,0.08730795685545877,0.36048565346395234,0
MidValue,1953.7085109309537,7.577996362035011,3,1,6,0,0,0,0.23555214701785496,0.8804206963295091,0
LowValue,6664.343138286107,8.804676714901392,4,1,101,0,0,1,0.4782423197706724,0.7222939387396541,0
HighValue,5166.079678373625,8.55006294879411,2,1,61,0,1,0,0.22385562390397648,0.8313543204495281,0
MidValue,5615.2431168811,8.633418234811591,2,0,70,0,1,0,0.30448383696590425,0.9531548770657446,0
MidValue,7424.947275896271,8.91273553477865,1,0,2,1,0,0,0.3751951459482214,0.17737686170488526,1
HighValue,5260.757071536348,8.568220293969791,4,0,67,0,1,0,0.5492964132592623,0.4422182258674779,0
HighValue,2053.776673258194,7.627922446211269,4,1,69,1,0,0,0.16239199042114968,0.47936448028664,0
HighValue,4531.867457952196,8.419110011146989,2,1,56,0,1,0,0.5127333880978258,0.6768167006278273,0
MidValue,6227.561508048158,8.736900687535982,3,0,57,1,0,0,0.25388875488493595,0.4948873984398611,0
MidValue,4361.883775908987,8.380888534196481,2,0,102,0,0,0,0.013393594105008143,0.3742037004273475,0
MidValue,4545.692164267038,8.42215525069024,3,1,28,0,0,0,0.1991641582215869,0.8902821062945973,0
LowValue,4097.663803875269,8.318416298081129,4,1,8,1,0,0,0.5074694273745392,0.14266062807551355,0
LowValue,7201.81332757376,8.882226968625975,4,0,72,0,0,0,0.3042568798530919,0.7203439950474535,0
MidValue,6864.953353442074,8.834330180146916,1,1,16,0,0,0,0.07758397760872503,0.7505606928721547,0
HighValue,2285.296367363645,7.734688480467662,3,0,17,0,0,0,0.4817595322500373,0.7213342005288937,0
LowValue,7856.430285709708,8.969214896307795,1,0,117,0,0,1,0.6671508942940249,0.0,0
HighValue,3838.876283671413,8.253195427268865,2,0,43,0,1,0,0.027332787758779026,0.33681925269075824,0
MidValue,8041.458589096421,8.992490110091087,3,0,76,0,2,0,0.4064997752609003,0.5130122676220222,0
MidValue,3029.098524475111,8.01635041430319,2,1,3,0,0,0,0.2602422135454418,0.297409349615045,0
MidValue,6652.425184151738,8.80288706633528,1,1,77,0,0,1,0.5452935136420781,0.06047709031779852,0
MidValue,4150.355035909561,8.33119007460743,1,0,109,0,0,0,0.034743579971269735,1.1425044783339176,0
LowValue,4766.418490270211,8.469560240374085,1,1,12,0,0,0,0.26109781139252086,0.01325913552518887,0
MidValue,6325.061167297697,8.752433073009126,1,1,90,0,0,1,0.14340158556046553,0.18796607086571815,0
LowValue,3890.5154769426454,8.266553943506437,4,1,86,0,0,0,0.11370170974884869,0.6774876561965867,0
MidValue,5472.969020649304,8.607759230222042,2,1,83,0,1,0,0.21442754085754015,0.3498157527795708,0
MidValue,5461.196323096034,8.605606244832599,3,1,108,0,0,0,0.15450235439110194,0.7846964898509305,0
HighValue,6786.899124589446,8.822896765399475,2,1,75,0,0,1,0.34443056371512504,0.0,0
LowValue,7049.985780181744,8.860922713007568,4,0,67,1,0,0,0.2813301516203033,0.22824859939484843,0
MidValue,7818.5215769353235,8.964378652247785,2,0,104,0,0,0,0.08925092908317843,0.396980189150693,0
MidValue,5455.805247863401,8.60461877805083,3,1,102,0,0,0,0.4258448708188152,0.923792941617247,0
HighValue,5613.082521151019,8.633033455985691,2,0,16,0,0,0,0.5442768896564842,0.27869140578472373,0
HighValue,4147.109193430316,8.33040789335933,4,0,8,0,0,0,0.029998395758492082,0.0,0
LowValue,3849.6772708832127,8.256004326325806,2,1,80,0,0,1,0.505631891611807,0.11179437223524646,0
MidValue,3018.245091228603,8.012762109329406,3,0,25,1,0,0,0.07068438106086039,1.1272634322577089,0
HighValue,4660.574779880895,8.447108605629078,2,0,46,1,1,0,0.09887808763681266,0.14671380327699396,1
MidValue,5234.603587466498,8.563237415123705,2,0,8,0,0,0,0.4542820834146808,0.42676118518714373,0
LowValue,5030.325566188275,8.523438760420698,4,1,97,0,0,0,0.17687055043033928,0.6282338878235266,0
HighValue,5859.983182998933,8.676072647166551,3,0,108,0,0,0,0.08807374203259802,0.0,0
HighValue,2965.70605585877,7.9952075442197446,2,1,81,1,0,0,0.34244308593513384,0.13870982906436757,0
LowValue,7598.906204270395,8.935891184654896,4,0,18,0,0,1,0.7760937188240843,0.9963317138385157,0
MidValue,5460.663700328365,8.605508729345042,3,0,36,0,0,0,0.30155603205917814,0.7034588199300954,0
HighValue,6639.805516506376,8.80098854783955,3,1,93,1,1,0,0.1142632296035707,0.3568300591834638,0
MidValue,5517.871292539763,8.615928642373902,2,1,79,1,0,0,0.7607020687295533,0.323981150748629,0
LowValue,3685.227754384419,8.212358925356288,1,1,61,0,0,0,0.07297575476629901,0.4612879050184329,0
MidValue,4511.202070916461,8.414540577395913,2,1,51,0,0,0,0.23221532337621337,0.6643233312372823,0
MidValue,52.57795175031333,3.981137635508068,4,1,32,1,0,0,0.6669156170698497,0.37773783283648893,0
HighValue,5320.777548555276,8.579562652196424,4,1,8,1,0,0,0.12082999678713931,0.5187455713568119,0
LowValue,4896.040910166107,8.496386405795686,2,1,38,1,1,0,0.39524688338426384,0.5668886235606391,1
MidValue,6819.521767709169,8.827691253440312,1,1,18,0,0,0,0.5844895695045329,0.3395503592981527,1
HighValue,2366.059629075282,7.769403801032451,2,1,66,0,1,0,0.4763159575495387,1.0879241953597756,0
MidValue,4882.122120376723,8.493540073041729,1,0,46,0,0,0,0.23675102434781625,0.35387758917576995,1
LowValue,4541.888666741006,8.421318358908596,1,1,117,0,1,0,0.10789497533297591,0.3280850365497272,0
MidValue,3105.218861040338,8.041161465179911,3,1,104,0,0,0,0.2232888099343734,0.5596279239242076,0
MidValue,2797.760616242068,7.936931961114191,2,1,83,0,0,0,0.295340209778099,0.0,0
MidValue,3236.7406650273456,8.082631039932942,3,1,23,1,0,0,0.15729902358901462,0.4866271289586332,0
MidValue,6475.83156551504,8.775986713829347,1,1,27,1,0,0,0.09784429305837639,0.5156706433143803,0
MidValue,6477.942569932664,8.776312592378053,1,0,84,1,0,0,0.16770051571942654,0.09821960450938833,1
LowValue,2840.0809834884844,7.951939886723698,4,0,36,1,1,0,0.5087825094550033,0.8137490614776013,0
HighValue,4749.902439845628,8.466089866319301,2,1,73,0,2,0,0.5342017234689217,0.3007061573273657,0
LowValue,5710.0821826501115,8.650163808799482,2,1,31,0,0,0,0.5193244688588644,0.9507390211239423,1
MidValue,5488.489842537248,8.610590605329191,4,1,96,0,1,0,0.11866833273928533,0.33608923506594623,0
MidValue,2722.2840141522447,7.909593789163536,1,0,38,0,1,0,0.19325619151609086,0.8829574553621837,0
LowValue,4097.488444440653,8.318373512628492,1,1,70,1,1,0,0.10882068640211025,0.9632854305764351,1
MidValue,2846.39660430905,7.9541603836204775,4,0,11,1,0,1,0.09526084938692336,0.5523913617833587,1
MidValue,6524.616618831575,8.783490728696314,1,0,87,0,0,0,0.1021234916528985,0.5195808971283331,0
MidValue,8892.958683906447,9.093127525670425,1,0,110,1,1,0,0.6320827145903403,0.43880137732629043,0
MidValue,4925.193517013199,8.5023218627268,3,1,1,0,1,1,0.19097459041216014,0.4181817903018303,0
MidValue,1781.4763407922878,7.485758879152558,3,1,69,1,0,0,0.43220542701811454,0.6586307209034115,1
HighValue,6227.844381768062,8.73694610208255,2,0,67,0,0,1,0.2510093468042318,0.6707801922116065,0
MidValue,7335.254050721343,8.900583644023879,3,1,89,0,0,0,0.5399315075558053,0.46119583551032506,0
MidValue,7218.008363845965,8.884472876726377,2,0,41,1,2,0,0.24682411666610443,0.8458905408950843,1
LowValue,5246.9605033006665,8.565594804547713,4,1,32,1,0,0,0.12236388336593257,0.0,0
HighValue,5794.72275747662,8.664875468872884,1,1,93,0,0,0,0.3499539486106072,0.0,0
LowValue,5142.280139125304,8.545446314275013,3,1,88,1,0,1,0.19334777261141464,0.3238167071986418,1
LowValue,6080.833757315709,8.713061534308284,2,1,76,0,0,0,0.24589492987304576,0.8552922375720698,0
LowValue,6412.121444850035,8.766101396261,4,1,111,0,1,0,0.5617259113903523,0.0,0
MidValue,3869.633654032704,8.261173507512904,3,1,53,0,1,1,0.37390156409170944,0.051468470676912625,0
LowValue,4120.238158995592,8.323908921223328,2,0,79,1,2,0,0.26805068458788517,0.4142285611222371,0
MidValue,4487.495789893284,8.409272911219983,4,1,49,0,0,0,0.3217808142018256,0.045510519764385804,0
MidValue,4654.550680767438,8.445815481482935,2,1,57,0,0,0,0.23314835998437408,1.0998090470539061,0
MidValue,5287.595948859952,8.573308073528732,1,0,99,0,0,0,0.0959289600960368,0.8972209584536577,0
MidValue,6677.988671707435,8.80672185861811,1,1,48,0,0,0,0.11266867051684695,0.0,0
HighValue,3040.144925777821,8.019989343818288,1,1,97,0,0,0,0.1982257341881794,0.26485608791008663,0
HighValue,6377.759056574723,8.760728852181167,4,0,63,0,0,0,0.3764105452663549,0.638221675070374,0
HighValue,4704.483311035519,8.456483769599432,2,0,104,0,0,0,0.3064085659162576,0.0,0
HighValue,700.8193669634311,6.55367605889749,1,0,48,0,0,0,0.44279414981952575,0.46838868862151883,0
LowValue,4401.935819822957,8.390026829184142,4,1,89,0,2,0,0.2697175174894921,0.5756332704786972,0
LowValue,4590.670363283372,8.43199915042347,3,0,10,1,0,0,0.30812352812819893,0.7486921128150346,1
MidValue,5822.315185058741,8.66962499797982,3,0,49,1,0,0,0.7884599790529271,0.40422422550928144,1
LowValue,5884.339115130288,8.68021964167571,4,0,23,0,0,0,0.3426868724749178,0.390670053761026,0
MidValue,4990.451651584897,8.515482058580094,3,1,22,0,0,0,0.3049554535981188,0.2901789371788892,0
MidValue,3778.3338523399,8.237303043543674,2,0,36,0,1,0,0.6813471909740167,0.6268723737713431,1
MidValue,6429.150727490835,8.76875325824632,1,1,84,0,0,0,0.47573518090503225,0.5698359092880743,0
HighValue,3984.3044597291596,8.290368989743556,1,0,91,1,0,0,0.15692228321720214,0.2888909067314766,0
HighValue,3217.3289626906317,8.076617548148207,1,1,31,1,0,0,0.27301068385796656,0.7650366929552742,1
MidValue,4037.7612597277366,8.303693305058744,1,0,20,0,0,0,0.0673340699577969,0.7456179328269777,0
MidValue,4192.093481420225,8.341194041560978,3,1,105,1,0,0,0.12042713024326246,0.0650467171007934,0
HighValue,4828.8311804118675,8.482566793740093,2,1,49,0,0,0,0.31806677772266434,0.6524380238938264,0
HighValue,4328.069857672463,8.373107984450254,4,0,8,0,0,0,0.59175565111051,0.4946864690692567,0
MidValue,4453.443452636192,8.401657405644427,4,1,105,0,0,0,0.3501707260554579,0.0,0
MidValue,6112.435800930161,8.718244218331783,4,1,54,0,0,0,0.1462013263786633,0.3438042750910357,0
HighValue,6194.751124861727,8.73161903366447,4,1,86,0,0,1,0.2867003718827599,0.4355182916794945,0
MidValue,5799.278770017229,8.665661259175558,1,1,5,1,0,0,0.22601363426246324,0.7271499853852158,0
LowValue,4535.833118882034,8.419984496726522,2,1,9,0,0,0,0.4035480454648475,0.4992175373237907,0
MidValue,3999.113883860283,8.294078110661808,3,1,51,0,0,0,0.29124698099004875,1.0349047237879998,0
HighValue,4652.339075400636,8.44534032161611,2,1,57,0,0,0,0.15846293944677994,0.3448491573821485,0
MidValue,4779.957707547929,8.472396162644273,4,0,34,0,0,0,0.05588434418631194,0.0,0
HighValue,6262.170622234506,8.742441825046637,3,0,30,0,0,0,0.20998663789313052,0.6164962601996632,0
LowValue,4579.673283907186,8.429601271523932,3,1,106,0,0,0,0.31721555981235366,0.31501019534780667,0
MidValue,3192.915257950868,8.069002796785814,3,0,64,1,1,1,0.28656309694378257,0.6227172924291331,0
HighValue,3744.0881020390107,8.228200420918668,3,1,29,0,1,0,0.13314536616378111,0.4739442170084651,0
MidValue,7646.278147124887,8.942105065748088,3,1,84,0,2,0,0.317760301609089,0.4531003691129369,0
MidValue,3601.0088138386973,8.18924697266203,2,1,92,0,0,0,0.41538156439463136,0.23818566971915062,0
LowValue,3104.304785644414,8.04086714917807,1,1,80,0,0,0,0.19208296790618995,0.7005851948324052,0
MidValue,4562.495744679758,8.425844219487944,4,0,29,1,1,0,0.3872809727688154,0.13438134199472257,0
HighValue,7641.597617685599,8.941492826687746,4,1,56,0,0,0,0.02348367183951138,0.38660664895142777,0
HighValue,5144.661127144176,8.54590913897189,1,1,75,0,0,0,0.18764034660444334,0.6759941260052932,0
MidValue,5438.972891564953,8.601529356669365,4,1,21,0,0,0,0.6134014779272052,0.9623394874769191,0
MidValue,2635.155925734225,7.877077046275932,1,1,78,0,0,0,0.10065564645031837,0.9239341003947599,0
HighValue,2751.760334516254,7.920359445238312,1,1,25,0,0,0,0.8576510472433992,0.26337802941810784,0
HighValue,4996.443918871558,8.516681844474983,2,0,6,0,0,0,0.40397379262900157,0.3996126835777197,0
HighValue,4313.582635774857,8.369755874801186,2,1,51,1,0,0,0.4490826662632228,0.6937511768088129,0
LowValue,5584.491336089868,8.627927681866538,2,1,26,0,0,0,0.11750056885778566,0.5542758867420846,1
HighValue,3346.286660521906,8.115905344547688,2,1,58,0,2,0,0.0638251975453028,0.6108395212784151,0
MidValue,6579.573507383114,8.791877179697988,1,0,34,0,1,0,0.06643924373487116,0.4845306480393055,0
LowValue,7036.210690492681,8.858967161903832,4,0,86,1,1,0,0.2903221628057188,0.630701818159848,1
MidValue,2679.642060463075,7.893811619611098,3,1,12,0,1,0,0.2308725667936457,0.4019006603226649,1
LowValue,5367.7062888600485,8.588342243927137,1,1,74,0,0,1,0.05118879143354026,0.6694724328449774,0
MidValue,4581.164602937978,8.429926786187048,2,1,72,0,0,0,0.08529651049019504,0.5156403086498079,0
HighValue,7163.909626987994,8.87695072706172,3,1,61,0,1,0,0.5885182274869248,0.4130431531068101,0
HighValue,5338.744079818229,8.582933005678122,1,1,50,1,0,0,0.17189690535161128,0.6760753394197144,0
HighValue,6429.877894113034,8.768866338878418,2,0,99,1,0,0,0.38211409882276537,0.3707782552687698,0
HighValue,4885.594564514826,8.494250931789496,3,1,7,0,0,0,0.18589698886616104,0.4844987973678674,1
HighValue,5471.283782657201,8.607451318823374,1,1,61,0,0,0,0.5410667327912041,0.5090047696271117,0
MidValue,8199.240091915171,9.011918712325558,3,0,17,0,0,0,0.2512347130202446,1.082449793658037,0
HighValue,8114.541442347936,9.001536198899512,1,1,1,0,0,1,0.2374568553536104,0.46054032485712165,1
MidValue,2455.34875188619,7.806431279139654,4,1,15,0,0,0,0.523808809758171,0.6347462189608022,0
LowValue,5571.865550033776,8.625664662037854,4,0,85,0,0,1,0.3755277137476803,0.6437046108922998,0
LowValue,5361.933769044055,8.58726644929713,2,1,9,0,0,0,0.14698038965972712,0.5562961027653599,0
HighValue,3389.322591781343,8.128680355664592,2,0,61,0,0,0,0.45561689077964906,0.7466763776350194,0
LowValue,3847.9903284825523,8.255566140545477,1,1,13,0,0,0,0.15528335693079345,0.5438394692466648,0
HighValue,5277.407172669757,8.571379659345354,3,1,87,0,0,0,0.4330887014207845,0.550300232326024,0
HighValue,6434.004202196895,8.769507773052064,2,1,108,0,1,0,0.3124419383747068,0.09920460484383914,0
MidValue,5784.669615346194,8.66313938320515,3,1,40,1,0,0,0.6079575952765769,0.2801672803731385,0
HighValue,4371.898267806595,8.3831812874347,2,1,79,1,0,0,0.2977980861119783,0.3750419460245494,0
MidValue,3408.2517340139902,8.134248113358183,3,1,97,1,0,0,0.35632684742076964,0.8899948046104335,1
LowValue,1860.0633215763992,7.528903281628359,3,1,30,0,0,0,0.21992299349003924,0.5180352402288585,0
LowValue,7310.01620140147,8.8971375583217,1,0,70,0,1,0,0.26073707161342446,0.5144478156994626,0
HighValue,4164.881190982734,8.33468310268711,1,1,61,0,1,0,0.015587131160549524,0.6369412760194517,0
HighValue,3710.853302322848,8.21928657327679,2,0,71,0,0,0,0.12125655486433407,0.4172472195530814,0
MidValue,5506.440780504928,8.613855326100293,1,1,2,0,0,0,0.14878869572187772,0.5272248545906743,0
HighValue,4871.156825984705,8.491291998113194,3,1,80,0,0,0,0.23400577219909913,0.2655435071978009,0
LowValue,4975.012707030384,8.512384188079418,4,1,79,0,0,0,0.15697593785796485,0.9180731419088285,0
MidValue,5985.7542071775715,8.697304675660945,1,0,76,0,0,0,0.27775238641634115,1.0474161302142009,0
MidValue,4270.673545512661,8.359760960471174,4,1,115,0,0,0,0.49494855612121846,0.461233837117207,0
LowValue,3413.4642448821746,8.135775876793286,1,1,113,0,1,0,0.3030783514033231,0.7236828423489914,0
HighValue,4786.190851763306,8.47369905735969,2,1,49,0,0,0,0.2494777139488536,0.2212560936981144,0
MidValue,5098.378988747237,8.536874044385918,2,1,59,0,1,0,0.20629940868436838,0.5336452999719191,0
HighValue,3367.3492209301967,8.122178057911638,1,0,54,0,0,0,0.22494052110273402,0.5807748802471824,0
MidValue,3342.3025803965556,8.114714393959392,4,0,77,0,0,0,0.1231061770658375,0.24112552157118333,0
HighValue,3428.9259283603606,8.14029394469659,2,1,110,0,0,0,0.34302239412162083,0.4332296664305123,0
HighValue,6223.7318163124155,8.736285638687983,3,1,64,1,0,0,0.4451363358944488,0.6664766697611775,0
LowValue,7076.617849049234,8.864692668073031,4,1,55,0,1,0,0.1948740460126079,0.48165136363831623,0
MidValue,6910.220476010185,8.840901525768926,3,0,59,1,1,0,0.1316925830009716,0.4458209218266161,1
HighValue,3630.3150063783696,8.197350122368622,3,1,63,0,0,0,0.40598121853327906,0.472227316739561,0
MidValue,3959.4476223938836,8.284112333818495,1,0,6,0,1,0,0.16701397300002777,0.7135142267652361,0
MidValue,3084.176256627039,8.034364068135973,3,1,87,0,2,0,0.1690369011585629,0.8611668428013848,0
MidValue,7754.970865118912,8.956218259924198,3,1,101,0,1,0,0.27241340521421814,0.5013928602821873,0
HighValue,4273.65896857895,8.360459604756967,2,0,95,1,1,0,0.10190182230684532,0.6521436671381916,0
LowValue,4943.678702000686,8.506067267628536,4,1,95,0,0,0,0.3540424999703073,0.0,0
LowValue,4286.100951345264,8.363366014570142,3,0,74,0,1,0,0.164287355640462,0.5794452239485616,0
MidValue,5251.229467146152,8.566407925851749,2,1,44,0,0,0,0.18586755389445267,0.45253361044592055,0
HighValue,3427.0717288991436,8.139753203915078,2,1,18,0,0,0,0.32594102547588305,0.8725891920305107,0
HighValue,4069.4377714832117,8.311505833213404,4,1,73,0,0,1,0.37489265053958004,0.16708476527095956,0
MidValue,3631.832612439377,8.197767956961949,2,0,48,0,0,0,0.42189682146460766,0.41079178944251915,0
MidValue,1452.2722207285624,7.281572996833435,4,0,65,0,0,0,0.38198731961767385,0.6427741760109533,0
HighValue,5381.699093269617,8.59094521755019,4,1,82,1,0,0,0.5029176076509749,0.49654133027758623,0
MidValue,6107.020233972933,8.717357979033254,2,0,102,0,0,0,0.6975480824683065,0.4711013092310203,0
MidValue,6454.964790621652,8.772759756189815,2,1,5,0,0,0,0.5495576928157516,0.48306848862060525,0
HighValue,7338.592429193734,8.901038592709059,3,0,24,0,0,0,0.1919771198817456,0.4926802083822563,0
HighValue,6424.602620159267,8.768045698386027,4,0,66,0,1,0,0.1273041202904021,1.001859335188434,0
LowValue,4891.612215523412,8.495481635240907,4,1,3,1,1,0,0.08027826081877165,0.6165593804470751,0
LowValue,5814.460499767372,8.668275253522749,2,0,3,1,0,0,0.40916377038525725,0.0,0
HighValue,4203.3094943709875,8.34386534830969,2,1,119,1,0,0,0.43394167975481956,0.5834751255297413,0
HighValue,6188.98712030745,8.730688284950702,3,1,108,0,0,0,0.3192445011486056,0.44420410984654796,0
MidValue,4569.047092651155,8.427278788572828,4,1,87,0,0,0,0.4575343599453225,0.4793514073505694,0
MidValue,1512.4042926384263,7.322116890676662,2,1,17,1,0,0,0.27832697721720906,0.17793364390653343,1
MidValue,4952.677575802966,8.507885524322669,3,1,61,0,0,0,0.35811935135794815,0.1344094175467932,0
MidValue,5091.813802070963,8.535585766638624,2,1,113,0,0,0,0.20308644663830974,0.7761367554443155,0
MidValue,3237.349219083283,8.082818978664065,3,1,81,0,0,0,0.2324570097399354,0.5101436313381776,0
MidValue,5711.257912841296,8.650369655808413,1,0,103,1,1,0,0.17420670566586727,0.5605423756399562,0
MidValue,6780.489774357773,8.821952087528414,4,1,98,1,2,0,0.40299241343032816,0.5617907587823895,0
HighValue,3265.8497381289503,8.091581416704615,4,1,12,0,1,0,0.28658368578725935,0.5119880501203614,1
HighValue,6133.940014246338,8.721755579468251,4,0,75,0,0,0,0.3428339310022095,0.0,0
MidValue,6301.077199939169,8.748634572311875,2,0,58,0,1,0,0.09295291161626905,0.2804471396957632,1
HighValue,3574.423165283705,8.181838816034706,1,0,88,0,0,0,0.06611966483700629,0.6256822396844677,0
MidValue,4335.359485420412,8.374790446837029,1,1,30,0,0,0,0.4225469369293611,0.5232535521607874,0
LowValue,3360.199662296448,8.120053231582931,4,0,89,0,0,0,0.022635773045902797,0.5110206288075481,0
HighValue,4131.927369853479,8.326741241130483,1,1,117,0,2,0,0.3303733204871368,1.093711353425551,0
LowValue,4924.992258761906,8.502281007173343,2,0,10,0,0,0,0.2286227806735009,0.3565798055836161,1
MidValue,6749.327764454687,8.81734634038468,3,0,10,0,1,0,0.23899955786873056,0.0,0
MidValue,4041.624858723733,8.304649477486029,3,1,84,1,0,0,0.4405992113778703,0.529076804810711,0
MidValue,2667.990563651299,7.889455613861106,1,0,108,1,1,1,0.23192249630216413,0.951354979652171,1
MidValue,283.31971371377404,5.650099357490295,3,1,1,0,0,0,0.15673708168569164,0.055580287627406744,0
MidValue,3995.816139620857,8.293253358058829,4,1,24,0,0,1,0.16264824131768688,0.33508000518689185,0
MidValue,3029.8232026052037,8.016589545632112,4,1,35,1,1,0,0.2533274662275772,0.8170015313088743,0
HighValue,5278.365321401045,8.571561165195089,4,1,50,0,0,0,0.4061932637598779,0.19540874451454343,0
MidValue,5344.113252184722,8.583938011669607,4,0,21,0,0,0,0.041660597618162834,0.27033828136805627,0
HighValue,2619.5843059583044,7.871152589431765,4,1,27,0,1,0,0.11650327814333836,0.4970454052460263,0
HighValue,5543.430900490609,8.620549261603122,1,0,19,0,1,0,0.2021594284136404,0.16329433077868788,0
MidValue,4682.614793365595,8.451825482515485,2,0,63,0,0,0,0.3409562780946915,0.7553203973395892,1
HighValue,4620.2157177846775,8.438413091837537,1,1,3,0,2,0,0.19674853911496618,0.7520506273861213,1
HighValue,4219.124971105542,8.347620020597624,2,0,94,0,0,0,0.7537806786028284,0.0,0
HighValue,128812.24023307188,11.766118884209778,3,0,84,0,0,0,0.4055463769016545,0.829534732198929,0
MidValue,5891.8621844294175,8.681497098246686,1,1,6,0,1,0,0.22963281088033016,1.106649468812677,0
LowValue,5280.823701384811,8.5720267150537,4,1,47,0,0,0,0.41097369126259925,0.6693673073861975,0
HighValue,6726.388603319675,8.81394232405738,3,1,76,0,1,0,0.21832026986196937,0.7465420733888688,0
MidValue,5052.091490967219,8.527755511395005,2,1,46,0,0,0,0.4169072432185974,0.6363119708091716,0
MidValue,5208.026344251072,8.558148235181255,4,0,99,0,0,0,0.5126339884186725,0.035855400480834965,0
MidValue,5802.954821413168,8.666294829930566,2,1,16,0,0,0,0.2596322607543179,0.4549404419221552,0
HighValue,4594.387031138738,8.432808259999815,1,0,110,1,1,0,0.09067242712720032,0.2414654702629857,0
HighValue,3196.9797195861424,8.070274551780965,2,0,19,0,0,0,0.4633797798133057,0.8762548428096095,1
MidValue,7643.663123607619,8.941763052461944,2,1,103,0,0,0,0.4658753873108427,0.19788062163711562,0
MidValue,6414.524305500874,8.766476004886991,2,0,36,0,0,0,0.27538731391533944,0.9693586044325982,0
HighValue,3050.8323032934586,8.023497444398489,3,1,76,1,1,0,0.568320165590192,1.1956068310606058,0
HighValue,3525.184173498392,8.167971594576816,2,1,77,0,0,0,0.5090967796432259,0.6707954187931752,0
HighValue,3401.528206693488,8.132274024481998,4,1,24,0,0,0,0.5502372764177018,0.7311882804271269,0
HighValue,2714.505802714195,7.906733514358713,4,1,26,0,0,0,0.5131792883907423,0.5011202637932299,0
LowValue,5543.115913278576,8.620492448529703,2,1,67,0,0,0,0.17318117770771654,0.5479595700983063,0
HighValue,7253.199817426227,8.889335865290079,4,1,100,1,0,0,0.34787487787618354,0.5557408779833548,0
MidValue,5580.706002911143,8.627249743936583,3,0,100,0,1,0,0.44016325368077974,0.552325569467758,0
HighValue,7338.760760022391,8.901061527074965,2,0,118,0,0,0,0.2428849876341945,0.036606753913615286,0
HighValue,4372.579147440646,8.383336979744438,4,0,110,0,0,0,0.16997734554295563,0.16517911500315713,0
MidValue,5394.424904043677,8.593306633449803,2,1,103,0,0,1,0.5009711031225044,0.9375928765000558,0
MidValue,3610.0868050034305,8.19176406003683,2,0,82,1,1,0,0.5763374804759256,0.0,0
MidValue,5032.232269933119,8.523817655112088,3,1,92,0,1,0,0.2920882199969419,0.6031366763767353,0
LowValue,6611.120852527649,8.796659736530632,4,1,33,0,0,0,0.37225242225302846,0.08858208663685052,0
MidValue,6070.308670343653,8.711329457248207,3,0,2,0,0,0,0.09133739335426057,0.18176518502524552,0
MidValue,6530.499743738995,8.784391865691985,3,1,75,0,1,1,0.30892675564159927,0.5544592164180906,0
MidValue,4388.420882603744,8.386952579965016,3,0,118,1,1,0,0.20162200144693684,0.0,0
MidValue,6368.9700814159405,8.759350051760194,1,1,14,1,0,0,0.3557347375127386,0.3141101540729626,0
HighValue,7175.314296368066,8.878541201047083,1,1,10,0,1,0,0.36393275123028723,0.11700952522954672,1
MidValue,5845.340920075844,8.673571260781616,3,1,38,0,1,0,0.466643288962432,0.7985057211242149,0
LowValue,2914.845998693733,7.977915279214622,1,1,58,0,0,0,0.4742008353134839,0.37305184863982954,0
MidValue,5423.496289951175,8.598680324319268,2,1,106,0,0,0,0.3286167723978651,0.6954986077867831,0
LowValue,5366.410620501709,8.588100877635103,4,0,89,1,0,0,0.19348757581864612,0.8488432660214001,0
HighValue,3991.888878186084,8.292270277521483,1,1,48,0,0,0,0.0909318860266028,0.5510904391451098,0
LowValue,3453.8138417824516,8.147523853934649,4,1,36,0,0,0,0.18463736271601466,0.18458603740345653,0
HighValue,3781.4755734786677,8.238133987869992,1,1,70,0,0,0,0.30869151503853465,0.4413528072377749,0
HighValue,6723.3487997478305,8.813490367030195,3,1,38,0,0,0,0.40036590356230223,0.629101480262212,0
HighValue,5199.5006750314515,8.556510183594439,2,0,20,0,0,0,0.3143702222343179,0.8575050977406644,0
MidValue,7506.369654030912,8.923640437606318,1,1,12,0,1,0,0.3492713087652361,0.9067484579941303,0
MidValue,2304.5281338123696,7.743065054483765,1,1,95,0,0,0,0.23613105404225807,0.00010960561859307827,0
LowValue,5633.735441230803,8.636705476166902,1,1,16,0,0,0,0.30697629521865927,0.2866647892717922,0
MidValue,7400.246586899208,8.90940372269394,2,1,50,0,1,0,0.3159914573986877,0.3321826888963323,0
MidValue,7747.084354190576,8.955200911688914,1,0,64,0,0,0,0.23713311166491513,0.3467871194491391,1
HighValue,4191.31221263069,8.3410077014314,3,1,47,1,0,1,0.17380282323112875,0.3010492247058827,0
MidValue,7387.008561701933,8.907613500184448,2,1,11,1,0,0,0.46168205754500724,0.2691734935499148,0
MidValue,6640.921441306753,8.801156574300764,4,0,56,0,1,0,0.2229110726180982,0.6102373099249283,0
LowValue,6773.512683670697,8.820922714551424,2,1,70,0,1,0,0.17406873064184036,0.9261821599165174,0
MidValue,5321.14128077968,8.579630997742905,2,0,29,0,2,0,0.6477996224316588,0.35594480710157617,1
MidValue,6515.247559191994,8.782053961509753,3,0,3,0,0,0,0.0993174056182328,0.8753261318800463,0
HighValue,6372.7101745799555,8.759937023999965,3,1,56,0,0,0,0.3557301861497241,0.578478381281439,0
MidValue,4096.409213699565,8.318110153862353,3,1,15,0,0,0,0.33721669706933555,0.4397764370269471,0
MidValue,947.0454876586737,6.8544024838662,1,0,83,0,1,0,0.040070253309669145,0.5449205964650102,0
LowValue,6713.073975569408,8.811961195586134,2,0,92,1,0,0,0.2311276948352032,0.36885485395507267,0
MidValue,6599.900851320267,8.794961411324529,1,0,107,1,1,0,0.1379209814899601,0.6072488718866302,0
HighValue,6128.780772659587,8.720914265266208,1,1,50,0,1,0,0.3148518018953333,0.9851319211369209,0
LowValue,4408.612450391745,8.39154208484948,2,0,26,0,0,0,0.17851690807988327,0.0,0
HighValue,4406.140078093239,8.390981249699502,4,0,119,0,0,0,0.15253640425590564,0.8354968034174901,0
MidValue,2654.829148491639,7.884512181905155,4,1,80,1,0,0,0.31494235336032433,0.6211453929641677,0
HighValue,7450.486586086121,8.916168833224322,3,0,74,0,2,0,0.202596780992947,0.7388888554342867,0
MidValue,4890.528838360071,8.495260179486783,3,0,45,0,0,0,0.32059922809533553,0.38076399761890334,0
LowValue,6284.516999943687,8.746003376979926,3,1,107,0,0,0,0.1127126766520801,0.6939314356056574,0
MidValue,4497.997946682245,8.411609972446813,3,1,57,0,0,0,0.18854473577659525,0.6076185566965718,0
MidValue,1493.8496600744143,7.309780918944973,1,0,103,0,0,0,0.19431351173659775,0.0,0
HighValue,6212.726165140673,8.734516021576246,4,1,99,0,0,0,0.259872717088398,0.3654077974316627,0
MidValue,6850.1071749038465,8.832165549568153,3,1,99,1,0,0,0.052341519416866544,0.0760191878417305,0
MidValue,7816.873601506361,8.964167878597024,1,1,44,1,1,0,0.4820039837037018,0.4607925393330985,0
HighValue,4859.268140427427,8.488848888300023,3,0,96,1,0,0,0.12403367538743056,0.1995297041243792,1
MidValue,4312.2761983698365,8.369453033171501,1,0,101,0,0,0,0.11546725078471297,0.3750149641482836,1
LowValue,5257.047550828323,8.567515048768966,4,0,75,0,1,0,0.05387226189867718,0.09928640495599544,0
LowValue,3467.1815291160083,8.151385680566289,4,1,22,1,0,0,0.4570910783752749,0.9718718768758179,0
MidValue,3713.043060385612,8.219876335918034,4,1,30,1,0,0,0.11958160350325205,0.27853469400483005,0
LowValue,5944.002526011232,8.69030623402155,3,1,13,0,0,0,0.16490463420914728,0.44980465147923493,0
HighValue,4672.08584774412,8.44957491354476,4,1,39,1,1,1,0.2523269568073254,0.0,0
MidValue,4228.650668466777,8.34987468434324,2,1,9,0,0,0,0.14421016149676716,0.5115133370820885,0
MidValue,5605.75871927914,8.631728063144823,4,1,20,0,0,0,0.17463631199381166,0.7619933389119713,0
HighValue,4497.41062991275,8.411479420018226,1,1,74,0,0,0,0.5498963100753765,0.5119374354994846,0
HighValue,8631.510436325207,9.063290638220868,2,1,104,1,1,0,0.17387063408786754,0.19462654592958079,0
MidValue,4578.812085074374,8.429413246806757,2,1,12,0,1,0,0.12417601340769299,0.5997933219237155,0
MidValue,7344.759692654373,8.901878513164766,4,0,14,0,1,0,0.11487023872748808,0.3615003260814448,0
LowValue,6066.848460174289,8.71075936655313,2,1,55,0,0,0,0.10263223311857836,0.24147916262880048,0
HighValue,6475.615954920468,8.77595342375823,1,1,67,1,0,0,0.07424388763693354,0.46784444756456933,1
HighValue,5551.540671422125,8.622010880626425,2,1,30,0,0,0,0.17858194625055854,0.5373423897853782,0
MidValue,4793.752477258637,8.47527736497546,4,1,117,0,0,0,0.14322457459218232,0.9571502959086577,0
HighValue,5016.020596608302,8.520591529839251,3,1,42,0,0,0,0.4104406111987817,0.29399705401730425,0
MidValue,4107.597569466685,8.32083702528609,3,0,12,0,0,0,0.09709143328912356,0.3092736001862394,0
MidValue,5570.453967073024,8.625411334238676,1,1,9,0,0,0,0.2818117151453058,0.7160322383169724,1
HighValue,6468.678662284702,8.774881720463213,1,1,71,1,0,0,0.5153331356730299,0.6197808768501003,0
MidValue,1356.879547869004,7.2136796060028425,2,1,93,0,0,0,0.6784129338266834,0.9633577910239864,1
LowValue,3108.698169805447,8.042280948953975,4,1,6,0,0,0,0.5480307261110251,0.09017924327906085,0
MidValue,3210.8801185339207,8.07461175137322,3,0,103,0,1,0,0.56871318147764,0.7790632442868441,0
MidValue,5980.22580608908,8.6963808102341,3,1,115,0,0,1,0.24683887785530334,0.23811467816082266,0
MidValue,5938.463422931922,8.68937407543669,3,1,75,0,0,1,0.4447743693895672,0.7452876123565545,0
LowValue,4380.885923178769,8.385234486767429,1,1,55,0,1,0,0.3049873703418542,0.6080493849655145,0
HighValue,7257.6845076118425,8.889953894101984,4,1,101,0,0,0,0.08414584436725463,0.7180616567141044,0
LowValue,4429.230087982703,8.396206800286967,1,1,41,0,1,0,0.15291673638245631,0.6559961352506782,0
MidValue,5808.849757775877,8.667309990264764,3,0,86,0,0,0,0.011182345295825602,0.6598940354199945,0
MidValue,6194.340739377352,8.73155279487147,1,0,92,0,0,0,0.1511414219341816,0.0,0
MidValue,4753.96046138025,8.46694365977778,3,1,87,1,0,1,0.15563293796411534,0.0,0
LowValue,6557.261172563625,8.788480781644173,4,1,35,0,1,0,0.31595169107996,0.6233989164330196,0
MidValue,4440.812890808783,8.398817880831658,4,0,105,0,0,0,0.10361315860860554,1.0040043062108894,0
MidValue,4965.826167944,8.510536317100927,3,1,74,1,2,0,0.4688680284605655,0.8667250289854814,1
MidValue,5160.279416214676,8.548939776620179,2,1,17,0,0,0,0.21656015076967816,0.5529841660223498,0
HighValue,6127.701697290329,8.72073821160301,2,1,102,0,0,0,0.12022878901039964,0.4771471552038038,0
MidValue,7149.51350769418,8.874939452367101,3,1,51,0,0,0,0.5456697355693036,0.6158236516141421,0
HighValue,3854.3507334101923,8.257217263288233,3,0,96,0,0,0,0.3057118969765245,0.27099263274235674,0
HighValue,2921.509757225641,7.980198031997841,4,0,6,1,2,0,0.5270472320102724,0.5305900588109533,0
HighValue,5988.337938143365,8.697736157144975,2,1,88,0,1,0,0.5412581673722743,0.5922578610349435,0
MidValue,1846.7861644454947,7.52174353362635,1,0,105,0,0,0,0.13661694359364804,0.36383269754327924,0
LowValue,5068.200939477006,8.530938478538319,1,1,68,0,0,0,0.23951177379254346,0.03748606740875615,0
HighValue,5861.646109122921,8.676356335108862,2,1,89,0,0,0,0.015983068434685013,0.7565025472640703,0
MidValue,2361.383063363752,7.767426161153994,2,1,113,0,0,1,0.383366557904765,0.33711100690821316,0
HighValue,3732.0258391753796,8.22497440071634,4,1,25,0,0,0,0.3995447066121804,0.2205318022351152,0
MidValue,4530.445885243925,8.418796347515537,3,0,44,0,0,0,0.33653423417304834,0.7218620359396115,0
MidValue,4817.472375758124,8.480212222320281,3,0,95,1,0,1,0.24393018673341024,0.6952675384979967,0
MidValue,4988.454991966155,8.515081962733758,1,1,44,0,1,0,0.3008863281042836,0.8405461283997335,1
LowValue,5593.46571829191,8.629533123477087,3,1,60,1,1,0,0.41634648677325314,0.031433210792079835,0
MidValue,6032.940153087817,8.705155501388052,1,1,31,0,1,0,0.2572994422198414,0.35897979947069614,0
HighValue,2622.3644217075685,7.872212903387568,4,0,51,0,1,0,0.33782678030481966,0.642567324425731,1
MidValue,6866.480474448723,8.83455257478355,1,1,29,0,0,0,0.17697820573419437,1.0465894523957222,0
MidValue,4564.348544437011,8.426250141579288,2,1,99,0,1,0,0.4617811753050377,0.039358736234149205,0
MidValue,4368.823110029458,8.38247780901624,3,1,13,0,0,0,0.49485557728435176,0.5158600220824634,0
LowValue,6662.92291134042,8.804463615853662,4,0,5,0,1,0,0.3944778341163789,0.2451979692881962,1
HighValue,4188.137387203342,8.340250117545374,4,0,107,0,0,0,0.01964896716080512,0.57688236029607,0
HighValue,3680.91049704526,8.211187053253482,4,1,52,0,0,1,0.21045294407329002,0.0,0
MidValue,2164.4122129709103,7.68036602091396,4,1,108,0,0,0,0.6062932636820951,0.4858307368537119,0
MidValue,6886.535654338174,8.83746863012119,3,0,103,0,0,1,0.7025404869735479,0.4717140084073005,0
LowValue,2320.5749463574953,7.750001090530298,3,1,77,0,0,0,0.2639353918786225,0.3460183397915943,0
LowValue,3022.821129122196,8.014276585127414,2,1,94,1,0,0,0.13872078646192107,0.9335377041070367,1
HighValue,1805.6967405252221,7.499255451674209,4,1,90,0,0,0,0.17219922447482888,0.4690428727789364,0
MidValue,4399.294853787636,8.389426829885597,3,0,106,0,0,0,0.2990270402563263,0.46141117035260726,0
MidValue,2196.000306620877,7.69484821194804,1,1,47,0,0,0,0.2337179923823941,0.8647201224029224,0
MidValue,6759.092325397334,8.818791826546901,2,0,26,0,0,0,0.3510748975478805,0.44500968960422216,0
MidValue,3967.040986468061,8.28602779760244,3,1,84,0,1,0,0.20041742777268032,0.4761047409847852,0
LowValue,3247.7785110864806,8.086034361934576,1,0,73,0,1,0,0.48603693219296373,0.8593156569577043,0
MidValue,5564.8839529754005,8.624411092600683,1,0,103,0,0,0,0.3314207895293403,0.33540149388513374,0
MidValue,3383.2915434355573,8.12689987051262,4,1,18,0,0,0,0.4519087026586157,0.0,0
MidValue,4810.427462234653,8.478749088767746,2,1,29,0,0,0,0.41724734091659904,0.2795346921218599,0
LowValue,6364.6483809773,8.758671372414186,3,1,85,0,0,0,0.45261972495497466,0.37369611393628,0
MidValue,3793.5161073148,8.24131217374596,3,1,36,0,0,0,0.31706229254339874,0.8088407484394704,0
HighValue,4442.97501300168,8.399304528106828,3,0,60,0,0,0,0.30924176886691157,0.4633426579386272,0
LowValue,3888.9030291813015,8.26613950807075,3,0,40,0,1,0,0.05840041761493326,0.7133943018739635,0
MidValue,4531.327657437945,8.4189909181748,2,1,39,0,0,0,0.31532254825336653,0.049543628468395995,1
MidValue,9587.366165349806,9.168305784786448,1,0,118,0,0,0,0.4581482861464188,0.6835778837085847,0
HighValue,1801.9756027742583,7.497193691649902,1,0,61,0,0,0,0.3203781301266805,0.46744077131914785,0
HighValue,6369.853183251831,8.759488677313497,1,1,90,0,0,0,0.20417429701857406,0.7699275846591547,0
HighValue,5087.649949487473,8.534767838506239,1,1,8,0,0,1,0.09705785561304449,0.36280854290136366,1
MidValue,3955.3839753517605,8.28308574954704,2,0,73,0,0,0,0.18677645011112076,0.060682260645127106,0
MidValue,6526.078619914184,8.78371474389961,4,0,103,0,0,0,0.22417075768742473,0.7519175593958736,0
MidValue,6876.322320039851,8.835984657501694,1,1,74,0,0,0,0.17159554319736448,0.2166912057145307,0
HighValue,3651.4051762217678,8.203141181952265,2,0,60,0,0,0,0.23986604350347043,0.6043622785363009,0
HighValue,4868.8259506764825,8.490813476357175,1,1,85,0,0,0,0.47945859801076174,0.3451659086326302,0
MidValue,4086.000107353411,8.31556650983132,1,0,118,0,1,0,0.3476117856382786,0.5513039225633729,0
HighValue,5677.916976839245,8.64451582044309,4,1,69,0,0,0,0.31455386828764587,0.5776322973772225,0
LowValue,5269.640605052136,8.569907191083852,4,1,83,0,1,0,0.34982387842437157,1.1345911444888697,0
MidValue,4975.007435352099,8.512383128660684,3,1,77,0,0,0,0.16517574392635215,0.02716933841113084,0
MidValue,5647.76263973349,8.639191798339006,1,0,5,0,0,0,0.5960234513306698,0.8051036040689368,1
MidValue,5768.292382801782,8.660304714685525,1,0,94,0,0,0,0.017125134159222014,0.3704983232311291,0
HighValue,7231.778182899532,8.886378499007193,1,1,31,0,0,0,0.15076545351222656,0.4973782039929908,0
MidValue,3708.8484150942168,8.21874629630158,3,1,8,0,0,0,0.22786079411307708,0.461084333323186,0
HighValue,4904.310786108018,8.498073731074399,1,0,21,0,0,0,0.6868548453087778,0.6796729317233199,0
MidValue,8674.952617098852,9.06831041055551,4,1,10,0,0,0,0.6054396353385606,0.8928348776067156,0
MidValue,4046.9127326574703,8.305956652596945,2,0,104,0,1,0,0.22070160304055347,0.44893186472668145,0
HighValue,6850.191972323502,8.832177926676366,1,1,22,0,0,0,0.5930974936451903,0.5523378294366206,0
MidValue,3534.950796358242,8.170737508603661,1,1,28,1,0,0,0.5970004603210097,0.5459215468846125,0
MidValue,6093.202758925445,8.715093230886717,1,1,19,0,0,0,0.49285776113515634,0.196643963612666,0
MidValue,4742.564970008305,8.464544235378389,2,0,106,0,0,0,0.2856602213471832,0.34136482603995166,0
MidValue,5618.449006060886,8.633988896455165,1,1,2,0,0,0,0.1681978340430913,0.4748783873033504,1
MidValue,4566.329415587033,8.42668394011894,4,0,108,0,0,0,0.2743490646608438,0.5635625750585833,0
HighValue,6949.076181265281,8.846507899831897,1,1,18,0,0,0,0.39041195108341725,0.29423270417004127,1
MidValue,4947.272786203679,8.506793862591708,3,1,30,0,0,0,0.2019953584562087,0.007265547914630577,0
MidValue,4752.705189931638,8.46667963294122,3,1,79,1,1,0,0.06080218767780897,0.16906373047770867,0
MidValue,5718.757947010496,8.651681766522248,3,1,34,0,0,0,0.1262593564617837,0.29911557124271937,0
MidValue,3940.574918077116,8.279335647823348,4,1,8,0,0,0,0.4261749433785764,0.641288742873145,0
HighValue,1494.272989396115,7.310064070757896,1,0,20,0,2,1,0.3017044641732137,0.6603294545954677,1
MidValue,2750.147627815908,7.919773422812961,1,0,14,0,0,0,0.5051487077106187,0.06890740009835061,0
MidValue,3925.8705581964814,8.275598092027234,3,1,31,0,0,0,0.5498143438837663,0.5352223719528743,0
HighValue,7582.151501963159,8.933684157660416,2,1,59,0,0,0,0.26000935110981216,0.38946872911954694,0
MidValue,8423.940069530694,9.038951641786442,3,1,41,0,1,0,0.16012115126460125,0.06703071983337416,0
MidValue,2985.859863494521,8.001977901646686,3,0,90,0,1,0,0.21617913542550132,0.7891612624668176,0
HighValue,5247.675956437115,8.565731125004328,1,1,73,0,0,0,0.3188835412996041,0.5676897589610741,0
MidValue,3983.498051543027,8.29016662382853,1,1,99,0,1,1,0.03818455656850641,1.01352095807519,0
MidValue,5383.355448709045,8.591252888593564,3,1,109,0,1,0,0.43145005928415114,0.030702521066286126,0
LowValue,3077.9574516107923,8.032346328930283,3,0,57,1,0,0,0.5624737622489803,0.38796835890928627,1
MidValue,5544.0611638300325,8.620662930170887,2,1,106,0,1,0,0.5350636909172066,0.37877294564586295,0
HighValue,3805.7166213303635,8.244522317397212,4,1,37,0,0,0,0.37567646722042874,0.41558954810997706,0
LowValue,3215.863098308093,8.07616197063195,1,1,117,0,0,0,0.26940014448441235,0.5166426094434857,0
LowValue,4018.4759040066815,8.298906800976239,3,1,34,0,1,1,0.08126591985102785,0.5178313335271658,0
LowValue,1979.3244184192708,7.591015957953515,4,1,54,0,0,0,0.39232608567423854,0.25357271427958517,0
MidValue,6016.24294014563,8.702384450031941,2,0,95,0,0,0,0.30522444235406015,0.8251166518387163,0
HighValue,3716.8989620665243,8.220913992566928,4,1,71,0,1,0,0.3051254021314318,0.7496211646610553,0
HighValue,7248.312314197878,8.888661890135785,3,1,53,1,0,0,0.5985260799161365,0.2635391095695904,0
LowValue,6261.042332846354,8.742261662139187,3,1,10,0,0,0,0.5149894099616985,0.9611743709926459,0
LowValue,6859.7866106158735,8.833577380416791,3,1,80,0,1,0,0.3612213268178717,0.5303941925741505,0
HighValue,4398.422847598716,8.389228640302393,2,0,58,0,0,0,0.16171418408366134,0.8931963261948161,0
MidValue,7003.561278824197,8.854316827091612,2,1,15,0,0,0,0.3802712922711231,0.8459752063594679,0
MidValue,6996.224234536366,8.853268811472121,3,1,68,0,0,0,0.12186466819443975,0.27452289802653584,0
MidValue,4421.515393144484,8.394463906671067,2,0,38,0,2,1,0.26088629936590046,0.14791074498682782,1
HighValue,5117.586143503612,8.54063353605187,2,1,41,0,0,0,0.25556425734824073,0.0,0
LowValue,7205.031829652129,8.88267370840238,2,1,11,1,0,0,0.5398650619895885,0.9542130268888764,1
LowValue,5263.938833954417,8.56882480701805,3,1,77,0,0,0,0.07025216458546234,0.5539425260632407,0
HighValue,3949.9050483058973,8.281699957803172,3,1,84,0,0,0,0.27786466527510784,0.5622224544698802,0
HighValue,6656.908423915602,8.803560663747138,3,1,41,0,1,1,0.25923350291907993,0.14161747775459677,1
MidValue,6848.926288509721,8.831993170396872,4,0,53,0,1,0,0.186765857315422,0.903156273656746,0
HighValue,3676.484419586015,8.209984215780286,1,1,102,0,0,0,0.3217137917899129,0.36373369886337703,0
MidValue,5690.525497447744,8.64673359267226,1,1,37,0,0,0,0.1301276234912114,0.6386509705964695,0
HighValue,5057.481883311766,8.528821694204673,1,1,5,0,0,0,0.5110254539112484,0.958592446355454,0
LowValue,6730.594079153542,8.814567256278478,3,0,63,0,0,0,0.31527579011895535,0.22524972274544253,0
LowValue,3906.822997219031,8.270735719716017,3,1,3,0,0,0,0.15687245016074852,0.0,0
MidValue,7020.665985993733,8.85675578880606,3,1,61,0,0,1,0.1650743366116412,0.4755599729133848,0
LowValue,6427.942606875986,8.768565356877696,4,1,71,0,0,0,0.3004582982726608,0.4275474999528827,0
MidValue,4459.521662971862,8.40302100296616,3,1,101,1,2,0,0.40656266393056734,0.19872383270511956,1
MidValue,4196.57058126312,8.342261203881943,4,1,78,0,0,0,0.09367170772816696,0.7445226829646445,0
MidValue,3249.6605630112617,8.086613504828579,3,0,52,0,1,0,0.25153206804272893,0.0,0
HighValue,7174.31626675524,8.87840211864665,1,1,64,0,0,0,0.40211841276419846,0.21291510567020322,0
LowValue,3562.9654967216,8.178629107489293,4,1,30,0,0,0,0.18117829553808035,0.7422975795223474,0
HighValue,4736.945701478386,8.46335892443322,2,1,83,0,0,0,0.31031174134598644,0.6168468640700152,0
MidValue,7905.77551460827,8.975475330951863,2,0,2,0,0,0,0.16679379096410446,0.3331524839604618,0
HighValue,6238.782371491758,8.738700584391779,2,1,27,1,0,0,0.2096119935784287,0.8136866549607695,0
HighValue,5501.477706192149,8.612953761814426,3,0,69,0,0,0,0.22749081434364724,0.7871935242365442,0
HighValue,5417.032227622679,8.59748797087812,3,1,34,0,0,0,0.7328863817228782,0.28748499363634517,0
HighValue,4728.651831929079,8.461606870305088,4,1,45,0,0,1,0.19132957374199996,0.02910581755026692,0
HighValue,2942.1077275343314,7.987221352230318,2,0,49,1,0,1,0.37325684407512894,0.8866763366756119,0
HighValue,5905.732996196826,8.68384816503234,2,1,3,0,1,0,0.16973629081100663,0.46606109648423627,1
MidValue,3320.434840149387,8.108152149315213,3,1,45,0,0,0,0.13257077604044268,0.7034694762593627,0
LowValue,8277.385623809805,9.021403255399775,2,0,93,0,0,0,0.47946270941561014,0.36175056911567616,0
MidValue,2577.351440104083,7.8549054969792005,3,1,8,0,0,0,0.28705357219917493,0.277593131952653,0
HighValue,4597.244167346346,8.433429806859355,1,0,41,0,0,0,0.2829524283297285,0.6137891645323822,0
MidValue,5082.474414958212,8.53375024674459,3,0,31,0,0,0,0.333900415820797,0.522428623344521,0
LowValue,4118.473133580695,8.323480553967341,1,1,96,1,0,0,0.33631059140461056,0.7051070133267624,0
MidValue,5085.618760415609,8.534368598121194,4,0,104,0,0,0,0.1819271543732347,0.6774524771102068,0
HighValue,6083.391995745165,8.713482081899475,1,0,113,0,0,0,0.303044412843956,0.8536451484000127,0
MidValue,7242.627746938473,8.887877429905226,3,1,76,0,1,1,0.06466053670668868,0.6195601491581033,0
MidValue,5271.205146150965,8.570203987821134,3,1,116,0,0,0,0.07271509723517253,0.8295408651436205,0
HighValue,5037.557284085829,8.524875066929585,4,0,35,0,0,1,0.3504087056040379,0.7631372629823729,0
MidValue,5604.105170892683,8.631433099093414,2,0,47,0,1,0,0.19470314673913694,0.08286554947073982,0
MidValue,5126.33158920802,8.542340644786568,3,0,94,0,1,0,0.27093695788023464,0.6131899622649915,0
LowValue,3924.7311138804394,8.275307883922551,4,1,29,1,0,0,0.18625967602784504,0.5669810174587974,0
MidValue,5061.130035359376,8.529542629309178,4,0,51,0,0,1,0.11469637871765434,0.12815428525587208,0
MidValue,6937.758787103967,8.844878188384973,4,0,8,0,0,1,0.04965080706205502,0.38243903173924954,0
HighValue,5214.665387784915,8.559421950433864,2,1,13,0,1,0,0.457948996384845,0.4551746160809664,0
LowValue,5057.652400571046,8.52885540281316,3,0,91,0,1,0,0.19902354875265024,0.7868910158722338,0
MidValue,4853.011931429985,8.487560844344916,1,0,17,0,0,0,0.30032480676104717,0.2818834597571819,0
MidValue,5925.336995163589,8.687161593739647,3,1,1,0,0,0,0.10787859796478064,0.7873684787920188,0
LowValue,5684.445195844644,8.645664713733234,3,1,11,1,0,0,0.4773706692186537,0.4994259842140723,0
MidValue,5737.0711468253285,8.654878395702037,4,1,12,0,0,0,0.20502722456735784,0.418071660131648,0
MidValue,4560.06960734342,8.425312438016737,3,1,19,0,0,0,0.04926548619634584,0.8063081348002479,0
MidValue,1499.2273246280033,7.3133719253598,2,1,33,0,0,0,0.31734980148892955,0.10975687021755376,0
LowValue,4103.650585496187,8.319875899017928,1,0,46,0,0,0,0.19420455453925253,0.5992335072829043,1
MidValue,4983.9305530115935,8.514174751107644,1,1,33,0,1,0,0.07012730692577639,0.5439635450996927,0
MidValue,3659.446438122868,8.205340396585944,1,1,18,0,2,0,0.5329617490264804,0.4069719119156134,1
MidValue,6066.629642606381,8.710723304097893,3,0,25,1,1,0,0.47266529357907083,0.4290130219365541,0
HighValue,3680.86967807604,8.211175966836384,3,1,47,0,0,0,0.1239979498639014,0.3156406252939993,0
MidValue,1687.7611302327168,7.431750480064069,1,0,20,0,0,0,0.11560813277288412,0.4500391670663721,0
HighValue,6281.770737609677,8.745566362418348,3,0,104,0,0,0,0.07788778660722621,0.6984528015074326,0
LowValue,4678.585439435688,8.450964803670976,4,1,83,0,0,1,0.7122615918772988,0.4937884663797974,0
MidValue,5039.1817421158,8.52519742035888,2,1,113,0,2,0,0.2382954430613272,0.3581382637606021,0
LowValue,2343.155824237401,7.759680626404324,3,1,43,0,0,0,0.2201806429074317,0.856382830753739,0
MidValue,4484.981694865798,8.408712634569332,1,1,63,0,1,0,0.38549115797701833,0.4683291173564012,0
LowValue,4804.476932612726,8.477511574046371,3,0,74,0,0,0,0.1980201594223778,0.815557144466031,0
HighValue,5131.480947524549,8.54334443676239,4,1,92,1,0,0,0.1524395185013872,0.7015177713995828,0
LowValue,6388.171284059816,8.762359849455663,1,0,64,0,0,0,0.30847534925262116,0.2737967754113772,1
LowValue,4060.638747612615,8.309341803575029,4,0,74,0,1,0,0.153247708371953,0.4164802535355015,0
HighValue,4676.822646503908,8.450588034177448,2,0,33,0,1,0,0.31986077521114425,0.5868866015588003,0
MidValue,7589.124009156873,8.934603208748545,2,1,3,0,0,0,0.6598731704338835,0.8703369042430658,0
MidValue,4799.172223363993,8.476407076119814,3,1,110,0,0,0,0.12018021675958789,0.7359256007351174,0
MidValue,7200.232082494658,8.882007412933053,1,1,61,1,0,0,0.3093888965685902,0.5343588662206824,0
MidValue,2382.7192116290985,7.776417240891668,2,1,86,0,1,0,0.48330549130571454,0.8839083263946819,0
HighValue,4757.759549443017,8.467742314407174,4,1,61,0,0,0,0.2544061465994395,0.48704170544493375,0
HighValue,6889.095730664001,8.8378402580569,3,1,86,0,0,0,0.3577292203519367,0.5029976236067484,0
LowValue,6080.564277800695,8.713017224401746,1,1,111,0,1,0,0.3110929061725413,0.6404665619900978,0
MidValue,7321.594705842292,8.898720012157655,3,0,81,0,0,0,0.6170156435620422,0.5061678386343562,0
MidValue,4473.969491609006,8.406254813168175,3,0,108,0,0,0,0.2334835270459427,0.32808674857826503,0
LowValue,5229.573263342256,8.56227616163386,3,0,38,1,1,0,0.6246661651015007,0.34675406564295175,0
LowValue,1462.8137724422445,7.2888004818141106,2,1,106,0,0,0,0.22038547029465602,0.6938970009049565,0
MidValue,2903.3521571825445,7.973965634839963,3,0,41,0,0,0,0.5294481846598805,0.30692129093910714,0
HighValue,5818.20218777158,8.668918450190102,2,0,57,0,0,0,0.34774318049513936,0.7550251907663625,0
LowValue,4076.0606775010338,8.313131585588327,2,0,62,0,0,0,0.20789775874123817,0.8441458672659876,0
HighValue,6302.057847732802,8.748790167280418,1,1,105,0,0,0,0.43961736997138023,0.7496294259070354,0
MidValue,4561.973073924675,8.425729679951122,2,0,26,0,0,0,0.2940087432923519,0.30610479479505215,0
MidValue,5842.2000843128735,8.673033885389824,3,1,62,0,0,0,0.13082819657656325,0.3623520233897528,0
MidValue,3745.3552081308853,8.228538701821691,4,0,50,1,0,0,0.24893786723741668,0.30832404758440557,0
MidValue,3436.297463034767,8.142440820394553,1,1,2,1,0,0,0.524179535414896,0.161087812335651,1
MidValue,6655.786042589591,8.803392070869323,2,0,26,0,1,0,0.14011649527865486,0.26054411289232415,0
LowValue,5875.113005056126,8.678650768738544,2,1,75,0,0,0,0.23897282167684122,0.8329514394658768,0
LowValue,5031.471944809466,8.523666582696512,1,1,13,0,0,0,0.4815330752398002,0.8036712210174596,0
LowValue,6287.451585273055,8.746470148526676,1,0,2,0,0,0,0.45537518151116857,0.9044603098990631,0
MidValue,6367.463885282599,8.759113571177997,4,1,68,0,1,0,0.26862695562365135,0.4685226124288622,0
LowValue,6743.84687379677,8.816534066204287,2,0,90,0,0,0,0.3643718766017691,0.46805419342638227,1
LowValue,4523.7411837472255,8.417315657536278,4,1,119,0,0,0,0.2683649408780281,0.9139381029806788,0
MidValue,3893.8280739284646,8.267404817132558,3,0,17,0,0,0,0.06890920740144273,0.4610646542608025,0
MidValue,5087.762541460196,8.534789964360494,2,0,11,0,1,0,0.4616835804577056,0.8923352254176589,0
HighValue,5548.009094960286,8.621374649351461,2,1,26,0,0,0,0.31050695696538916,0.27758729951016836,0
HighValue,3021.143625614435,8.013721668379183,2,1,41,0,0,0,0.07887059080524228,0.3116940454617635,0
HighValue,1672.859366222226,7.422887236900395,1,0,118,0,0,0,0.7389980361412796,0.5237512600677097,0
MidValue,5627.61447986304,8.635618594908092,2,0,47,1,0,0,0.2755260524786139,0.9846049541682649,0
LowValue,6864.86471637202,8.834317270411349,2,1,51,0,1,0,0.39370730500921347,0.0,0
MidValue,5206.082415187278,8.557774980805506,1,0,13,0,0,0,0.41074256992251845,0.7761728598097936,0
HighValue,4628.734513676076,8.440254804977522,3,1,16,0,0,0,0.12329596977975767,0.6521336757940368,0
MidValue,5293.234201758139,8.574373620901488,3,1,43,0,0,0,0.5614697888986885,0.03429319972310729,1
HighValue,5334.521442928414,8.582141898964936,3,1,109,0,1,0,0.3167609153153855,0.43121894747312073,0
MidValue,3492.3754527439855,8.158623726217439,1,1,94,1,0,0,0.16646513300896515,0.2458060327305066,0
MidValue,5429.33438040006,8.599755991216172,2,1,78,0,0,0,0.5470931040944932,0.722257574064047,0
MidValue,6799.084659034768,8.824690340944754,4,1,2,0,0,0,0.5538650055375625,0.4399726212721393,0
MidValue,5622.195964138369,8.634655458145257,3,1,1,0,0,0,0.0684969826724672,0.2494308291137537,0
LowValue,4803.9348990675835,8.477398772731462,1,1,102,0,0,0,0.12271917946675288,0.5171342653203967,0
MidValue,6153.65398114945,8.72496381951586,2,0,4,0,1,0,0.5974128189901079,0.2230057810786752,1
LowValue,5934.764715136802,8.688751147123781,3,1,90,0,0,0,0.3850665734377559,0.3427708211157007,0
MidValue,3478.234872435877,8.15456768435227,1,1,8,0,0,1,0.11526475157202976,0.2863713400322595,0
HighValue,6976.74333624097,8.850480839218855,1,1,64,0,0,0,0.24151267548084426,0.5212047245148326,0
MidValue,6256.516093610574,8.741538595194044,2,1,113,0,1,0,0.060027353951680136,0.8237557593889144,0
MidValue,5537.25817139113,8.619435320808115,2,0,78,1,0,0,0.4453186117054446,0.8296186565743779,0
HighValue,5727.746189276235,8.653251970630222,1,1,115,0,0,0,0.49884436333284177,0.7246077809720921,0
HighValue,5363.697704434771,8.587595307612403,2,1,55,0,1,0,0.0875174365509346,0.3956920703413611,0
LowValue,3914.186792660258,8.272618319332762,2,1,117,0,2,0,0.19271227469752347,0.8408405871723239,0
LowValue,5991.310456255968,8.698232335646589,4,0,21,0,1,0,0.4137593243234553,0.31233528678041433,0
MidValue,5084.957707638829,8.534238630500937,2,1,37,0,0,0,0.15472389707641082,0.16883279514175292,0
HighValue,6717.218003106887,8.81257822024217,1,1,47,0,0,0,0.36750513846108823,0.4709811001883777,0
MidValue,4237.855011454488,8.35204846728915,1,1,39,0,0,0,0.732156159137012,0.13188594711843454,0
HighValue,3875.2968099598356,8.262635546435863,4,1,98,0,0,0,0.26305308657036264,0.19828447697435364,0
MidValue,3706.4888342618374,8.218110062345202,4,1,102,0,1,0,0.08241983377214586,0.0,0
MidValue,6590.317250029322,8.793508493717617,2,0,117,1,0,0,0.5114825884067554,0.7049381170675674,0
MidValue,4963.013101452096,8.509969785614347,1,0,87,0,0,0,0.1394187934419707,0.765095652074856,0
MidValue,4201.912535974411,8.343533024884808,3,1,55,0,0,0,0.1920634718203275,0.6925233902637147,0
MidValue,3122.8928609859413,8.046835214912429,4,1,42,0,0,0,0.14252496909523066,0.6722633689872042,0
MidValue,8845.411696585954,9.087767197768763,3,0,25,0,1,0,0.17793486561065686,0.16128131420442582,0
LowValue,5166.407152770064,8.550126323860894,3,0,18,0,0,0,0.3663465444917377,0.724443609978511,0
LowValue,4076.8836686778636,8.313333424164947,4,1,71,0,0,0,0.36165372211186336,0.676123103491714,0
HighValue,4315.179259229918,8.37012585916472,2,1,119,0,1,1,0.22850652738699692,0.2793894986891937,0
MidValue,6773.8586036156585,8.820973775215082,4,0,110,0,1,0,0.3626757416513727,0.46359835110278336,0
MidValue,4586.229901849165,8.4310316136484,3,1,39,0,0,0,0.12088872242327234,0.6034305140731797,0
MidValue,3402.8950906516834,8.132675669785812,1,1,67,0,0,0,0.23327422301003375,0.7840144162206831,0
HighValue,4879.028227994271,8.492906283255518,2,0,76,0,0,0,0.19401294326975474,0.30916604268217596,1
MidValue,7465.542697995921,8.918187346090216,3,1,104,0,0,1,0.44286289615472196,0.4395617328135651,0
MidValue,6888.675466925632,8.837779260855644,2,1,56,1,0,0,0.28563732410254683,0.3600894855278602,0
MidValue,7000.23412048632,8.853841715424533,3,1,94,0,0,1,0.24132091738683414,0.7546999218147924,0
MidValue,4001.000620262018,8.294549670131676,4,1,54,0,1,0,0.4456314059441949,0.6331393023488262,0
LowValue,2850.2740815442894,7.955521219523225,2,1,108,0,0,0,0.0100217549736678,0.3081851591821344,0
MidValue,4441.482968611234,8.398968726281725,2,1,7,1,0,0,0.6291222575846611,0.7381525898862216,0
MidValue,4386.769781321304,8.386576354504014,4,1,110,0,0,0,0.3863475699186996,1.0506847199648228,0
LowValue,5014.378566238439,8.520264184334378,1,1,6,0,0,1,0.36260571028118194,0.7083247895633786,0
MidValue,6387.246266228626,8.762215059973881,3,1,110,0,0,0,0.18360050642012665,0.5747940428955861,0
MidValue,4166.179919347414,8.33499480767955,3,1,115,0,0,0,0.27374746012671736,0.8271871155346104,0
MidValue,3849.5781959072046,8.255978596760947,1,0,28,0,0,0,0.17067050915571622,0.8636249491839081,0
LowValue,3364.095158943677,8.121211520711281,4,0,114,0,0,0,0.12413891267064008,0.6077199536049575,0
LowValue,6100.746050784115,8.71633024703663,2,1,119,0,0,0,0.46819965627009913,0.3661878061306066,0
HighValue,5620.7183455929735,8.634392651597656,3,0,53,0,0,0,0.3230473856761658,0.3280663617745035,0
MidValue,6349.705260299454,8.756321150333607,4,1,28,0,0,0,0.3105996619798493,0.28615491483232836,0
LowValue,3080.4311135964554,8.03314941532408,1,0,48,0,1,0,0.12313789185981235,0.35153843827894016,0
MidValue,4285.035692934314,8.363117503795,2,1,86,0,0,0,0.19142633023996347,0.3402267311730082,0
HighValue,6935.851562760468,8.844603285255321,2,1,110,0,0,1,0.20501083550295732,0.026693344179728573,0
LowValue,5608.782442392866,8.632267217442639,1,1,23,0,0,0,0.29055634059300983,0.6825816825252675,0
LowValue,6773.52759562931,8.82092491573443,3,1,1,0,0,1,0.3347212704599689,0.7794210067078241,0
MidValue,6448.52664294743,8.771762018406415,2,1,68,0,0,0,0.39768438673397444,0.3323335519285495,0
LowValue,6104.12954168894,8.716884605269554,2,0,87,0,0,0,0.23166615711679603,0.3698246595236312,0
MidValue,4083.5902687953467,8.314976700867094,3,1,2,0,0,0,0.5390844271673566,0.24448688885575792,0
HighValue,4830.021160472773,8.482813144688215,3,1,74,0,0,0,0.03649630443217928,0.7206364224855661,0
HighValue,5477.001160611009,8.608495561690654,1,0,21,0,1,0,0.6791749046948309,0.4517039747628595,0
MidValue,8524.21627749878,9.050783671624488,1,0,59,0,0,0,0.4298085636457053,0.3647702833053569,1
MidValue,6113.0662398998065,8.718347336526833,4,0,94,0,0,0,0.6283604630784752,0.855211417906995,0
HighValue,4858.97478595242,8.488788528805447,2,1,107,0,0,0,0.46406347188609826,0.31259075417084925,0
MidValue,5279.468007146603,8.571770010489377,1,1,7,0,0,0,0.36134708165679325,0.5999723534641498,0
MidValue,5649.821765902069,8.639556258856746,4,0,46,0,0,0,0.596094155480774,0.08577748331733331,0
HighValue,4711.945133029579,8.458068285232708,2,1,46,0,0,0,0.5577848094643225,0.6650483656052898,0
LowValue,6100.246647325126,8.716248397694978,1,1,77,0,0,0,0.10249836920921894,0.35684468504744915,0
HighValue,6653.308099772616,8.803019758447956,3,1,37,0,1,1,0.4067803105366812,0.557297162174394,1
LowValue,8696.564204846574,9.070798288987534,2,1,82,0,0,0,0.2975430498231876,0.5587350538239733,0
MidValue,7292.576551550812,8.894749315330625,3,0,7,1,0,0,0.24364993118176956,0.3211811289579911,0
LowValue,5475.002433537836,8.608130630808867,1,1,86,0,0,0,0.49791851348580835,0.7208612213535238,0
MidValue,4079.149787701318,8.313888979396205,1,1,47,1,0,0,0.3466681417373291,0.547210172227933,1
LowValue,3196.667943287044,8.070177055384734,3,1,36,0,1,0,0.3542499979109647,1.2623178501091914,0
HighValue,6500.648424966497,8.779811027572709,2,1,106,0,0,0,0.39836580185582526,0.854227775620837,0
LowValue,6852.748489632908,8.832551006347328,4,0,92,0,0,0,0.16032618884341954,0.8863890217814276,1
LowValue,7252.044386189438,8.889176575045424,4,1,95,0,0,0,0.3828706651788743,0.27357499091327653,0
MidValue,5492.844887640941,8.61138363320987,1,0,56,1,0,0,0.16070067205962127,0.4388892990005358,0
MidValue,5052.516264708568,8.527839570013262,4,1,96,0,1,0,0.14977325010203993,0.2177140654012007,0
LowValue,4906.27974615423,8.498475044074501,3,0,26,0,0,1,0.2432925293092837,0.283380208335529,0
LowValue,6263.788367482295,8.742700086629087,4,0,26,0,0,0,0.07085898104512782,0.9405383718122766,0
HighValue,1929.4874258566124,7.5655278022702905,1,0,79,0,0,0,0.4048753418729516,0.7224855922845645,0
MidValue,2405.7167023419465,7.786018733449436,3,0,84,0,1,0,0.2453901561559516,0.28694319330597684,0
HighValue,1295.694162009398,7.167573352354064,1,1,1,0,0,0,0.04877951240979589,0.6155074419035176,1
LowValue,4348.094165084815,8.37772286448667,2,0,103,0,0,0,0.2563654936497805,0.6882771245850545,0
LowValue,4825.067868882008,8.481787309260978,1,1,48,0,1,1,0.18920553691515837,0.16036272713497568,0
HighValue,6804.770046807398,8.825526067656005,2,0,36,0,1,0,0.2536938497529794,0.45286110543245256,1
LowValue,5074.928327551991,8.532264708866977,2,1,60,0,0,0,0.05172387355242964,0.5769041157707774,0
LowValue,5804.03307021151,8.666480590965293,4,0,15,0,0,1,0.09295704470953779,0.37460172302267297,0
HighValue,4828.221267573933,8.482440505402385,3,1,18,0,0,0,0.44768981067907043,0.43552434420085573,0
MidValue,4270.400912111568,8.359697134877113,4,1,17,1,0,0,0.4755449382276376,0.301646234576897,0
HighValue,3361.4677431668288,8.120430430753844,2,1,32,0,1,0,0.24212647898211812,0.5842577801275589,0
LowValue,5384.757640984986,8.59151327439865,1,1,115,0,0,0,0.12291688989640784,0.41873939849411596,0
MidValue,4955.980176625936,8.50855199894579,1,0,80,0,0,0,0.4505686098280938,0.5549745758841904,0
MidValue,3417.280907052224,8.136893044924728,4,1,110,0,1,1,0.32408529470569347,0.07718412797152069,0
MidValue,4164.613646671311,8.334618877883104,1,0,19,0,0,0,0.4540445323059155,0.06414345054184029,1
HighValue,3398.6537776034106,8.13142887530257,1,1,102,0,0,0,0.1870195304881209,0.6995174563755613,0
MidValue,3726.3176542913807,8.2234441264058,3,0,33,1,0,0,0.6122558872575371,0.3055653269472236,0
MidValue,6867.714636406644,8.834732269662847,2,0,107,1,0,0,0.021127474756370647,0.1553193106222298,0
MidValue,5565.257109503682,8.624478133887049,2,0,37,0,0,0,0.09327646611550733,0.559049034447076,0
MidValue,5791.651476466401,8.664345406411986,2,0,13,0,0,0,0.26111933404601656,0.5537933897770764,0
HighValue,3578.4266480698516,8.182957912398265,2,0,76,0,1,0,0.33927065089637076,0.42960594158345394,0
HighValue,4140.91890963946,8.328914464178048,4,0,67,0,0,0,0.13625567864595287,0.4780930212404591,0
MidValue,6833.944311015,8.829803601504521,1,0,96,0,0,0,0.5368273577604894,0.5651160122815156,0
LowValue,3977.8602455782748,8.288750686808914,2,1,94,1,1,0,0.1333387419365765,0.8157874542201317,1
MidValue,4066.935402085366,8.310890877515664,3,0,16,1,0,0,0.027207278228414743,0.4967867515641069,0
HighValue,6002.368836476607,8.700076063389448,4,0,116,0,0,0,0.49963659245599235,0.6152406515187148,0
MidValue,6766.962954903561,8.819955427704821,1,0,65,0,0,0,0.1780034942011341,0.9434942978936232,0
HighValue,6853.550328528776,8.832667992255999,4,0,101,1,1,0,0.5602178375348502,0.4989475168124442,0
MidValue,5334.483816234486,8.582134846828232,3,1,105,0,0,0,0.471728795273775,0.6021034126124932,0
MidValue,4074.423768247804,8.312730012476198,4,1,16,0,0,0,0.05973233063940628,0.5242706616357402,0
HighValue,5543.474242442549,8.620557078777384,3,0,28,0,0,0,0.21044661926602976,0.7119931118545954,0
LowValue,5770.758649764472,8.660732105049414,3,1,63,0,1,0,0.35106510560153703,0.5903928868010114,0
HighValue,4676.554670837986,8.450530746126542,1,1,39,0,0,0,0.42173274522514936,0.7376535226021932,0
MidValue,4654.255301446145,8.445752032771415,1,1,57,0,0,1,0.17769562437639946,0.6476369781629343,0
MidValue,6147.58814285567,8.723977764177905,3,0,98,0,1,0,0.6143623676355362,0.6694227885978415,0
MidValue,7951.713441753183,8.981268462842273,1,0,58,0,0,0,0.15666416361254437,0.5112308157849969,0
MidValue,2490.55102069767,7.820660695415731,3,1,106,1,0,0,0.20030218188312013,0.8108103950457992,1
LowValue,5064.62668410653,8.530233137381783,2,0,4,0,0,0,0.17955403103674739,0.501743329036962,1
MidValue,2634.1329801260404,7.876688926543056,4,0,57,0,0,0,0.14136923586160063,0.3031958083805983,0
LowValue,5111.8177678583625,8.53950595350183,2,0,18,0,1,0,0.17405476709852835,0.8220849593772148,0
MidValue,4540.645393116916,8.421044646768015,4,1,41,0,0,0,0.45577413646491877,0.8152549184872329,0
MidValue,8061.0217031306165,8.994919635701597,2,1,1,1,0,0,0.3988532548039472,0.1473621516674885,0
HighValue,5815.92186124176,8.668526510992924,3,1,18,0,2,0,0.11596736313393938,0.16566047195163608,0
LowValue,3408.6530133074903,8.134365809471806,2,1,63,1,0,1,0.26425942482149434,0.4893193990751253,0
HighValue,7344.835427646881,8.901888823140217,3,1,27,0,0,0,0.2122380646125616,0.4666758743992969,0
HighValue,2688.709191513898,7.897188359507972,2,0,51,0,1,0,0.2548489786890306,1.0438935684864035,1
MidValue,6046.528557228699,8.707404964627427,4,0,3,0,2,0,0.19829964047941176,0.4293642983696683,0
HighValue,7728.346233537857,8.952779562783288,1,0,115,0,0,0,0.15864222164502884,0.44634342342684247,0
MidValue,5611.124694220947,8.63268466018808,1,0,30,1,0,0,0.23302571679501832,0.484913709379799,0
HighValue,6096.994918430106,8.715715294230389,1,1,13,0,0,0,0.23353297528700545,0.8690046604615518,0
MidValue,5829.081523180096,8.670786262639584,2,0,82,0,0,0,0.06787118225040044,1.1571960696457924,0
MidValue,4832.021551723762,8.483227131120008,3,1,88,0,1,0,0.21012958658063696,0.29531440162638234,1
HighValue,5468.277242428685,8.606901755502877,2,1,52,1,0,0,0.5442774357899444,0.6147349543172316,0
LowValue,2789.7137764651475,7.934052675953986,1,0,118,0,0,0,0.190084600298499,0.7350883544436445,0
MidValue,5900.751312986655,8.683004418557301,1,1,62,0,0,0,0.41498238300966217,0.2317383145925273,0
MidValue,4011.39664714659,8.29714400938606,3,1,103,0,1,0,0.23411980157185602,0.0,0
MidValue,6320.750154748271,8.751751372024408,3,1,52,0,0,0,0.3435129887706102,0.48707673071630964,0
MidValue,4567.433514695993,8.426925649349522,4,0,54,0,1,0,0.34890631891592777,0.4651934833613996,0
MidValue,4893.4346423989655,8.495854051338034,1,1,87,1,0,0,0.3449407745439372,0.507445172658945,0
LowValue,4729.179287147201,8.461718385027082,2,1,30,0,0,0,0.2580475839789117,0.33203399302912356,0
LowValue,3832.92924307037,8.25164546831541,2,0,77,0,1,0,0.6317275153400571,0.4514236510266503,0
MidValue,5846.58396936595,8.673783858229699,4,0,50,0,0,0,0.174118534569154,0.0,0
HighValue,4661.9551537746165,8.447404679300057,3,0,47,0,0,1,0.2863259136239743,0.304734640004232,0
MidValue,3482.8856592189286,8.155903518610344,4,1,109,0,0,1,0.334390254537906,0.5973455034708373,0
MidValue,4357.160358322215,8.37980531113834,3,0,74,0,0,0,0.2721030985516873,0.4421872669621027,0
MidValue,4773.533856060562,8.471051626382094,1,1,57,0,0,0,0.43954613404221166,1.005307940797005,0
MidValue,5640.821095217879,8.637962181597626,4,0,62,0,0,0,0.2797972479594919,0.1770789249079407,0
MidValue,5343.390995269031,8.58380287782241,1,1,16,0,0,0,0.21746332500221488,0.09504759047565242,0
MidValue,4336.254303222812,8.374996777860607,4,1,91,0,0,0,0.261747657889735,0.6050634920956672,0
MidValue,5452.310845876506,8.603978197863348,1,1,88,0,0,0,0.38669020616287253,1.015348508582412,0
LowValue,8391.996052510482,9.035152833751546,1,1,4,0,0,0,0.20679315361677125,0.554446217671772,0
HighValue,4621.217713287201,8.43862989342191,1,0,49,0,0,1,0.301790815110398,0.7238413010573752,0
HighValue,791.3652671905666,6.675022481443947,2,0,3,0,0,1,0.35410028559211343,0.2682477216631963,1
MidValue,3306.038464325293,8.103808344098091,2,1,10,0,1,0,0.18123145039440006,0.7592584589482361,0
MidValue,4035.6605194108197,8.303173025023407,4,1,9,1,0,0,0.26188993042604625,0.6719747927170434,1
HighValue,6792.049227587332,8.823655195976075,2,0,119,1,0,0,0.3627683453412808,0.0,0
LowValue,6853.018526163962,8.832590405402007,4,1,61,0,0,0,0.11093197130996486,0.6264612352511529,0
HighValue,4278.598366618487,8.361614444597514,1,1,111,0,3,0,0.47922132942509854,1.068194903750652,1
HighValue,5344.371521969726,8.583986329363428,1,0,60,0,0,0,0.3542387259282184,0.3316535937151751,0
HighValue,4851.314925242893,8.487211174231918,1,1,82,0,0,0,0.1945616289144046,0.8730743322618706,0
LowValue,3129.9112788448074,8.04907938456108,4,0,6,1,0,0,0.3978904148819918,0.7646749049443002,0
MidValue,5135.641661800342,8.544154771717333,1,0,7,0,0,1,0.23260515415606517,0.434902058595591,0
HighValue,5555.986757423027,8.622811290232818,1,1,29,0,1,1,0.17261602369961596,0.6837859203981105,0
MidValue,3405.098646429471,8.13332282334858,3,1,66,1,0,0,0.23999005650505242,0.5987779426483227,0
HighValue,5358.6736559143155,8.586658367120663,3,1,2,0,0,0,0.25391826897296427,0.5903331506727056,0
MidValue,6699.575018558973,8.809948625361935,2,0,62,0,0,0,0.254502585764134,0.6416612413845564,0
MidValue,2431.841236659622,7.796815086507079,1,0,107,0,0,0,0.10612099497016422,0.0,0
LowValue,5289.931614380469,8.573749617925587,3,0,56,1,1,0,0.39167848044124276,0.12720530007072867,0
LowValue,6184.701086535937,8.72999563111663,4,0,119,1,1,0,0.23296838889842084,0.1881746203521929,0
MidValue,6547.972159366593,8.787063394081608,2,1,112,0,0,0,0.3109049922453661,0.5644993604720318,0
LowValue,3333.4594179076075,8.112065851630213,1,1,1,0,1,0,0.40008421820233175,0.3040286120523976,0
HighValue,4420.408685939874,8.3942136315216,1,1,95,0,0,0,0.5557945385962657,0.2939633772356839,0
HighValue,5061.221797568774,8.52956075633813,2,0,37,0,0,1,0.7694721894100769,0.30579974843966745,1
MidValue,6591.903641475679,8.79374914372903,1,0,16,0,0,1,0.49294541852571744,0.38826104835368724,0
LowValue,7954.699686236245,8.981643892433409,1,1,51,1,0,0,0.21179258046953994,0.15784134660192561,0
MidValue,5344.531269038746,8.58401621403681,4,1,116,0,0,0,0.24859587445836928,0.3204782404117941,0
MidValue,6930.604314209105,8.843846568163194,1,0,114,0,0,0,0.31428510668864745,0.18436222061492386,0
MidValue,4740.135720388122,8.464031989446207,4,1,103,0,0,0,0.2262586668283855,0.741389162133878,0
HighValue,4475.3259156875465,8.406557880830945,1,1,49,0,0,0,0.335377723819293,0.0,0
HighValue,6630.06912827427,8.799521326329499,1,1,83,0,0,0,0.24449965687826478,0.5612614126349027,0
MidValue,7459.930152108003,8.917435370694413,1,0,64,0,0,0,0.04630614791542471,0.548247928569757,1
LowValue,7828.275334390386,8.965625234815558,3,0,89,0,3,0,0.18440299374056107,0.827552195139688,0
MidValue,3927.558518880429,8.276027848490786,4,0,32,1,0,0,0.7071174080259907,0.6904991983158162,1
HighValue,3498.3667525466067,8.160337303264262,4,1,41,0,0,0,0.5464033564425158,0.25118466555797775,0
HighValue,7513.987991253649,8.924654704215559,4,1,89,0,0,0,0.49783235676522997,0.5225748182955454,0
LowValue,36356.619143012635,10.501159066032335,2,0,6,0,0,0,0.46681853035915605,0.0,0
LowValue,4686.163105054867,8.4525827967742,3,1,102,0,0,1,0.17591081355930707,0.560637787026402,0
LowValue,4072.5805629748306,8.312277636890302,2,1,34,0,0,0,0.17882687243076809,0.10330502165861627,0
MidValue,7115.716211142719,8.870201691717503,3,0,78,0,0,0,0.2449391915835656,0.7024668187879556,1
HighValue,5210.538489762826,8.558630386696155,4,0,38,0,0,0,0.21192069564456217,0.8291257014405617,0
MidValue,5809.828804427831,8.667478491036734,1,1,87,0,1,0,0.45382718046334003,0.49086333383181013,0
HighValue,5272.458668570393,8.570441720115156,1,1,43,0,0,0,0.22152075232956794,0.643182874668669,0
MidValue,4618.2621331951495,8.437990259890935,1,1,57,1,1,0,0.3159495674511937,0.35175027852056795,1
HighValue,5880.667779739782,8.67959563668575,4,0,43,0,1,1,0.13753046655411647,0.7918960596529381,1
MidValue,3594.5238215856016,8.187444967909448,4,1,60,1,0,0,0.5053724207385306,0.6517542400244181,0
MidValue,3438.2567682389063,8.143010671279535,4,0,95,0,0,0,0.296782382312288,0.6062499293013799,0
MidValue,4354.077950371385,8.3790977881784,4,1,83,0,1,0,0.3686331074413575,0.8189347833813692,0
MidValue,4709.005527124321,8.457444360496892,1,0,53,0,0,0,0.10665398558069035,0.31645982795308836,0
HighValue,3906.6439293173,8.270689895735583,2,0,44,0,0,0,0.2725626599477702,0.7416217287698756,0
MidValue,5167.681546703589,8.550372914999388,2,0,52,0,0,0,0.518658793582918,0.46240974052601586,0
MidValue,8320.19145972063,9.026560727855843,2,0,13,0,0,0,0.4349493830987028,0.30962673152346465,0
MidValue,4595.10600690055,8.432964703737586,4,1,89,0,1,0,0.389885255735147,0.46694165586099734,0
HighValue,6356.735076624071,8.75742747288071,1,1,73,0,0,0,0.081314771921876,0.5805682545768941,0
MidValue,4546.860932803539,8.422412276743188,4,1,92,0,0,0,0.42412497256966125,0.13549616249616686,0
MidValue,6756.117209273356,8.818351629749717,1,1,24,0,0,0,0.33852700062539326,0.5157775851912536,0
HighValue,3274.7562870949178,8.094304048766961,2,1,64,0,0,0,0.47801321971066263,0.39215545756857484,0
HighValue,127054.42821959409,11.752378712901296,3,1,18,1,0,0,0.12908443470430855,0.5072862221516183,0
LowValue,5533.224685820146,8.6187067605021,1,1,92,0,0,0,0.10378390613790511,0.28976212858259276,0
MidValue,5622.571138667157,8.634722175011623,1,1,72,0,1,1,0.17542182721754612,0.0,0
MidValue,3105.0360443736126,8.041102608397773,4,0,42,1,0,0,0.394080960006797,0.8317398239729779,0
HighValue,4303.6374091048465,8.367448187787332,1,1,34,0,0,0,0.17887836302595467,0.9637036979429239,0
HighValue,7046.5379016690995,8.860433601004186,2,0,7,0,0,0,0.23013291147979534,1.0734066494115122,0
LowValue,2706.17242651537,7.9036599841189625,3,1,59,0,1,1,0.4005733403661997,1.2704517517621368,0
LowValue,4388.808261918028,8.387040829014712,4,1,12,0,0,0,0.4239257215119123,0.0,0
HighValue,5683.753519050451,8.645543048877167,4,0,102,0,0,0,0.16029426454747708,0.0,0
LowValue,7950.436463833032,8.981107878600993,2,1,64,0,1,0,0.4343251015285106,0.6799238796980437,0
MidValue,6813.040660972915,8.826740565472393,1,1,79,1,0,0,0.31088206743586266,0.7788741514996076,0
MidValue,7057.228725361667,8.861949410250467,1,1,79,1,0,0,0.26444300380701247,0.5036416710801267,0
MidValue,4299.407748044472,8.366465122312658,2,1,118,1,0,0,0.10805198750440694,0.18416308820130356,0
MidValue,5286.916061653191,8.573179508041921,2,0,9,0,0,0,0.2356027865598677,1.2952382931291102,0
HighValue,3882.5618001313624,8.264508001247018,3,1,23,0,1,0,0.27972457745239127,0.6239826583663113,0
HighValue,4535.961825983117,8.420012865694936,1,0,21,1,0,0,0.10515481276083682,0.23911699118591717,0
HighValue,5164.676233869033,8.549791299192563,1,1,11,0,0,0,0.18103179884290077,0.6049370955335944,0
LowValue,3860.036286119381,8.258690894334393,2,1,93,0,1,1,0.39789966269940946,0.35097046063668225,0
MidValue,6973.707050855895,8.850045605930255,2,0,93,0,0,0,0.4705435720845509,0.3267463558447703,0
HighValue,5062.206562966692,8.52975526966951,4,0,86,0,1,0,0.337632290143957,0.9102417584191311,0
MidValue,4446.33337177249,8.400059953244543,1,0,83,1,0,0,0.3602495986377255,0.3137629970586035,0
MidValue,3671.4414448994794,8.208611963713837,3,1,18,0,1,0,0.28152579408049644,0.23956069311447648,0
HighValue,6879.289264650075,8.836415974324087,3,0,11,0,0,0,0.20012624096238887,0.03663058525810575,0
MidValue,5973.169608014983,8.695200389403333,1,1,11,0,0,0,0.18820556355266213,0.3835186216183449,0
MidValue,4550.703452241682,8.42325682698844,4,1,59,0,0,0,0.47429104565340474,0.18852688119570188,0
MidValue,3177.567044571303,8.064185759302127,3,0,105,0,0,0,0.28813432878680656,0.6537071987860873,0
HighValue,6177.652539585377,8.728855491012709,2,0,117,0,1,0,0.500762319921465,0.37070884174536456,0
MidValue,4742.687576871721,8.464570082031635,1,1,107,0,1,0,0.2519096635559993,0.8945480251021014,0
HighValue,6411.008438370563,8.765927829756427,3,1,23,0,0,0,0.24667079787436696,0.6080084892577852,0
HighValue,5006.178111618311,8.518627784219388,4,1,90,0,1,0,0.6068430231406035,0.5927670582451107,0
HighValue,7107.873066239918,8.869099010409252,4,1,31,0,0,0,0.5352082169935499,0.22990784292986405,0
MidValue,4901.796888687486,8.497561114867699,2,0,25,0,0,0,0.13994377412943512,0.6752254758140888,0
MidValue,7360.993576050232,8.904086041356438,1,1,10,0,1,0,0.3628983686479211,0.27270785643109324,0
HighValue,6184.476525008323,8.729959327130915,2,1,73,0,0,0,0.10299496526167579,0.8205187366827043,0
MidValue,2966.535443714486,7.995487070376938,2,1,6,1,0,0,0.3144978458578133,0.19354410395841637,0
MidValue,4541.616084668174,8.421258355181699,1,1,78,0,0,0,0.3190095898371713,0.48602694181829575,0
LowValue,7319.345150845789,8.898412757598637,1,1,79,1,0,0,0.26594320067578486,0.41488824568282917,0
HighValue,5403.0921803766805,8.594911756739322,3,0,72,0,0,0,0.21210448214183955,0.24496789614957687,0
MidValue,4199.525929859578,8.342965017827053,2,1,2,1,0,0,0.22787331607741124,0.04655410173953728,0
MidValue,5125.391233098203,8.5421572272847,1,0,2,0,0,0,0.39524391558337857,0.8196478757293638,0
MidValue,6717.169218427884,8.812570958665349,4,0,105,0,0,0,0.6044453081994902,0.2593608409209319,0
LowValue,5558.243086281104,8.62321724241639,2,1,97,0,0,0,0.6952956725822824,0.1850363550948999,0
MidValue,4707.944941607091,8.457219158012766,1,1,92,0,0,1,0.2148085872908667,0.7487172651570271,1
MidValue,2457.159548509229,7.807168197909265,1,1,63,0,0,0,0.24243864141433943,0.2655761119604055,0
LowValue,7513.540409866194,8.924595143945183,4,1,119,1,0,0,0.07562428231486193,0.5826850998925299,0
HighValue,3605.151160993857,8.190396322184135,3,1,1,0,0,0,0.5425547114918102,0.6919500156502179,0
MidValue,6584.886371210753,8.79268420970681,1,0,104,0,0,1,0.2090041311703795,0.505979981705369,0
HighValue,2672.223939851967,7.891040491100319,1,0,50,0,0,1,0.296635167503484,0.6502050978332164,1
MidValue,4166.18783227916,8.334996706547463,2,1,18,1,0,0,0.13980608061867417,0.783398153222842,1
LowValue,3696.1234672987302,8.215310354997515,3,1,96,0,0,0,0.326164471044129,0.7680087855182451,0
HighValue,6279.7212257101055,8.745240097726375,3,1,72,0,0,0,0.4331292885708902,0.6561259883452759,0
MidValue,4128.769377433382,8.32597684358076,1,0,21,0,0,0,0.06929388490762492,0.2947581279540268,0
HighValue,5848.050688021562,8.67403465150593,1,1,79,0,0,0,0.364851775880031,0.30713725704967565,0
HighValue,7611.731815650914,8.937577363528348,2,0,110,0,0,0,0.4359366005526569,0.16781668335045635,0
LowValue,5184.50581344186,8.55362266912488,4,1,32,0,0,0,0.32301769755649856,0.07473084636854599,0
HighValue,3664.3746374451985,8.20668582940908,3,0,85,0,0,0,0.3660646108875971,0.11581092326176612,0
HighValue,4525.210004690206,8.417640224739282,3,1,79,0,1,0,0.4496962372875347,0.6876668447737827,0
HighValue,3487.6273852143595,8.157263638468478,1,1,31,0,0,0,0.18598429335825434,0.2721596309451672,0
MidValue,6257.040385971111,8.741622377702909,3,0,46,0,0,1,0.31466921056938824,0.3962913446082361,0
HighValue,6044.480740058347,8.70706628677817,3,1,94,0,1,0,0.45839570393435086,0.9563336639418376,0
HighValue,5454.317885238521,8.604346170673521,3,1,73,0,0,0,0.19078560516420995,0.49984919414355033,0
MidValue,3408.82281418379,8.134415608277646,2,1,40,1,0,1,0.370036783701003,0.2977664074897141,0
MidValue,1702.4889924256622,7.440433775339999,1,1,87,1,0,0,0.15063433674064572,0.4542274763347348,1
MidValue,4463.825449316666,8.403985399448274,2,1,111,0,0,0,0.31611013705471513,0.0,0
HighValue,4506.0216540531865,8.4133918272172,3,0,69,1,0,1,0.22691973564054402,0.4446768122808604,1
HighValue,3530.6830725749196,8.169529827396294,2,1,76,0,1,0,0.12979974862261742,0.5615306289938107,0
HighValue,3652.673944453549,8.203488500458835,3,0,30,0,0,0,0.10852539466266345,0.3669433963198946,0
MidValue,4431.143793435544,8.396638672268038,3,1,86,0,0,0,0.5489217404156658,0.24036464461255697,0
HighValue,6176.370288383467,8.728647940213497,4,1,102,1,1,0,0.04727638228382041,0.27338392437539605,0
HighValue,1861.664062336552,7.529763033534834,4,1,66,0,0,0,0.284724517181852,0.45637548090591074,0
HighValue,4251.3326266649,8.35522296468648,4,0,23,0,0,0,0.05723048152070612,0.5560264262279708,0
MidValue,6347.034868469021,8.755900574458723,1,0,48,0,0,0,0.3453986061330889,0.7290469477359518,0
MidValue,1729.3903689478548,7.4561023088280844,3,0,56,0,0,1,0.4582044760571403,0.8861573174663543,0
MidValue,4757.896769372865,8.46777114922223,1,0,92,0,0,0,0.06962056118052896,1.0606857110493888,0
MidValue,5046.9191985123425,8.526731397459095,2,0,25,0,0,0,0.5009949337371518,0.34455343346748246,0
MidValue,5154.828013088585,8.547883006848075,2,0,27,1,1,0,0.2065546446289081,0.4956173911493811,0
HighValue,7725.676343139223,8.952434080572461,1,0,63,0,1,0,0.38615729956786515,0.0,1
HighValue,4957.987400487391,8.508956845749344,3,0,46,0,0,0,0.44746692527303794,0.2886277467189472,0
MidValue,3964.4196914708523,8.285366977514206,3,1,46,0,0,0,0.08565813197464255,0.9771304290741496,0
MidValue,4324.970350030563,8.37239175258997,2,0,37,0,0,0,0.22861615137932664,0.0,0
MidValue,5060.038066029168,8.529326892630007,1,0,81,1,0,0,0.21786119562268041,0.9159940450230089,0
MidValue,3622.373896704683,8.195160886427173,4,0,32,0,1,0,0.24829306081282113,0.8111794881480194,1
MidValue,2682.3526483791306,7.894822279872306,4,0,99,0,0,0,0.20595309140973503,0.5407115413289817,0
MidValue,3788.112506628576,8.239887103538601,2,1,56,0,0,0,0.05822082336774422,0.8102128980158563,0
LowValue,4570.831642562331,8.427669200650154,3,1,33,0,0,0,0.12914673436418003,0.4151514711807399,0
LowValue,7480.027667946619,8.920125450294469,4,0,58,1,1,0,0.09052901209616561,0.49556883027773035,0
LowValue,4041.355104268783,8.304582747709015,2,1,30,0,0,0,0.19405760884640458,0.6519779828022243,0
MidValue,4091.045958152871,8.316800358228601,2,1,114,0,1,1,0.41853682850397705,0.8901085030614064,0
HighValue,2927.931236052391,7.982392869615441,3,1,73,0,0,0,0.26507623996172225,0.36336289585303266,0
MidValue,7010.103295436085,8.855250356436914,4,1,15,1,1,0,0.5465248743933737,0.9883256646009417,0
MidValue,5551.996403628742,8.622092953596654,2,1,73,0,0,0,0.3749484878921863,0.48028143488923447,0
MidValue,6208.255344137211,8.7337962553602,2,1,85,0,1,0,0.6086945407368602,0.0654268295448503,0
HighValue,5704.873570206124,8.649251374185894,3,1,53,1,1,0,0.3224415470942846,0.037809226675324825,1
MidValue,3931.75323223937,8.277095027579938,4,1,96,0,0,0,0.2459648828850796,0.24679164583932534,0
HighValue,5311.5385934644,8.577825077858407,2,0,88,0,1,0,0.5625450044955985,0.6721121120036567,0
HighValue,3517.367106592363,8.165752270789186,1,0,31,0,0,0,0.170746407260449,0.6992989433433813,0
HighValue,5710.275318160592,8.650197625900807,4,1,100,0,0,0,0.5925209579579243,0.18806364197422748,0
LowValue,6797.020180725036,8.824386698878461,4,1,112,0,1,0,0.1095344154465042,1.203373102012622,0
HighValue,8876.350519099948,9.091258426500312,2,1,110,0,1,0,0.34475867126115634,0.6603478194625438,1
HighValue,3671.8805577948074,8.208731526313187,3,1,64,0,0,0,0.242801963015376,0.4562283259395883,0
MidValue,6852.292339921604,8.832484449354153,1,1,60,0,2,0,0.3045443723873493,0.7222447735730019,0
MidValue,6317.901130133537,8.751300600209133,4,1,21,0,0,0,0.40239054807309155,0.8328008937613363,0
HighValue,3254.538871427261,8.088113092838242,1,1,112,0,1,0,0.23017402507511167,0.24842590422112865,0
MidValue,5366.555562694616,8.588127881389086,4,0,103,0,0,0,0.38314264627879113,0.7553091195657928,0
HighValue,7044.565334551429,8.860153667323507,4,1,40,0,1,0,0.04025193795696908,0.0,0
MidValue,4057.4403406192264,8.308554026233441,2,1,48,0,0,0,0.2778893844805861,0.9018489346062311,0
MidValue,5662.314256655509,8.641764557538194,4,1,3,0,0,0,0.3809643502111551,0.5958284178372248,0
MidValue,4762.481148170664,8.468734013580624,1,0,72,0,0,0,0.24712963495093188,0.6277260319948273,0
HighValue,5529.8159883667195,8.618090640297643,2,0,102,0,1,0,0.5307251393972929,0.5277099114637075,0
MidValue,3907.9544282143343,8.271025207555219,3,1,114,0,1,1,0.5538919154541667,0.8031686544573042,0
MidValue,5137.764120326446,8.544567886021778,2,1,78,0,0,0,0.15411745128571705,0.39110157027344256,0
LowValue,5721.5628051686435,8.652172026894261,4,1,29,0,0,0,0.10110837089855283,0.6715078910047454,0
MidValue,4191.01644042305,8.34093714784983,3,1,71,0,0,0,0.38102155705393853,0.3420937601389267,0
MidValue,3762.097222832819,8.232997626781822,2,1,48,0,0,0,0.0671320236953433,0.571639629765006,0
MidValue,4902.910237425487,8.49778817349777,2,1,116,0,1,0,0.0836013825115853,0.2680942399958174,0
MidValue,4248.340707420497,8.354519122219155,1,1,107,0,0,0,0.3806667424794157,0.2333580497710111,0
LowValue,5054.722146826107,8.528275979179362,2,1,17,1,1,0,0.7456706603196526,1.0778731596185853,1
MidValue,3866.4847363018052,8.260359635781851,2,0,27,0,1,1,0.39353421927486454,0.2363251370817005,0
MidValue,6344.623817235468,8.75552069166492,2,0,70,1,0,0,0.3008588025213894,0.1522850927278218,1
MidValue,5407.003217448894,8.595635212665096,3,1,50,0,1,0,0.11381947988286825,0.016636227835581496,0
MidValue,2885.8971038795307,7.967937537836062,3,1,1,0,0,0,0.35316122389571986,0.3012146334211625,0
MidValue,7184.802339441435,8.879862460955252,2,0,11,0,2,0,0.554868750122183,0.6644026247053822,1
MidValue,3751.6494933959557,8.23021740106078,2,1,111,0,2,0,0.08038893364913288,0.3021386414986774,0
HighValue,4493.101993856586,8.410521148049947,3,0,118,0,0,0,0.2497252804692281,0.5642441720452208,0
MidValue,6726.147261060176,8.81390644883107,1,1,24,0,0,0,0.2910655773456359,0.2531286234555832,0
MidValue,3809.2939648890997,8.245461621283237,4,1,2,0,0,0,0.36516627371582727,0.7777440143844812,0
HighValue,8092.474523769377,8.99881340162944,2,0,76,0,0,0,0.13686746422927196,1.0218708921708113,0
MidValue,1510.3195196017218,7.320738402261688,1,0,106,0,0,0,0.2981482871615742,0.6943882479238314,0
MidValue,667.0188197128509,6.504316346362619,4,1,20,0,1,0,0.19897952372238686,0.4583176966224116,1
MidValue,5335.511218122205,8.582327388501572,2,1,105,1,0,0,0.061670993410889684,0.8151914024551836,0
HighValue,2846.6582938536753,7.954252284242855,4,1,30,0,1,0,0.14820379144231452,0.21788020009390224,0
HighValue,5121.694617125377,8.541435871997576,3,0,9,1,0,0,0.5528688917603255,0.25130580690971055,1
MidValue,3736.070304615549,8.226057242424803,2,0,59,0,2,0,0.4810233345667959,0.8391045762752048,0
MidValue,4548.662866829177,8.422808413997432,4,1,66,0,2,0,0.5100790252128844,0.8152284431456289,0
MidValue,5433.88865115258,8.60059431197701,3,1,59,0,1,1,0.39152337218885064,0.3627897892584748,0
LowValue,5149.585971344666,8.546865768028857,4,1,119,0,1,0,0.2442071995579632,0.3178921162735909,0
LowValue,4619.601614839067,8.438280195260075,1,0,33,0,0,0,0.28027331635766395,0.0,0
MidValue,4287.7278873223095,8.36374543818672,3,1,62,0,0,0,0.12858053794231264,0.2592363822015854,0
HighValue,4680.600010109471,8.45139521298521,2,1,69,0,1,0,0.1236345953922982,0.3501016485528379,0
MidValue,79457.62349822761,11.28299170601476,1,1,43,1,1,0,0.35825807492646466,0.6800632854713161,0
HighValue,6769.1355953769635,8.820276394564972,3,0,22,0,0,0,0.24102853919686246,0.0,0
MidValue,3403.756506424148,8.132928705431645,3,0,33,1,1,0,0.21071071322052481,0.06989127204926077,0
LowValue,5412.540591680954,8.596658610955215,2,1,52,0,1,0,0.34749936385338936,0.0,0
MidValue,5498.057558301446,8.612332003501853,2,1,53,0,1,0,0.2656994514873017,0.0,0
HighValue,2334.987803777983,7.756190122949036,3,0,63,0,1,0,0.28301465440458556,0.16837588756305594,0
LowValue,5478.487526072522,8.60876685842901,1,0,39,0,2,0,0.2861766852540215,0.9023372040912527,0
HighValue,6701.010229851854,8.810162794684013,4,1,34,0,1,0,0.1771702587902158,0.21772429914693336,0
MidValue,4670.3919768561955,8.44921237409884,2,0,49,0,0,0,0.09359293894456723,0.9680978809417878,0
HighValue,6011.686043354019,8.701626856696882,2,1,119,0,0,0,0.08060606280944765,0.442805386054114,0
MidValue,4900.28389324891,8.497252468808117,4,0,51,0,1,0,0.40960010638687844,0.3178449391811057,0
HighValue,5241.936194603613,8.564636962863467,1,1,92,0,0,0,0.31111101851752754,0.448215893062559,0
HighValue,6282.1701368066115,8.74562993094872,1,1,64,0,0,0,0.2221189556792933,0.43495816691316735,0
MidValue,4750.12500144155,8.466136711394698,4,1,102,0,0,0,0.34161940991521855,0.6560690725141466,0
LowValue,5848.404496526173,8.67409513957878,1,1,64,0,0,0,0.1595942904222725,0.6659148891135022,0
LowValue,2671.948188843227,7.890937332802252,1,1,43,0,1,0,0.1555337009538966,0.9210163255250645,0
MidValue,5150.507701310572,8.54704470834869,3,0,116,0,0,0,0.14206055980871793,0.8152808056389116,0
HighValue,2341.3059227095514,7.7588911601827615,3,1,88,0,1,1,0.037240992329574236,0.09850411868463782,0
LowValue,4376.221421371522,8.384169423384895,3,0,84,0,0,0,0.2853188781601258,0.5179211630436763,1
HighValue,3975.005637076902,8.288032985551341,4,0,85,0,0,0,0.3831097547011746,0.6336583639057547,0
HighValue,5621.171965206213,8.634473338904442,4,0,14,0,0,0,0.39695512956186596,0.1087044690015192,0
HighValue,4366.013749179879,8.381834701907415,4,1,69,0,0,0,0.3798143797000817,0.3108701743732468,0
MidValue,7789.3324135472185,8.960638809783289,3,1,46,0,0,0,0.33004999034571786,0.5294415329892114,0
LowValue,4410.193521106683,8.391900571531304,4,1,80,0,0,0,0.39634999927325737,0.17220298982189103,0
HighValue,3409.062781241024,8.134485981029204,2,0,113,0,0,0,0.4737393407968447,0.04526292395060766,0
LowValue,1872.0843302214093,7.53534172557437,1,1,80,0,0,0,0.14051473253886287,0.5159111232954061,0
HighValue,4962.113030835534,8.509788450027987,3,1,70,1,0,0,0.14854688802729152,0.742697131459402,0
LowValue,4497.247794511204,8.411443220933215,1,0,101,0,0,0,0.3719688360913506,0.26419963767290955,0
LowValue,6154.6315869386535,8.72512264699161,1,1,19,1,1,0,0.09575275708952498,0.568783746228871,1
MidValue,6310.263096624725,8.750091109294715,2,1,29,0,0,0,0.4971386711889958,0.3191947157169026,0
MidValue,6153.938151772751,8.725009990115225,2,0,72,0,0,0,0.3013408655265673,0.0,0
MidValue,3618.177887364156,8.194002176089962,3,0,74,0,0,0,0.20259100165468846,0.4475695415879145,0
MidValue,3135.264326160387,8.050787665596987,1,1,105,1,1,0,0.4505199505774042,0.35476352721313464,0
MidValue,4364.757470689065,8.381546986022537,4,1,32,0,0,0,0.3600194222106773,0.5538530892082759,0
MidValue,3635.2197697287556,8.198699896190462,3,1,97,0,0,0,0.12461916487036123,0.33040191056010093,1
LowValue,5201.0076408631485,8.556799914839342,1,0,40,0,2,0,0.08381480664371808,0.9270531862805973,1
HighValue,4550.072937915529,8.423118294676948,4,1,95,1,1,0,0.4885633733444973,0.1507566388555785,0
HighValue,6070.80653196626,8.711411456243454,4,0,87,0,0,0,0.16852664070967224,0.3343278843930427,0
LowValue,4210.721057875454,8.345626645485227,1,0,44,1,0,0,0.04213201504323103,0.09077282500151884,1
HighValue,2220.6303437835727,7.705996594426308,2,1,48,0,0,0,0.27402037032113924,0.31686605519724453,0
HighValue,6027.586150823155,8.704267793045478,4,0,77,0,1,0,0.44299726443539134,0.6401389110769005,0
MidValue,8859.209658544947,9.089325706811808,3,0,26,0,1,0,0.4585049738161436,0.6433013574332475,0
LowValue,5957.483057791969,8.692571207158851,3,0,22,0,0,0,0.3153475636315157,0.7065189641456948,0
LowValue,2662.697130293895,7.887470335367483,2,0,23,0,0,0,0.407690241260714,0.8517976007048533,0
HighValue,2768.062263656109,7.926264008890026,3,0,107,0,1,0,0.2237425772617973,0.9459782842710286,0
LowValue,7403.3778193934295,8.909826701482944,1,1,110,0,0,0,0.24409147599259198,0.5251827185120391,0
HighValue,4794.133367504999,8.475356800800396,2,1,26,0,0,0,0.09947728981812703,0.4175597541264423,0
MidValue,4983.255602648085,8.514039343792744,2,0,2,0,0,0,0.13717952893519267,0.9197285853848592,1
HighValue,4137.613641964903,8.328116141647582,4,1,36,1,0,0,0.30155501372842186,0.7788568679687109,0
LowValue,6488.359219517286,8.777919071313228,1,1,105,0,0,0,0.4727211489736204,0.2669307045068845,0
MidValue,5315.373653732247,8.578546705875477,4,0,119,0,0,0,0.25048663400758253,0.8221917426620365,0
MidValue,3192.1330669706745,8.068757866437926,4,0,13,0,0,0,0.11304321571420924,0.1587282190407659,0
LowValue,4245.7209280698735,8.353902417786902,4,1,118,0,1,0,0.23631545218158598,0.3665018668179444,0
HighValue,4564.905957554198,8.426372230634577,2,1,50,1,0,0,0.09123865135355343,0.7488075826071844,0
MidValue,4286.945310375969,8.363562948559222,4,1,114,0,0,0,0.13865788992869585,0.0,0
LowValue,6113.625059067459,8.718438731289261,4,1,16,0,1,0,0.2698349241383285,0.7746851509195778,0
HighValue,3690.904476258612,8.213897722118636,2,1,25,1,0,0,0.09930637031702393,0.48635736034592625,0
MidValue,4355.0174772181745,8.379313496262014,2,1,6,0,0,0,0.3970884655917218,0.392789859923076,0
LowValue,7463.8212977487565,8.91795677100608,2,0,83,0,0,0,0.41866074971658784,0.4494703201934618,0
MidValue,7609.150767302322,8.937238262394347,1,1,95,0,0,0,0.14075240856972704,0.3215084210835991,0
HighValue,7851.790189266277,8.968624185746382,2,1,18,0,1,0,0.21802180156719214,0.3017585017680998,0
HighValue,5627.584562089831,8.635613279594203,3,0,47,0,0,1,0.3864838116680422,0.24967147202314116,1
LowValue,6259.270760387492,8.741978715616849,1,1,110,0,0,0,0.09101117562170001,0.5609282653080683,0
HighValue,3803.319139604279,8.24389231594125,3,1,87,0,1,0,0.3334284872549124,0.17395694702882003,0
MidValue,3949.7254861263364,8.281654508404136,3,1,111,0,1,0,0.2774534637356561,0.7275720887664942,0
MidValue,2766.9951444371236,7.925878562558682,3,0,64,1,0,0,0.139698451912193,0.42896160787321275,0
MidValue,5746.522956848665,8.656524250861402,2,0,118,0,0,1,0.32225466549903564,0.8870177786434499,0
MidValue,6077.3167720204,8.712483089923918,4,0,96,1,0,0,0.014304715574348505,0.9137722586013033,0
MidValue,5896.056770131896,8.682208652905478,3,0,60,0,0,0,0.4482925863281688,0.0,0
MidValue,4510.177014950391,8.414313377372347,4,1,37,0,0,0,0.3760988064027703,0.9805728508959352,0
HighValue,4432.929293834365,8.397041443687895,1,1,118,1,0,0,0.3159356288790188,0.5398568687847658,0
LowValue,6431.042709876194,8.769047451053826,2,0,5,0,3,0,0.22959091499920822,0.8760715480230308,0
LowValue,3490.013252457281,8.157947303275797,4,0,5,0,0,0,0.1992278554129683,0.584034318391429,0
MidValue,5312.034033750975,8.577918332180657,4,1,29,0,0,0,0.3199405363834747,0.36814839201670413,0
MidValue,6849.443618688923,8.83206869101171,4,1,18,0,0,0,0.3020825616186975,0.07119678707675642,0
MidValue,5805.518045296046,8.666736366456071,2,1,3,1,0,0,0.3885252726426632,0.5891777586184144,0
MidValue,5618.195624945159,8.6339438054101,1,1,98,0,1,0,0.27027186611849935,0.4073173208031617,0
LowValue,5776.7170600250065,8.6617639113303,4,1,6,0,0,0,0.15679889540662204,0.8210065645567546,0
HighValue,5718.8555433063475,8.651698829388216,4,0,19,0,0,0,0.19184660436364148,0.6674012657353683,0
HighValue,4804.785076695086,8.477575695507667,3,0,79,0,0,0,0.46059665562793156,0.5533280523424363,1
HighValue,2488.000679709996,7.81963657545313,3,1,34,0,0,0,0.07559280017728817,0.31863038316294456,0
LowValue,2205.542381256328,7.699182035983255,4,1,7,0,0,0,0.35307210689208474,0.5016965390317109,0
HighValue,5412.303695024068,8.59661484997544,2,0,45,0,0,0,0.4427613985401267,1.0111454835182139,0
HighValue,4652.327317580403,8.445337794863837,1,1,17,0,0,0,0.26481916087165863,1.0303490992495838,0
MidValue,7729.803664797953,8.95296810316278,1,1,114,0,0,0,0.5393557033092797,0.8357857675124662,0
LowValue,5222.440549800635,8.56091157291685,1,1,44,0,0,0,0.17092431300111965,0.8807484460568923,0
MidValue,8249.971926105727,9.018086281614702,4,1,63,0,0,0,0.32443670691780246,0.5394964337870828,0
LowValue,3761.296609640046,8.23278485035746,4,1,72,0,0,0,0.10210361549176651,0.7227252790521338,0
HighValue,7181.484065958564,8.8794005723976,2,1,102,0,1,0,0.3802890358849841,0.0,0
HighValue,5773.991799701381,8.661292115423857,2,0,51,0,0,0,0.1080473769645728,0.6375695792818326,0
MidValue,7063.530425844018,8.862841828061054,2,1,69,0,0,0,0.20360590835776138,0.1827277806157187,0
MidValue,3761.987514468042,8.23296847261505,3,0,48,1,0,0,0.16344748874080098,0.3629481642495168,0
MidValue,3858.225368600385,8.258221760609864,3,1,1,1,0,0,0.10882639632685037,0.6183016365406575,0
LowValue,4233.415500790201,8.351000581218685,4,1,24,1,0,0,0.47329347299988705,0.2935000298417839,0
HighValue,7301.608567306428,8.895986901293652,4,0,16,0,0,0,0.1088208203982443,0.0,0
MidValue,5798.046651339759,8.665448812565543,2,0,105,0,0,1,0.31633655288020934,0.5662235546007608,0
MidValue,6931.672824920046,8.844000706846709,4,1,79,1,0,0,0.2388389238943331,0.12229792585943117,0
MidValue,3408.8533692079845,8.134424569120764,2,0,114,0,0,0,0.45414068481094166,0.7146501271879991,0
LowValue,7536.993296708173,8.92771128456006,3,1,115,0,0,0,0.2937326811343697,1.0041579914350545,0
MidValue,6926.889840303635,8.84331054946684,1,0,96,0,0,0,0.11529890681131046,0.2838322768267417,0
MidValue,4112.994798059574,8.322149805763774,3,0,116,1,0,0,0.22929049038077953,0.12890110508455116,0
MidValue,3929.052848954565,8.276408152344025,1,1,30,0,0,0,0.04188377174195305,0.7976631583363988,1
LowValue,4946.292000412523,8.50659563524127,4,0,47,0,0,1,0.12035648729789211,0.3746255488992213,0
HighValue,5864.1710489864745,8.676786925024874,3,1,92,0,0,0,0.0897628790720683,0.30165121713390897,0
LowValue,4755.185488383229,8.467201257971777,1,1,54,0,0,0,0.12091062009278607,0.6273626510178802,0
MidValue,5971.596203350414,8.694936986789017,3,1,97,0,0,0,0.2771283916657231,0.5245057848790389,0
MidValue,3263.2775636277424,8.090793750344629,1,0,100,0,0,0,0.11138956886540546,0.1451420209207585,0
MidValue,7015.781823326929,8.856059962183316,4,1,117,0,0,0,0.42803162488858154,0.46918412222720773,0
HighValue,136081.47635767594,11.821016424711896,2,0,68,0,1,0,0.5794201201659784,0.5691380849655564,0
HighValue,6353.786633605825,8.75696360848963,3,1,107,0,1,0,0.08041844935835621,0.17336600773722938,0
MidValue,3467.5293452334445,8.15148596328645,4,1,79,1,0,0,0.37873584680019023,0.39566020505062627,0
HighValue,6473.94249257635,8.775695005072908,3,0,38,0,2,0,0.1507967395589136,0.4591219205940808,1
MidValue,3350.243777851694,8.117086832883528,3,1,38,0,1,0,0.5823580050447249,0.34405177093581085,0
MidValue,7098.387855649614,8.867763841798324,2,0,118,0,0,0,0.2797806623952777,0.5292896392956177,0
MidValue,3127.2211909816797,8.048219812394576,4,1,30,0,0,0,0.4385891026291903,0.5833995456563572,0
MidValue,4707.392058446942,8.457101739859251,3,0,64,0,1,0,0.2296398218488728,0.0,0
LowValue,6268.538720513681,8.74345806162455,1,0,55,0,2,0,0.27701762100812727,0.2986501381328062,0
LowValue,3442.4612667979013,8.144232426714115,4,1,66,0,0,0,0.1982695817612898,0.7398208750437156,0
MidValue,2140.91446986654,7.669455320176174,1,1,64,0,1,0,0.11259228885845066,1.1689978870344344,0
MidValue,4220.549472007625,8.3479575130999,1,1,85,0,1,1,0.15742287739950514,0.16595353646290906,0
MidValue,4283.591555295103,8.36278050683759,2,0,107,0,0,1,0.20585792524760657,0.20622008325136415,0
HighValue,4308.573686945227,8.368594265663914,1,1,109,0,0,0,0.4606271630242819,0.43131741211403063,0
MidValue,5184.482019410253,8.553618080549137,1,1,70,0,0,0,0.1738388462104071,0.3242699686374526,0
MidValue,4881.656277428301,8.493444669904406,3,1,14,0,0,0,0.13482780250613358,0.5759530231270276,1
HighValue,5074.124419836062,8.532106319833325,1,0,74,0,0,0,0.09266657006854866,0.22539029999718702,0
HighValue,3676.9774515638046,8.210118274521168,2,0,95,0,1,0,0.3410014389764895,0.5367651196146274,1
HighValue,4305.412845338053,8.36786055009063,1,0,72,1,0,0,0.23946646471316932,0.7508278701670206,0
MidValue,5614.739654219296,8.633328586764154,2,0,47,0,1,0,0.07643790357206957,0.42932152684937885,0
MidValue,3560.467451539589,8.177927944401382,3,1,98,0,1,0,0.24639209825693545,0.8278450111326334,0
HighValue,3248.486312758018,8.086252205218445,4,0,79,0,0,0,0.2673542299846242,0.48445856536164306,0
LowValue,4893.40329568527,8.495847646754795,3,1,100,0,0,0,0.45974736244494724,0.7030200806943309,0
LowValue,8331.799273495926,9.027954725948069,1,0,119,0,0,0,0.22030238371968197,0.5058112196457886,0
LowValue,8238.201537517774,9.016658717421654,4,1,118,0,0,0,0.22004854554202663,0.17321381294902188,0
HighValue,1417.2052006485642,7.257147407940146,2,1,58,0,0,0,0.5288366894969365,0.4687837351680301,0
MidValue,4283.5075055213765,8.3627608898923,2,1,56,1,0,0,0.3355688013078393,0.0,0
HighValue,4735.1913040540185,8.46298856934053,1,0,100,0,0,0,0.21037357667612286,0.0,0
MidValue,4759.259338181206,8.468057428552509,3,1,27,0,0,0,0.08338759856509521,1.002101646927767,0
HighValue,4871.656625770181,8.491394575712732,1,1,105,1,0,0,0.4558332247481114,0.38365319921847096,0
MidValue,4037.6465212734793,8.303664895336867,2,0,101,0,0,0,0.5148623976161509,1.0736965960821978,0
LowValue,4646.344855976924,8.444051336784913,3,0,30,0,0,0,0.1875552594258853,0.6380565814043639,0
HighValue,3202.5738922084456,8.072022306899665,2,1,36,1,0,0,0.12714681326423274,0.1264383424467267,0
LowValue,2524.1029794228257,7.83403712480765,2,0,7,0,0,0,0.25726917836646823,0.858271397959783,0
MidValue,3275.7791261784046,8.094616245200031,4,1,70,0,1,0,0.26752972934135655,0.6645376859095434,0
MidValue,4939.098914391477,8.505140633137676,2,0,12,1,1,0,0.023090364053482377,0.23344679896682596,0
MidValue,5914.794022095674,8.68538100613458,1,0,88,0,0,1,0.3619323573481461,0.5994197424941025,1
MidValue,8489.491261156534,9.046702141136256,2,0,103,0,0,0,0.19453632496856135,0.5200609306035503,0
MidValue,3945.2378525545582,8.280517961642454,1,1,47,0,0,0,0.3390986738772595,0.4237729662633346,0
MidValue,6430.070685976592,8.768896317518493,2,0,108,0,0,0,0.26867115834038985,0.16429235788950153,0
MidValue,4873.4837666436715,8.491769483802969,3,0,81,0,0,0,0.3838230749456852,0.8540133043352391,0
MidValue,4404.668804149788,8.390647355256363,1,1,88,0,1,0,0.25128463401603185,0.8974922218725424,0
HighValue,5988.737660015925,8.697802893825855,1,1,10,1,1,0,0.2715307429580717,0.10454730340558671,0
HighValue,4753.7182336753995,8.466892716373135,2,0,26,0,1,0,0.24380117894921707,0.12255255908313623,0
MidValue,3816.518725842191,8.247355942343937,4,0,83,0,0,0,0.2697881854323178,1.0137874619352572,0
MidValue,3877.738155077792,8.263265161959097,1,1,112,0,0,0,0.06713732088916904,0.8651076263272699,0
MidValue,3505.7584262152686,8.162447364452891,4,1,95,0,0,0,0.1801232381805486,0.0,0
HighValue,3353.068079550456,8.11792924019458,3,1,118,0,0,0,0.38505436815047633,0.23596347416071162,0
HighValue,5650.308047622163,8.639642310199001,3,1,22,0,1,0,0.3094317857848164,0.12148029161169238,0
MidValue,5280.077170482343,8.571885365454236,2,1,46,0,0,0,0.14186423673193782,0.31851416210037553,1
LowValue,3299.322052195823,8.101775334267316,3,1,74,1,0,0,0.18883964081344473,1.0523683500769159,0
LowValue,2734.7979695761824,7.914178434486848,2,1,67,1,0,0,0.3039502193304787,0.7649696671466695,0
HighValue,6397.027195429102,8.763744971114544,1,0,24,0,0,0,0.16344302188948082,0.7826925959770439,1
MidValue,4680.535342522483,8.45138139975181,3,1,81,0,0,0,0.17575850465646428,0.15320723569986022,0
HighValue,4766.241525114601,8.469523119982725,3,1,89,0,1,0,0.35845049867582196,0.0,0
MidValue,4718.366310257379,8.459429813265015,4,1,101,0,0,0,0.49456571913722297,0.0,0
MidValue,4768.401819332041,8.46997617126636,4,0,73,0,0,0,0.3175315872722653,0.4207848104712643,0
MidValue,3600.873878186395,8.189209510738207,1,1,113,0,1,0,0.055073509356890774,0.49930068632918617,0
MidValue,6701.493629754115,8.810234919681331,2,0,34,1,0,0,0.033768837625898857,0.6818332338074264,0
MidValue,6582.518124075508,8.792324550747042,3,1,21,0,0,0,0.58926158884531,0.7167274394001588,0
HighValue,5182.356714098527,8.553208139687655,2,1,108,1,0,0,0.3245658189171408,1.0447258017510075,0
HighValue,1078.2521779075869,6.984023652416027,4,1,116,0,1,0,0.3478806189228595,0.7730878054353998,0
MidValue,5034.357363238952,8.524239778451069,2,0,114,0,0,0,0.09287480592762112,0.3889995629362112,0
HighValue,5037.796205269484,8.524922484375832,3,1,42,0,0,0,0.4230316402531497,0.7685054330352525,0
MidValue,5908.720049573538,8.684353740339713,4,1,44,0,0,0,0.2320721824243933,0.5359571146856038,0
HighValue,5707.371880675433,8.64968912725857,3,1,115,0,0,0,0.15219205040851008,0.6906930243929982,0
MidValue,6803.131211588591,8.82528523780785,1,0,111,1,0,0,0.2125504475573698,0.34126497287159957,0
MidValue,4677.583927306673,8.450750763489912,3,1,48,0,0,0,0.414353878435348,0.9672204651181497,0
MidValue,1445.6963500574034,7.2770378566886995,1,0,28,0,2,0,0.18220682781801656,0.21365286487286178,0
MidValue,7703.029119463745,8.949498733255831,3,0,50,0,0,0,0.0155186458885913,0.6215029403097875,0
MidValue,7923.103536501954,8.977664473924644,3,0,71,0,1,0,0.2752835910384617,0.0,0
MidValue,5850.874863449532,8.674517378358672,3,0,75,0,1,0,0.17948421631326122,0.4044485239072551,0
MidValue,2594.9628431558885,7.861712764607483,2,1,17,0,1,0,0.5575860530215034,0.5061604653383519,0
MidValue,6257.027846412273,8.741620373949237,3,1,73,0,0,1,0.22085882896537096,0.4204213362069042,0
MidValue,4921.876012795255,8.501648194146561,3,1,45,0,1,0,0.17089772940828385,0.7582867892731411,0
LowValue,3161.4930315276374,8.059115929563827,2,1,1,0,0,0,0.5105795534767495,0.38328168070966834,1
HighValue,6079.9471509539835,8.712915744234454,1,1,61,0,0,0,0.3894513802754364,0.752563610962315,0
HighValue,8961.612860172288,9.100817077316433,2,1,4,0,0,0,0.38596480286256274,0.08063729982144335,0
LowValue,5225.593122378465,8.561514934163784,3,1,83,0,1,0,0.4824672424424437,0.9220545792921775,0
MidValue,4975.241725844898,8.512430211584162,2,1,76,1,0,0,0.3847269667357201,0.1281476021091505,0
MidValue,3368.3126211897797,8.122464032568343,2,0,55,0,0,1,0.4442536657697379,0.041757030467232725,0
HighValue,4377.9925754975075,8.384573971320972,4,1,86,1,2,0,0.4350614083269744,0.07717918350491215,0
LowValue,7801.081854177759,8.962145881446808,1,0,14,0,0,0,0.5244464645550071,0.24357509345501538,1
MidValue,4568.787238668204,8.427221926714374,2,1,25,1,0,0,0.16193647467806344,0.11389296116511949,0
MidValue,4181.355555178278,8.338629896742386,2,0,108,0,1,0,0.12320777654342235,0.06045261487110398,1
HighValue,4228.315285978968,8.349795388010854,3,1,100,0,0,0,0.11049173208726898,0.8403863735398149,0
MidValue,5493.091198558338,8.611428466182232,1,1,51,1,0,0,0.13522415544253383,0.6639675271910225,0
LowValue,3363.1074511218103,8.120917962057694,3,0,77,0,0,0,0.12478674019554446,0.1001288393350403,0
MidValue,5705.26944992494,8.64932075286758,1,0,39,1,1,0,0.5328385764840115,0.5722992843052114,0
HighValue,3784.907571852461,8.239040918331394,3,0,58,0,0,0,0.6651603686033795,0.42704628615233736,0
MidValue,5985.749732943034,8.697303928305022,3,0,35,0,0,0,0.3407967287707096,0.6927888619246441,0
MidValue,7578.760549254293,8.933236888329308,3,1,86,0,0,0,0.054723480750272904,1.0590803475782709,0
MidValue,4220.904873416204,8.348041696988211,2,0,84,1,0,0,0.3309590499554097,0.23682154167399389,0
LowValue,5513.680901383917,8.615169069883798,1,1,91,0,0,1,0.26376933356875637,0.7462797410570552,0
MidValue,6302.392720357273,8.748843294466813,3,0,12,0,0,0,0.2927950726227509,1.1023802750896747,0
MidValue,6042.909814126293,8.706806401727082,4,0,87,0,0,0,0.6089876290866896,0.8912782926949698,0
HighValue,5802.809421717307,8.66626977778567,4,1,90,1,0,0,0.40156939118823054,0.6149993134581538,0
HighValue,6973.088359549006,8.8499568970075,3,1,77,0,0,0,0.31228778587934247,0.5641928438729089,0
HighValue,1350.5397915474541,7.208999807789521,1,0,102,0,1,0,0.5600617069318241,0.5812074999285614,0
HighValue,4781.5707047069645,8.472733485252583,1,1,116,0,0,0,0.18420501349677224,0.4996091909082308,0
HighValue,3590.1456714056962,8.18622655909691,1,0,76,0,1,1,0.16065242120753928,0.3558622456623598,0
MidValue,5611.702446447465,8.6327876020365,3,0,69,0,0,0,0.029475685296496672,0.2949579212043813,0
LowValue,7068.151018033183,8.863495669365193,1,0,59,1,1,0,0.7854435230519783,0.9185468560890788,1
MidValue,5407.778651624467,8.595778588797902,4,1,8,0,1,0,0.08316788138707276,0.30283184896193693,0
LowValue,4187.993506019742,8.34021577069989,2,0,88,0,0,0,0.0789101576064893,0.8341131605365983,0
HighValue,5937.527415047331,8.689216471697254,4,0,43,1,0,0,0.3534185094953234,0.0,0
HighValue,8585.076899236808,9.057897205096227,2,1,49,1,0,0,0.7721391963964115,0.5318512838786718,0
LowValue,4696.687286056941,8.454825599797159,4,1,10,0,0,0,0.024624652021586133,0.3626791562305702,0
MidValue,4790.973281437669,8.474697564119822,3,1,65,0,1,0,0.37581657888696546,0.32975966800645035,0
MidValue,5720.006631078849,8.65190005334474,2,0,74,0,0,0,0.24995434569497657,0.2745444341687132,0
HighValue,4862.840681392788,8.489583668461693,2,1,94,0,0,0,0.1566597703190203,0.08167751958590641,0
LowValue,6489.193351878538,8.77804760153148,2,1,40,0,0,0,0.4537921979746503,0.41709932409377753,0
MidValue,3288.2515404208225,8.098415322565614,2,0,110,0,0,0,0.18478163691643265,0.8852925081946771,0
MidValue,4204.123131019221,8.344058854028093,1,1,19,0,0,0,0.32869624901518935,0.79733950839548,0
HighValue,1408.2185753475046,7.2507906278643866,3,0,81,0,0,0,0.0632794404706452,0.8914481401322185,0
MidValue,5144.505102858789,8.545878816988566,2,1,38,0,0,0,0.20691927830437076,0.5749788119135291,0
LowValue,5365.939261119893,8.588013055011968,2,1,83,0,0,0,0.15541043733783313,0.25897027013050683,0
LowValue,3924.646386097752,8.275286301013644,4,0,114,0,0,0,0.06519171938110958,0.6537831006130742,0
HighValue,3721.6962598802475,8.222203485768846,3,1,102,1,0,0,0.2961398848687512,0.6930162462901399,0
HighValue,5430.482758675703,8.599967443547808,1,0,49,1,0,0,0.341667758201437,0.36619494688152415,1
MidValue,9090.512022504965,9.115096512448165,3,1,10,1,0,1,0.1287303347163358,0.7142399971219544,0
MidValue,3078.7163012398637,8.032592761738178,2,0,29,0,0,0,0.19050880122522953,0.5543656026744922,0
MidValue,5710.884455988678,8.650304275521528,4,1,13,0,0,0,0.10584113812285334,0.5156086965920427,0
HighValue,4707.017475006978,8.457022180141966,1,0,1,0,0,0,0.22440256643613155,0.6912685131340871,0
LowValue,1217.7039838659134,7.105543264771281,4,1,31,0,0,0,0.010117965694302204,0.2769670504520664,0
HighValue,6362.421115967986,8.758321423027457,3,0,5,0,0,0,0.219830127481713,0.0720823560813994,0
HighValue,5206.262743806243,8.557809611618339,4,0,116,0,1,0,0.18213180533203246,0.6383504471344594,0
MidValue,3898.2629053464616,8.268542815626134,1,0,20,1,0,0,0.5023677790514206,0.6424258021999887,1
HighValue,4842.4050187135845,8.485373268622252,4,0,41,0,0,0,0.25369884887127997,0.713672856391464,0
MidValue,4070.110382545606,8.311671062491964,3,0,7,0,0,0,0.08272171790793977,0.2936581136927537,0
LowValue,7072.807887769957,8.864154211886046,3,1,92,0,0,0,0.11261260149718254,0.6046964792760416,0
LowValue,3735.6357789021176,8.225940961236041,3,1,85,0,0,0,0.22188295196297259,0.8700372669158047,0
HighValue,2550.4622353946215,7.84442189945176,2,0,101,0,0,0,0.04583447280481273,0.37362361012736944,0
HighValue,4926.8371620103735,8.50265546124419,4,0,42,0,2,0,0.2987109239047905,0.0,0
MidValue,3947.1313492078452,8.280997669809429,4,1,29,0,1,0,0.42692820993194347,0.7610087553891801,1
MidValue,7643.355715873753,8.941722839582734,3,0,38,1,1,0,0.35813920145659034,0.7004842742152612,0
LowValue,4696.56731967299,8.454800062142462,2,0,64,0,0,0,0.3010196040256354,0.32626818090132986,0
HighValue,6994.8089964327455,8.853066533940854,1,0,83,0,1,0,0.3271192306618477,0.6507259173820055,0
LowValue,4815.9715160864735,8.479900693406691,1,1,62,0,0,1,0.588822254853027,0.42303688367657033,1
HighValue,2825.047997909045,7.946634547498345,4,1,16,0,0,1,0.19320716812810998,0.31438542746439657,0
LowValue,8536.634098924435,9.052239210803942,1,1,60,0,0,0,0.35849674287406147,0.6994259674345458,0
HighValue,4029.555424764899,8.301659467966385,4,0,106,0,0,0,0.42704633471531367,0.18237759549873112,0
MidValue,4286.731046108532,8.363512978327469,3,1,29,0,1,0,0.1582253744577798,0.5848070916838747,0
LowValue,6962.671976233515,8.848462196997767,3,0,4,0,1,0,0.3662889304548285,0.37215428649566945,0
HighValue,6905.311732660607,8.840191016326003,3,1,1,1,0,1,0.2007005790427565,0.19844307934815325,1
HighValue,5905.864834430434,8.683870484775317,4,0,81,0,0,0,0.19665817096553484,0.7633321344753059,0
MidValue,5790.441327469325,8.664136473520657,2,0,65,0,0,0,0.10446034808506013,0.8646277393050551,0
HighValue,7992.243758281589,8.98635193363062,1,0,93,0,0,0,0.09328054468737268,0.40664779063921147,0
MidValue,7566.0058438323595,8.931552738972849,1,1,34,0,0,0,0.1375544296319554,0.14661302706700113,0
HighValue,6485.01206002404,8.777403146258695,2,1,68,0,0,0,0.5955626431328537,0.6800240317721654,0
LowValue,5349.249503771875,8.58489847502166,2,1,85,0,0,0,0.5851019870169858,0.09199982796109979,0
LowValue,1742.8615374023602,7.463857207625772,4,0,92,0,1,0,0.25010126321530995,1.1510978334668007,0
MidValue,5627.963053737286,8.635680521885423,4,1,117,0,0,0,0.510471107102122,0.38136058372127984,0
LowValue,4365.100025020579,8.38162544683843,1,1,18,0,0,0,0.15608557055586325,0.5029213408906221,0
HighValue,7808.937322235566,8.963152217479578,2,1,116,0,1,0,0.19105791448401035,0.49809483571553004,0
LowValue,4877.820530643354,8.492658775094064,4,0,100,0,1,0,0.18479673543838018,0.0,0
MidValue,4734.678759146092,8.462880344691118,2,0,13,0,1,0,0.2893920994952785,0.7584329287760867,1
HighValue,4619.9572375620255,8.43835715689151,2,1,90,1,0,0,0.3900750041346539,0.5742874369707486,1
MidValue,5982.365867257447,8.696738542658176,1,1,39,0,0,0,0.29708180166469245,0.671210834372167,0
HighValue,4592.551048782803,8.432408652914775,2,0,32,1,0,0,0.47366766564746554,0.9325674653103739,0
HighValue,6111.951111982186,8.718164932611204,1,1,4,0,0,0,0.4376310653411999,0.7955736013180932,0
MidValue,7191.753287206205,8.880829310267066,2,1,102,0,1,0,0.42878593118679165,0.8184088030792127,0
MidValue,5351.711374958418,8.585358510568431,2,1,6,0,0,0,0.3174341293370537,0.8554206719424258,0
LowValue,6289.788940436596,8.746841769561454,1,1,73,0,2,0,0.33104226328692143,0.3409589347398253,0
MidValue,6171.269287114122,8.7278218429775,1,1,31,0,0,0,0.341752329786111,0.4512553473962165,0
HighValue,6197.325176684118,8.732034401747864,4,1,33,1,0,1,0.38602434533710844,0.6042046313851298,0
HighValue,2835.722070428971,7.950404463999636,1,1,3,0,0,0,0.16772791336036352,1.3205030382162373,0
MidValue,3981.077355528526,8.289558910735938,4,1,41,0,0,0,0.11263110316562132,0.36029938604652895,0
MidValue,5723.869334632204,8.652575004516947,2,0,104,1,0,0,0.11334162603985966,0.7989205068429135,1
MidValue,5817.922511006208,8.668870388019835,3,0,98,0,0,0,0.1538390610217242,0.003978572641601674,0
HighValue,5323.660878615032,8.580104303782536,2,1,40,0,0,0,0.0643970148809587,0.4387660914292393,0
LowValue,1440.9790654199546,7.273771800000229,2,1,40,0,0,0,0.03645454698448107,0.6474958333467324,0
MidValue,3623.0243177184147,8.195340377327557,1,0,49,1,0,0,0.1473649054948376,0.6242119051431433,0
HighValue,2104.504814753604,7.65231053435007,4,1,68,0,1,0,0.5482310669034294,0.6641114088371591,0
MidValue,7622.872396600322,8.939039708126858,3,1,17,0,1,0,0.449970171301227,0.4944167961346947,0
MidValue,2714.0831255873795,7.906577849058596,3,1,51,0,1,0,0.2495921653746341,0.8299929549530646,0
HighValue,5248.969903337569,8.565977622871632,4,1,106,0,0,0,0.09557269805444826,0.2563057469698289,0
LowValue,6292.403159666408,8.747257246255806,3,1,104,1,0,0,0.18635640046043583,0.8120564294962294,0
HighValue,3714.3571206042725,8.220230081900308,4,1,88,1,1,0,0.11680304562681043,0.8585584912987178,0
HighValue,3111.298542759625,8.043116813460404,3,1,30,1,1,0,0.5556480310478905,0.26645971740558655,0
LowValue,4807.627038225422,8.478166883315957,4,1,105,0,0,0,0.07146607141904486,0.3486050665764784,0
MidValue,1722.9014267385564,7.452345272523165,1,0,54,0,0,0,0.29662675003095784,0.26859829286793796,0
HighValue,4852.183941459722,8.487390251316175,1,1,38,0,0,0,0.4870626262328399,0.613088165215691,0
MidValue,4020.5958799164882,8.299434087889201,4,1,44,0,0,0,0.35055677119590617,0.0,0
HighValue,5596.243352751829,8.630029497087106,4,0,21,0,0,0,0.011828329018277604,0.4469215511226561,0
LowValue,1970.3101360208184,7.586453644353883,3,1,53,0,0,0,0.10393862552163848,0.5925935048020129,1
LowValue,5976.56719545122,8.695768940666404,1,1,72,0,0,0,0.18179989257144322,0.1968155800146138,0
MidValue,6489.384304483748,8.77807702281153,4,1,116,0,0,1,0.3200239038662689,0.718202204893889,0
MidValue,3701.5433406962875,8.216775251865823,3,1,105,0,0,0,0.5012335940239905,0.6347135282777153,0
HighValue,5569.578692177981,8.625254221991097,4,0,110,0,2,0,0.38055331205231646,0.6599690455927159,0
LowValue,4926.257878122802,8.502537900959712,3,1,99,0,0,0,0.17315970923300303,0.4467282499543246,0
MidValue,7390.164740754901,8.908040611909355,2,0,23,0,1,0,0.2832291314657928,0.9518263619283679,0
MidValue,6148.3967228224865,8.724109262139045,3,1,21,1,0,0,0.17491146249057818,0.19567907955549696,1
HighValue,4892.935078918683,8.495751978470961,4,1,108,0,0,0,0.06097941425087778,0.2468258305292365,0
HighValue,2425.852511200678,7.794350433876189,1,1,36,0,0,0,0.321013567770192,0.03204403528989602,0
MidValue,2986.7222690453327,8.002266593152694,2,1,119,0,1,0,0.33186112613293145,0.9151128385730433,0
HighValue,4302.584711955848,8.36720360832843,3,1,37,0,0,0,0.1310411049715167,0.018782451864416516,0
HighValue,3746.0733895191497,8.228730384809285,1,0,87,0,2,0,0.16907146760148536,0.784981719344402,0
HighValue,4007.486906566123,8.29616911906034,3,1,34,0,0,0,0.5595122579495738,0.27759668885711525,0
HighValue,6711.71274053759,8.81175843150486,2,1,34,0,0,0,0.5205753406168029,0.5570284161938548,0
MidValue,5286.031053128978,8.573012129705809,2,1,62,0,0,0,0.20512150773882362,0.09965498014890667,0
LowValue,6531.942620695862,8.784612751807517,3,1,99,1,1,0,0.09137533001518672,0.6888666185726208,0
HighValue,5034.584831221233,8.524284951579448,2,1,9,1,0,0,0.30934423874192263,0.34001627170376586,0
MidValue,4815.496353509073,8.479802045114255,3,1,69,1,1,1,0.09336666325213928,0.2024087726085021,0
HighValue,3977.614084866832,8.288688817753156,3,1,114,1,0,0,0.03951680494295605,0.7035303139809677,0
MidValue,3216.6386620942153,8.076403034763645,2,0,107,1,0,0,0.033418580303819646,0.0,0
MidValue,5229.042376209903,8.562174659551937,2,1,113,0,2,0,0.2163149378661291,0.5394339100454377,0
MidValue,7116.0995460092045,8.870255554275952,4,1,83,0,0,0,0.3979494694105495,0.7208519391437311,0
MidValue,4907.003960225596,8.498622612722407,3,1,112,0,1,1,0.6207030684681114,0.4051488402492619,1
MidValue,6126.854653511846,8.720599992717444,2,1,18,0,0,0,0.4611908928288348,0.26263441891837047,0
MidValue,3523.0836987444363,8.16737573783657,2,0,51,0,0,0,0.30204671527940136,0.9531223603750749,0
MidValue,4514.344759698996,8.415236821673226,4,1,63,1,0,0,0.14586058032635793,0.609777585511821,0
MidValue,4971.803157246652,8.511738975636275,4,1,61,1,1,0,0.3644852091304795,0.017091208745803776,0
MidValue,5344.282666325944,8.583969706312637,3,0,94,0,0,0,0.2745555733396924,0.5899565683112463,0
MidValue,4941.921123846018,8.505711756037424,4,0,25,0,1,0,0.26834995313259685,0.0,0
LowValue,4971.37133007981,8.511652134089621,2,1,54,0,0,0,0.21792849329034536,0.5184240785921661,0
MidValue,4667.372993026604,8.448565894461616,3,0,45,0,0,0,0.26892762981408574,0.5477772997518797,1
MidValue,5759.385357919906,8.65875965386872,1,0,66,0,0,0,0.2996724467870776,0.6948193214751481,0
LowValue,5612.408926194599,8.632913465699279,3,1,108,0,0,0,0.2145905161720536,0.460283890265082,0
LowValue,4414.055749336611,8.392775740214647,4,1,95,0,0,0,0.08959432528394215,0.8834871135735343,0
MidValue,3758.0243654907604,8.231914725450794,4,1,24,0,0,1,0.4445168762628186,0.2498444794017074,0
HighValue,3857.7655215930918,8.258102598248989,3,1,69,1,1,0,0.35683682807740735,0.045282754201348474,0
LowValue,7554.341271469739,8.930010045290835,2,1,38,1,0,0,0.3327680778311722,0.41294311727599164,0
LowValue,5497.257624821554,8.612186525543281,2,0,31,0,0,0,0.3235797493266909,0.22032817214104167,0
HighValue,6382.967269664724,8.761545012184284,2,0,29,0,0,0,0.28556649565658576,0.4476610363274177,0
LowValue,6236.709988653423,8.738368405008682,2,0,101,0,0,1,0.08063185100297321,0.48167560697609585,0
MidValue,5143.341936674104,8.5456527366231,3,0,80,0,0,0,0.2768973222706127,0.34729363647170586,0
LowValue,5517.258332669187,8.61581757004042,3,1,65,1,0,1,0.1981355297193851,0.3404365530661586,0
MidValue,5627.639116093646,8.63562297186032,2,1,28,0,0,0,0.2859870106605558,0.5399097723218222,0
HighValue,2742.5727036966846,7.917016256492967,3,0,9,0,0,0,0.1521226168383615,0.41352466626411927,0
HighValue,5646.3111614653535,8.638934810238242,2,1,41,0,0,0,0.2697580752169721,0.24752678252268095,0
MidValue,3987.713101299761,8.291223926857032,3,1,80,0,0,0,0.3235464188768678,0.316620884889639,0
LowValue,3898.839061668189,8.268690565027338,3,0,40,0,0,0,0.40466141165440217,0.5425119894881999,0
HighValue,5432.710053256747,8.600377430678417,3,1,79,1,0,0,0.18137307449835677,0.4357103270166365,0
MidValue,9178.88721925186,9.124770198054522,3,1,105,0,0,1,0.4501994477589931,0.791475678812464,0
HighValue,2468.7988810291336,7.811892001622292,4,0,80,0,0,0,0.3106428914229637,0.6837119568960894,0
HighValue,1946.2043244545457,7.5741499430887185,2,1,82,1,0,0,0.2831493221779243,0.1761039223754332,0
MidValue,5154.827151009028,8.54788283964319,2,1,59,0,1,0,0.37241798335641424,0.6665353500448776,0
LowValue,2004.4510657099063,7.603624284867498,1,1,14,0,0,0,0.18434912026035732,1.0872555622971216,0
LowValue,4785.175382091255,8.473486912613307,1,0,45,1,0,0,0.20441732355136327,0.7876243871598245,1
HighValue,1870.5301248951582,7.534511623872779,1,0,45,0,0,1,0.2590097692608281,0.31551114625236043,1
MidValue,5674.513883496815,8.643916390408034,4,1,110,0,0,0,0.1851904736177862,0.29590971895788826,0
LowValue,4911.665215831022,8.49957188733331,4,0,5,0,0,0,0.3067406681322388,0.00589614212253281,0
LowValue,3609.1150175727175,8.191494911642849,1,1,48,0,0,0,0.2169392906704632,1.050439985920792,0
MidValue,6823.011586604978,8.828202787089912,3,0,16,0,0,0,0.31950754743688886,0.47876328721969263,0
MidValue,5285.023553406825,8.572821550963393,4,1,82,0,0,0,0.4714380964944377,0.1925540329094646,0
LowValue,5943.016900729127,8.690140429719449,1,1,40,0,0,1,0.27049853077192787,0.7405441550462446,0
MidValue,3239.366867017264,8.083441832937163,3,1,73,0,0,0,0.22517439278572762,0.43977772108853047,0
HighValue,5559.451816388846,8.623434645883496,1,0,37,0,0,0,0.27608706861658633,0.7501916163847446,0
HighValue,3288.312742809881,8.098433929175332,4,0,45,0,0,0,0.379134898203606,0.5853432866935517,0
MidValue,8562.640026345103,9.055280615470835,4,0,39,0,0,1,0.26886872040644627,0.09271095735078427,0
MidValue,6387.849745622863,8.76230952265838,2,1,30,0,0,0,0.11422708803478217,0.3380486401253218,0
LowValue,5275.072819225141,8.570937315717915,4,1,69,0,1,0,0.4157318371704176,0.5149083834165031,0
MidValue,6637.875685060913,8.800697903594441,1,1,81,1,0,0,0.3543462676755686,1.3289540184775395,0
MidValue,5238.884104966149,8.564054659697623,2,1,29,0,0,0,0.14294601606020124,0.3546541282179113,0
MidValue,4732.2394379634825,8.462365117674517,4,0,72,0,0,0,0.13332498179648342,0.050257871386003516,0
HighValue,5229.8888961899565,8.562336503647813,3,1,2,0,1,0,0.29748769636600636,0.7373916358871646,0
MidValue,2306.676454963089,7.743996433643166,3,1,11,1,0,0,0.08798543631980577,0.3147717317756279,0
MidValue,4336.480803490507,8.37504899853708,2,0,68,0,0,0,0.2263578292633014,0.32076085234643503,0
MidValue,5337.778535017187,8.582752167028714,2,0,3,0,0,0,0.28681199791546347,0.3136953728080788,0
HighValue,3899.8968810988276,8.268961775191324,2,1,30,0,0,0,0.3823931264520388,0.24586026704104935,0
LowValue,8138.5334241550345,9.004488138453922,3,1,52,0,0,0,0.1988719800434771,0.5470024949038267,0
MidValue,4457.9160714265845,8.402660982164303,1,0,78,0,0,0,0.6444578967252315,0.572958380255949,1
MidValue,5378.316689683421,8.590316635736935,4,1,21,1,1,0,0.08657054914641124,0.39158291798063194,0
HighValue,7981.815254719499,8.985046417040481,2,1,64,0,1,0,0.12169942413043544,0.48082350315576045,0
MidValue,6192.701570238458,8.731288178913676,1,0,90,1,0,0,0.15121754548302427,0.7074630205745044,0
MidValue,8222.48257199013,9.014749068885605,2,0,30,0,0,0,0.16972740053732996,0.47761500015068664,0
LowValue,5241.576296807139,8.56456831618608,2,1,59,0,0,0,0.7004165498523494,0.42895510614966953,0
MidValue,2731.9467754579214,7.913135710970017,1,0,48,0,1,0,0.47255925705586616,0.8400221896892972,0
MidValue,1276.6336274398373,7.152764917343268,4,0,2,0,0,0,0.6415235607188271,0.622898055162979,0
MidValue,3126.252262860926,8.047910026689097,2,0,25,0,0,0,0.4168011831119941,0.36514315822368504,0
HighValue,5322.885847472342,8.57995873816424,2,1,111,0,0,0,0.49818708753535973,0.5281016954263844,0
MidValue,6404.4846009323555,8.76490987125525,4,1,94,0,1,0,0.31193002034293493,0.1470521794724972,0
MidValue,6497.82072290016,8.779376012177686,1,1,112,1,1,0,0.19879602750356268,0.6352278143486861,0
HighValue,2998.7886838932864,8.006297126467087,1,1,32,0,0,0,0.258821297977561,0.5221143628693845,0
MidValue,3978.819699512901,8.28899179562241,3,0,55,0,0,0,0.09979832231295777,0.9369363020223185,0
MidValue,5673.150143240883,8.643676076640281,2,0,93,1,0,0,0.1235815160224135,0.5423418328882188,0
MidValue,1664.3926847003072,7.4178162212739425,3,0,107,0,0,0,0.37653336369939167,0.562526120537185,1
HighValue,3633.435457040453,8.198209070351945,4,0,41,0,0,0,0.14587713347542436,0.7697934055064054,0
HighValue,5327.164104488173,8.580762012137827,1,0,63,0,0,0,0.16417008301772087,0.7487702629669719,0
MidValue,5244.5910206246945,8.565143197156099,1,0,68,0,1,0,0.2805167091005183,0.39037495087708557,0
LowValue,6385.809387020895,8.761990109217848,4,1,114,0,0,0,0.023542200174802307,0.1715846318058179,0
HighValue,5133.2757671427935,8.543694073884689,1,1,16,0,2,0,0.5269662749381341,0.16693733569875302,0
LowValue,4498.230807136374,8.411661729400443,1,1,59,0,0,0,0.0763685014295234,0.621270573259722,0
MidValue,3621.157726968345,8.194825184421873,4,1,58,0,0,0,0.1410646279354589,0.4115984867296387,0
MidValue,5436.559248998936,8.601085571705195,4,1,63,0,0,0,0.20016399994114847,0.4100807070209524,0
MidValue,4545.847655155036,8.422189448789352,1,1,6,0,0,0,0.06377969411006873,0.12560324134436446,0
LowValue,6130.444100900086,8.721185580451738,1,1,85,0,1,0,0.16708859875511173,0.18536959300960376,0
MidValue,2934.610510041997,7.984670720866841,2,1,17,1,1,0,0.3916225407510886,0.4796626028969418,0
MidValue,7666.722977833613,8.944774976469851,1,0,33,0,1,0,0.1428500151147487,0.33667148364003097,0
HighValue,3912.683574739977,8.272234300216796,4,1,8,0,0,0,0.2796747097327348,0.7867171196652889,0
MidValue,4371.517584303246,8.383094228452022,3,1,27,0,0,0,0.2570747201752627,0.4757392475342615,0
LowValue,6058.127097601812,8.709321025388096,4,1,111,1,0,0,0.13910861945957956,0.2600611749817701,0
LowValue,5953.228560031223,8.691856928482741,4,1,48,0,0,0,0.11798354831837204,0.7463966449008635,0
HighValue,5793.3566351808,8.664639728934294,1,0,35,1,0,0,0.1336558666157258,1.0883686378113917,0
LowValue,4071.001961774811,8.311890040002053,1,1,71,0,0,0,0.262444648831816,0.2626669896547986,0
HighValue,1741.8027719716906,7.463249884769731,1,0,27,0,0,0,0.20525230574326564,0.035378262356294266,0
MidValue,4716.399992433882,8.459013077745901,4,1,67,0,1,0,0.48078468794146006,0.9455351449403144,0
LowValue,6040.787880672863,8.706455253861428,1,1,118,1,2,0,0.08908559651174543,0.6855571622138451,0
LowValue,5639.874100601834,8.63779431485979,4,0,52,0,0,0,0.29107366495249803,0.08242352340298481,0
MidValue,6410.009824648007,8.765772076453406,4,0,90,0,0,0,0.3173606053719663,0.45528111669094085,0
HighValue,4425.602423967808,8.39538762159913,3,1,86,0,2,0,0.3126365260494557,0.4411263906787689,0
HighValue,3794.5882508149566,8.241594684619777,3,1,55,0,0,0,0.4688268285611128,0.4341927967020769,0
LowValue,3175.675706460198,8.063590553661356,4,1,19,1,1,0,0.16758100610935872,0.7203467448310376,1
LowValue,5847.98028066313,8.674022614034218,3,1,48,1,1,0,0.2498327485181312,0.2930921552897129,0
HighValue,5320.731010044378,8.579553907239696,2,1,68,0,2,0,0.24111784063979463,0.34548463514141525,0
LowValue,4906.541073101362,8.498528295570786,1,0,57,1,0,0,0.5919156979691086,0.29357674969380787,0
MidValue,4873.2307315946955,8.491717572333188,4,0,25,0,2,0,0.6711428333485485,0.6001325810147663,1
MidValue,4562.787388064822,8.425908125336141,2,1,96,0,1,0,0.7655819937557732,0.6862615629994042,0
HighValue,4375.177582808665,8.383930924359017,3,0,117,0,1,0,0.15125037579990358,0.467333896188625,1
MidValue,5985.445354944713,8.697253085067917,3,0,96,0,1,0,0.3513788194678653,0.34559601024586506,0
MidValue,3823.213923272815,8.249108214885037,4,0,67,0,0,0,0.3860638882586247,0.8562536025338368,0
HighValue,7274.522448882543,8.89227090374056,1,1,57,0,0,0,0.3554846360659439,0.9419217512870293,0
LowValue,7269.587717330509,8.89159240870856,3,0,83,1,0,0,0.5627751235936468,0.8144019121005943,0
HighValue,7579.116960519512,8.933283908665066,4,1,115,0,0,0,0.4489725130286546,0.17208470978114615,0
MidValue,6853.294527447264,8.832630673126017,1,0,104,0,0,0,0.1701050809856579,0.6680157159339178,0
LowValue,4124.816453189365,8.325019207229516,1,0,30,0,0,0,0.2760512303014245,0.7890422876360975,0
MidValue,6407.359287760134,8.765358555803147,2,1,116,0,0,0,0.3479398418579434,0.7803611189414075,0
MidValue,4840.7698170481335,8.485035597551008,1,1,45,0,0,0,0.09979549446642225,0.0,0
LowValue,5176.188172768433,8.55201736408148,3,1,90,0,0,0,0.22926586866266147,0.6929156379080637,0
MidValue,5696.463564153649,8.647776366040794,1,0,48,1,0,0,0.059688732251361974,0.9811823043873344,1
MidValue,4666.466764318749,8.448371754730376,2,1,72,0,0,0,0.11645706272193833,0.8943064736961097,0
MidValue,4998.273636799677,8.51704790822308,2,1,96,0,1,0,0.4421515806962188,0.7386518140548677,0
HighValue,6108.448551014905,8.717591794576165,3,1,117,0,0,0,0.41912779543025336,0.7389699435362866,0
HighValue,6424.049677416187,8.7679596416271,2,0,74,0,1,0,0.16450293407990874,0.5857480239595941,0
HighValue,6184.937177129201,8.730033797540228,1,1,83,0,0,0,0.32079657336531886,0.6815950587464412,0
MidValue,8804.462508324847,9.083127547469543,2,0,34,0,1,0,0.1846456375526922,0.49044703008570956,0
MidValue,8193.934800009487,9.011271535076663,3,1,85,0,2,0,0.4842940185298428,0.43742453741615317,0
LowValue,5151.072018504417,8.547154246433463,4,1,6,1,1,0,0.37608868202015755,0.45580271220252216,1
HighValue,5207.710149024403,8.558087531932143,1,1,86,0,0,0,0.10667153007328155,0.32884135139099535,0
LowValue,5647.079346706262,8.63907082771219,1,0,113,0,0,0,0.18658389369704978,1.0687741862702649,0
LowValue,5974.9489108335865,8.695498177718811,2,0,104,0,0,0,0.1709634427341396,0.6716637234063181,0
MidValue,7430.135863825197,8.913434001374155,2,1,43,0,0,0,0.2778174860725883,0.6870250226752642,0
LowValue,3974.70291659937,8.2879568458197,1,0,100,1,0,0,0.3868396502559318,0.5604447309189675,0
HighValue,4098.566693592402,8.318636562617742,1,1,93,0,0,0,0.23354478420050126,0.6374072012348267,0
LowValue,4840.92915151454,8.485068505320433,3,0,82,0,0,0,0.4089100231187695,0.889748557749203,0
LowValue,9553.639166546502,9.164782092125247,1,0,19,0,0,0,0.43131694541724536,0.39861918775459787,1
MidValue,7008.559457989888,8.855030133259223,1,0,33,0,1,0,0.14773009909472035,0.5220502386979803,0
MidValue,2625.2000424969788,7.8732932296068325,2,1,41,0,0,0,0.33350452186735124,0.4010725872128542,0
MidValue,5194.0321458818735,8.555458091364398,4,1,61,0,0,1,0.13751975375169112,0.04576523212510086,0
MidValue,2255.0980855045154,7.721392089290075,4,1,104,0,0,0,0.38562282418624394,0.2147939966541182,0
HighValue,5660.539384804088,8.641451110332227,2,1,42,1,0,0,0.12360578409891917,0.6064577136337349,1
LowValue,4729.508997840099,8.4617880862334,3,1,58,1,0,0,0.33155553192624077,0.43757985707330105,0
MidValue,7014.600875519625,8.85589164468009,3,0,62,0,0,0,0.16782004223066613,0.0906955923587563,0
LowValue,7033.360628706162,8.858562081083669,4,1,27,0,1,0,0.3798610709048933,0.8003019376796877,0
HighValue,7594.898404037809,8.935363696913534,1,0,103,0,1,0,0.05608175278520375,0.0,1
HighValue,5578.235603634214,8.626807057395544,1,1,62,0,1,0,0.32993890493799094,0.589123259004684,0
HighValue,6043.309047618774,8.706872455046797,4,0,51,1,0,0,0.011826894450739384,0.3170020719017088,0
MidValue,6833.08961139367,8.829678545172479,1,0,90,0,1,0,0.15448969993218445,0.17927613934097558,0
HighValue,6049.127991530009,8.707834706425905,1,1,30,0,1,0,0.2583934645412153,0.2771441120978244,0
MidValue,3868.824233888491,8.260964367392544,4,1,17,0,0,0,0.17914864154769117,0.6653298991607465,0
HighValue,3690.0486812921927,8.213665892130829,4,1,29,1,0,0,0.13474501246728712,0.8649898307886366,0
HighValue,5846.860783344335,8.673831195288578,2,0,52,0,0,0,0.35235640592588935,0.5143911930715936,0
HighValue,2602.5332158027777,7.864624730655919,2,1,52,0,0,0,0.1758747609795931,0.4818230743330464,0
LowValue,7569.863987077413,8.93206247295414,1,0,34,0,0,0,0.34730996607978426,0.3571681471635344,0
HighValue,3671.1856447037553,8.208542307298963,3,1,87,0,2,0,0.23313571196210303,0.845581694742237,0
MidValue,6882.186400652068,8.836836963340994,1,1,64,1,0,0,0.2522731184014925,0.4032515640614357,0
MidValue,4743.290429042813,8.464697159090948,2,0,118,0,0,0,0.06540568528439068,0.5020346975059544,0
MidValue,2749.1320449137,7.919404205840125,1,0,18,0,0,0,0.361089111921466,0.3651850126177534,1
LowValue,5428.382255373266,8.59958064133161,2,1,10,1,0,0,0.197633959049688,0.45682906014233693,0
MidValue,4566.253836984544,8.426667392324607,2,0,21,0,0,0,0.3763139959959258,0.6316814604055241,1
HighValue,3042.689461383933,8.020825697149384,4,1,2,0,0,0,0.116969647298476,0.2522944210468352,1
HighValue,6657.876874487699,8.803706111849229,2,0,38,0,0,0,0.07283324279376811,0.2778050469630444,0
MidValue,5196.79420309443,8.555989622862153,2,1,74,0,1,1,0.4537340559987989,0.8431973196515827,0
HighValue,4923.488751732794,8.501975741463133,1,1,107,0,0,0,0.08161838010440896,0.6898973651468363,0
HighValue,7618.940665237075,8.938523861936082,1,0,8,0,0,0,0.17799839072703805,0.40301275887216276,0
MidValue,2795.2757863729335,7.936043734531308,4,1,101,0,0,0,0.21904438602595108,0.4547010717421161,0
MidValue,7347.6089841433495,8.902266320438063,4,1,35,0,0,0,0.24964853906549964,0.4869002278381147,0
MidValue,6104.591041658266,8.716960194579192,4,1,76,0,0,0,0.0708364566272691,0.5468926017741422,0
MidValue,5628.138648077488,8.635711716192397,2,1,39,0,1,0,0.2416410607096343,0.7823994894277161,0
MidValue,1193.3793626539436,7.085381967654695,4,1,92,0,0,0,0.3169878524138571,0.8215105187693941,0
LowValue,5787.6330598471395,8.663651456312078,3,0,86,0,0,0,0.08477681691228404,0.7073819218045129,0
HighValue,4522.690356452041,8.417083390254321,1,1,109,0,1,0,0.19479413186604425,0.16184204730275675,0
MidValue,7455.475298503867,8.916838101450601,3,1,4,0,0,0,0.4598432387654829,0.9758532024962083,0
HighValue,4908.766992405679,8.49898176394065,3,0,75,1,0,0,0.29400842787886317,0.4540826750415482,0
HighValue,2852.1317517696225,7.956172530227717,2,1,118,1,1,1,0.18807846426819708,0.9600124519239255,0
MidValue,4177.20179892721,8.337636241315622,2,0,85,0,1,0,0.4856190588628075,0.41572750084170235,0
MidValue,4320.074327459099,8.37125933723252,3,0,31,0,0,0,0.14041788026991817,1.0848040357876059,0
MidValue,5560.404989000774,8.623606051185854,3,1,72,1,0,0,0.1987760638331212,0.694168090156379,0
LowValue,4546.405594654568,8.42231215034272,4,1,87,0,0,0,0.03400538463201012,0.8645151268971041,0
MidValue,6700.9240118206,8.810149930098182,3,0,11,0,0,0,0.2807720101768066,0.5911793236518736,0
MidValue,6147.821644729061,8.724015739959384,3,1,65,0,0,0,0.2701963564889098,0.37275200801253533,1
LowValue,4152.401953302093,8.331683025198673,3,1,51,0,2,0,0.23632555433808064,0.976492166043803,0
MidValue,7895.91200876539,8.974227077073264,2,0,8,0,1,0,0.38028633804521456,0.3472562523395136,0
LowValue,5423.34227340387,8.598651931132952,4,1,103,0,0,0,0.24139455315766845,0.6789380802344145,0
MidValue,3502.3776606413985,8.161482828017625,3,1,44,0,0,0,0.3208030451457066,0.26679369085469207,0
LowValue,4130.0975876609355,8.326298410371416,4,1,92,1,0,0,0.31499027750024516,0.7426119642544291,0
HighValue,7107.009067523142,8.86897746495228,2,0,19,0,0,0,0.21794114705531317,0.014607720309557093,1
HighValue,6981.354865439909,8.851141512131045,1,1,18,1,1,0,0.5363668710031575,0.3801206607941297,0
MidValue,6365.021372580999,8.758729965137848,3,1,106,0,0,0,0.45317166541078163,0.4821232798975841,0
MidValue,3577.8845013664577,8.182806439042857,4,0,47,0,0,0,0.47015286237098997,0.2743380184488997,0
MidValue,3892.1271606992923,8.266968011012088,1,0,35,0,1,0,0.2930132074852834,0.5485884310738673,0
MidValue,4297.464516907792,8.36601314881895,3,1,113,0,0,0,0.22381949892166988,0.9296205289225747,0
MidValue,7375.603113494845,8.906068528907634,3,0,82,1,0,0,0.1173988748449507,0.44781970727141585,0
MidValue,4999.175636534188,8.517228318106126,3,0,81,0,0,0,0.04864372490539119,0.45089435301649883,0
MidValue,6032.2112692805,8.705034696770179,3,1,44,0,0,0,0.40833177839129586,0.41165627330566534,1
MidValue,2693.7502327015436,7.899060801015401,2,0,119,0,2,0,0.5791435959211312,1.1312263005894496,0
MidValue,1497.408136825797,7.312158581458031,4,0,20,1,0,0,0.4072640285169552,0.43673121726802666,0
MidValue,4894.09405530953,8.495988769347843,2,0,21,0,1,0,0.11518594224353904,0.35212499687813176,1
HighValue,5793.340048118329,8.664636866306523,2,0,65,1,0,0,0.21700438774976927,0.16946049799655288,0
MidValue,5244.906030533037,8.565203247672608,1,0,91,0,0,0,0.22112963838017377,0.31576080313772903,0
LowValue,5595.1768190946805,8.629838932694097,1,0,49,0,1,0,0.4193515538787442,0.0,0
LowValue,4722.118699724862,8.460224601853197,3,1,95,1,0,0,0.2619396664772,0.2001442821362398,0
LowValue,5326.758794164378,8.580685939829902,3,1,73,1,2,0,0.5258525307349619,0.490373498965715,1
MidValue,5668.622648837833,8.642877842273913,3,0,104,0,0,0,0.4636812416702652,0.6248986099221738,0
MidValue,4471.806612986391,8.40577136820052,1,1,35,0,1,0,0.4419990950897524,0.3297263405997584,0
MidValue,3079.0780853895376,8.032710228045454,4,0,58,0,0,0,0.5866874265380733,0.4969772214510059,0
LowValue,4558.1852823872,8.424899220402578,1,1,109,0,1,0,0.18428058401473255,0.46133628720496656,0
MidValue,6930.948038382408,8.843896154901806,4,1,37,0,0,0,0.2831112702113015,0.9141433687363887,0
MidValue,1458.148375814731,7.285608240277797,3,0,93,0,0,0,0.13682878092236037,0.8093237235785331,0
HighValue,4036.3134666580654,8.303334766255121,2,1,32,0,0,0,0.6204637189406635,0.6858827119761612,0
MidValue,4996.0783732000855,8.516608695271659,1,0,24,0,1,0,0.3861048256431974,0.2980508212074838,0
MidValue,2840.2439735466296,7.951997254107444,4,1,100,0,1,0,0.08721558385076031,0.10035612990423426,0
MidValue,7388.576805202715,8.907825746430062,2,1,49,1,1,0,0.2068279703340882,0.37867970027358805,0
MidValue,4721.526561081976,8.460099223728715,1,0,57,1,0,0,0.17942371041439342,0.9036059236564072,0
HighValue,5476.023723970403,8.608317116337313,2,0,32,0,0,1,0.35272086421236426,0.621829459848901,0
HighValue,3816.736802273801,8.247413065889015,4,1,7,0,0,0,0.2982148351172383,0.6759147518114553,0
HighValue,4083.9263647798202,8.315058981373943,1,1,103,0,1,0,0.42795509370318296,1.061507275055749,0
HighValue,4823.566030632427,8.481476067890238,1,1,118,0,1,0,0.6068447177108133,0.7609428240982496,0
MidValue,4284.016117921148,8.362879592499986,3,0,69,0,0,0,0.40731540473472694,0.5819243796011957,0
HighValue,4169.3123784786385,8.335746222893313,2,1,77,0,0,0,0.2883232145779283,0.0,0
MidValue,3614.9754808683956,8.19311694075578,4,1,68,0,0,0,0.2720564707778259,0.253381615739255,0
MidValue,5891.065490156506,8.681361892618595,2,1,104,1,0,1,0.3177232513939164,0.15467395633158226,0
MidValue,2771.8764429311473,7.927640487439935,1,1,104,0,0,0,0.14348545974182592,0.7076034015224434,0
LowValue,6749.468916646305,8.817367250586493,2,1,2,0,1,1,0.1428418519744567,0.7009263932783157,1
MidValue,5554.40886291935,8.622527302050937,4,0,96,0,0,0,0.4750847303343887,0.40424219577694565,0
HighValue,4644.462880383346,8.443646297603495,2,0,7,0,0,0,0.3450847479011655,0.0,0
MidValue,5888.514567059958,8.680928856790798,2,0,38,1,0,0,0.42880106539405616,0.640325300741748,1
HighValue,3002.713172342187,8.00760452641528,1,1,78,0,1,0,0.14514913675779273,0.11104563097311215,0
MidValue,4729.084759340367,8.461698400847702,4,1,4,0,0,0,0.0354675217675758,0.14471296785173726,0
MidValue,3337.5309439659954,8.113286152078091,3,1,47,1,0,0,0.22397120964814207,0.4392129757375274,0
MidValue,4887.520018078672,8.494644881870077,2,1,104,0,0,0,0.45268666898916665,0.708458884831066,1
MidValue,4025.209450364331,8.300580629278786,1,0,6,0,1,0,0.28756530016681303,0.951940041956219,0
MidValue,3244.9029374483143,8.085148845424227,4,1,100,0,0,0,0.29820591060070956,1.0350332938800912,0
HighValue,3410.2428021882242,8.134831961998549,3,0,18,1,2,1,0.44111278742574617,0.17296515265233314,1
LowValue,5425.5082906335665,8.599051165689854,3,1,2,0,0,0,0.4561682275527539,0.6998823185533704,0
MidValue,3832.8632217229906,8.251628247883927,2,1,44,0,0,0,0.08484760856932873,0.3764117320349865,0
LowValue,3123.4403645615876,8.047010462792874,1,1,22,0,0,1,0.1264443273751238,0.06318758373450323,1
HighValue,5133.4289894012545,8.543723916452393,1,0,65,0,0,0,0.07649700753428636,0.8284778713786558,0
MidValue,5542.4519101924025,8.620372674184683,2,0,45,1,0,0,0.23016419309645375,0.3406738692413869,0
MidValue,4756.160034397543,8.46740613774102,2,1,95,0,0,0,0.2639876991361277,0.6664352034660603,0
MidValue,2999.2631826915067,8.006455291366244,3,1,107,0,0,0,0.06604802270511347,0.041322727150778005,0
HighValue,6666.148977535595,8.804947607881466,2,1,1,1,0,0,0.15025489647203658,1.0217557789298444,0
LowValue,4877.778082822115,8.492650074629346,3,0,47,0,0,0,0.27512426427921693,0.33772708283785136,0
HighValue,7088.542648650473,8.866376110908227,3,0,5,1,3,0,0.175744014213237,0.4493608479849539,1
LowValue,4796.311137714249,8.475810860293882,3,1,56,0,0,0,0.31433290266686037,0.17120916811054587,0
MidValue,6356.67435173472,8.757417921495096,3,1,56,0,0,0,0.045005819604105865,0.3761459648939135,0
HighValue,2469.0725900492257,7.812002817874081,2,0,13,0,0,0,0.551200411895981,0.3969375203852871,1
HighValue,4411.260819347026,8.392142494525261,1,1,87,0,0,0,0.22325491487920837,0.16889926966073016,0
MidValue,4280.898657732039,8.362151801828933,3,1,44,0,0,0,0.1679236684426854,0.3524290804334607,0
LowValue,7603.116234575244,8.936444989469297,2,1,6,0,0,0,0.24754450255353028,0.9242831693854578,0
LowValue,4102.850286691063,8.319680906334094,2,0,48,1,0,1,0.09012685708952957,0.6431389861728939,0
MidValue,3102.4428509451936,8.040267371295629,1,1,21,0,0,0,0.21727816889771362,0.7248387512628575,0
HighValue,4153.754258047059,8.332008561869507,4,1,111,0,1,0,0.367996445542175,0.7088186311527931,0
MidValue,3828.8962481348326,8.250592992547936,4,1,58,0,0,0,0.1443539072794262,0.13030903394496823,0
MidValue,4913.8654733699605,8.500019661580023,4,1,75,0,0,0,0.07789564828459573,0.3890543688776036,0
LowValue,3464.3219085217347,8.150560810201073,1,0,5,0,0,0,0.27887297501370417,0.615120314763205,0
MidValue,3525.3142962666334,8.168008495759798,4,1,8,1,0,0,0.3741537562533211,0.514875666340342,0
MidValue,6079.507072947713,8.712843371638487,3,1,118,0,0,0,0.1256855041452673,0.6757232607434607,0
HighValue,1568.4665059023882,7.358491035437784,2,1,62,0,0,0,0.1837545396308352,0.7920685981034432,0
MidValue,6031.1687624424885,8.704861887154921,3,1,94,0,0,0,0.24041997010372368,0.5626507364752057,0
MidValue,6403.646493286555,8.764779020502695,3,0,13,0,0,0,0.22943695231712674,0.46002971821951355,0
HighValue,6397.069996937272,8.763751660889953,3,1,58,0,0,0,0.3283998428078331,0.6600286871146754,0
HighValue,2473.5340356968113,7.813807388872741,3,1,98,0,2,0,0.15466981269442082,0.4306797918964864,0
MidValue,2739.683992943403,7.915962800690213,2,1,119,0,0,1,0.2067684858619576,0.2621573304600921,0
MidValue,4760.999704947454,8.468422965087012,2,0,96,0,1,1,0.29274436493708716,0.39967164666252203,1
HighValue,5040.559728614254,8.525470783152608,4,0,17,0,0,0,0.38773915639030176,0.36394836747295756,1
HighValue,2604.9399421445214,7.8655487114271025,2,1,97,0,0,0,0.5894176897528902,0.586893456513737,0
HighValue,6618.135692303573,8.797720080332356,1,0,101,0,0,0,0.41578830197187494,0.3784887185533862,0
HighValue,7490.834273170113,8.92156894281346,2,1,32,0,0,0,0.38074647101660886,0.6367788072173466,0
MidValue,4013.1863413070064,8.297589951125564,3,1,16,1,0,0,0.21216202253728528,0.5788147645186839,0
LowValue,4437.828568869049,8.398145784775167,4,0,18,0,0,0,0.02749188584745485,0.1591245613578271,0
HighValue,7658.517546339494,8.9437042772445,4,0,62,0,0,0,0.3895419288968741,0.05948829766781416,0
LowValue,5453.238016084759,8.604148203099578,1,1,7,0,0,0,0.19091317816794587,0.3796174443615291,0
MidValue,5431.438988635221,8.60014348125946,4,1,39,0,0,0,0.13150113583726478,0.6441142615665162,0
LowValue,5247.390407867281,8.565676719599999,3,1,81,0,0,0,0.4853388131739954,0.3979196633077382,0
MidValue,1954.6408939195617,7.578473241674012,4,0,45,1,0,0,0.4967276192926923,0.3561828064761029,1
MidValue,3436.510531442019,8.142502805662357,4,1,107,0,1,0,0.13032977990084313,0.7569328877798153,0
MidValue,6947.548384803775,8.846288051247543,1,1,73,0,0,0,0.2507303146449109,0.4609592823158728,0
LowValue,3242.30005385873,8.084346625572987,2,0,23,0,0,0,0.11862535341671168,0.348808807113294,0
MidValue,6613.948570901241,8.79708730190073,2,1,75,0,0,1,0.47891190808138895,0.3190284650398659,0
LowValue,5922.661615809236,8.686710052859747,2,1,35,0,0,0,0.24118827867677514,0.546226396378331,0
HighValue,3642.8487391906597,8.200795747965795,1,1,53,0,0,0,0.22762327793785214,0.7474422449682521,0
HighValue,6124.243218734985,8.720173743805761,4,1,23,0,0,0,0.6421103589273124,0.43432776634623754,0
MidValue,5766.5701911536225,8.660006160091516,3,0,25,1,0,0,0.24498514407744834,0.5472585551408107,1
MidValue,7851.146763436279,8.968542246438723,4,1,62,0,0,0,0.27077279791253117,0.04315808547751815,0
HighValue,5229.074106844645,8.562180726527346,4,1,51,0,2,0,0.15988998311459865,0.9643190036825069,0
MidValue,5223.469343861298,8.561108510691863,2,0,86,1,0,1,0.14812911857309413,0.6854044978787511,0
HighValue,3317.7330717304253,8.10733838418038,1,1,101,0,1,0,0.20706093239252893,0.5657816017042193,0
LowValue,7888.418890261517,8.973277759703125,4,1,37,0,0,0,0.11631390539887776,0.34705366018335326,0
MidValue,1679.6174675764291,7.426916545095007,2,1,71,0,0,0,0.25764448264967577,0.4093808759437102,0
HighValue,5180.308659209146,8.55281294025916,1,1,95,0,0,0,0.2925562772788597,0.0,0
LowValue,5547.6386053930655,8.621307880324842,2,1,95,0,0,0,0.3673321120491725,0.42763289182038594,0
MidValue,5644.116129691005,8.638546048505198,3,0,8,1,0,0,0.16940576782289743,0.8498416268988884,1
MidValue,5669.874578215413,8.643098631425852,4,1,50,1,0,0,0.15937702659953004,0.6654134660033737,0
LowValue,4881.171892616342,8.493345459799748,3,1,95,1,0,1,0.15525715678779906,0.36561167045358856,1
HighValue,7436.367450534267,8.91427222791817,1,1,81,0,0,0,0.04792907252432644,0.0,0
MidValue,6723.452963828294,8.813505857492808,3,1,17,0,1,0,0.3575753818191826,0.4689223853960381,0
HighValue,6483.544584326935,8.777176868274857,4,1,57,1,0,0,0.30833386109458405,0.6175729884440131,0
LowValue,8664.219836933067,9.067072572506822,1,0,53,0,2,0,0.16085174407210767,0.5150409571014907,0
MidValue,3956.781096678175,8.283438818083825,4,1,93,1,0,0,0.11630224138685528,0.7910053332829589,0
LowValue,4681.0106535576615,8.451482923477071,4,0,90,0,0,1,0.5571222086069574,0.8828249103432722,0
HighValue,5275.998650861172,8.571112777741654,3,1,50,0,0,0,0.34549662363596595,0.26349111753266513,0
HighValue,2966.0676322591876,7.995329414860544,3,1,64,0,0,0,0.16140499077745576,0.5790027211865065,0
MidValue,6811.813817691216,8.826560502892738,1,0,13,0,1,0,0.37741182772863613,0.8202674565973285,1
MidValue,4366.2103575660885,8.381879722136766,3,1,112,1,0,0,0.399470114162437,0.5255699606647198,0
HighValue,5156.778800665779,8.548261300811706,2,1,108,0,0,0,0.4204110516783933,0.6511043032795565,0
MidValue,5600.178594168801,8.630732317823387,2,1,15,0,0,1,0.14788743358728063,0.4472608049914779,0
HighValue,4974.796103394271,8.512340657573501,1,0,45,0,0,0,0.4159405717419379,0.5591338809140969,0
HighValue,3523.965767661951,8.16762600389764,1,1,97,0,0,0,0.08182490704213131,0.16815628517576625,0
HighValue,5477.318317911977,8.60855345655246,3,1,35,0,0,0,0.3082483431754396,0.5139550369463934,0
MidValue,3294.976673701831,8.100457813850749,1,1,35,0,0,0,0.17813416483303687,0.3800079341649987,1
MidValue,5041.423460852564,8.525642090903562,1,1,109,1,1,0,0.282690506987196,0.6899095149525224,0
LowValue,4371.958105539112,8.38319497111071,4,1,78,1,2,0,0.07702430946094092,0.18080598162084777,0
MidValue,5875.128622367342,8.678653426497243,1,0,38,0,1,0,0.5412554322303825,0.0,0
MidValue,5796.1229960183555,8.665117038299119,4,1,23,0,0,0,0.3849545187131023,0.613527109726361,0
MidValue,4558.479578448559,8.42496376846218,4,0,116,1,0,0,0.21975024722163633,0.8127761744357405,0
MidValue,5935.790359152063,8.688923922741397,2,1,25,0,0,0,0.18807437199555993,0.9711377889234903,0
HighValue,6035.149897392667,8.705521653474788,4,1,24,0,1,1,0.13268711551703982,0.37153572895322884,0
MidValue,5976.144711654417,8.695698259950673,2,0,18,0,0,0,0.02668330118166459,0.8134905113032562,0
MidValue,2825.6050887993324,7.946831655257673,4,1,119,1,0,0,0.034030681416797125,0.4180666078877372,0
MidValue,1145.4908996403883,7.044461164752622,3,1,106,1,0,0,0.14698527021735494,0.0,0
MidValue,4886.491984448744,8.49443456428179,4,1,20,0,0,0,0.45263973811777397,0.0,0
LowValue,1605.398833212555,7.38175020316034,3,1,45,1,0,0,0.1708978334844014,0.6111312174421863,0
HighValue,5454.324645160452,8.604347409816297,4,0,109,0,0,0,0.17393594226234463,0.27677997940481214,0
HighValue,2710.7124333833135,7.905335608550032,1,0,15,0,0,0,0.03798108551860079,0.1106957433168948,0
MidValue,5627.456898497655,8.63559059804104,1,1,93,1,0,0,0.19786446242220174,0.42798969017055427,0
HighValue,3221.742571969559,8.077988006447253,2,1,92,0,0,0,0.08564324684450968,0.19050477473208266,0
LowValue,1922.097165481313,7.561692272383685,2,0,88,0,0,0,0.2587313203906742,0.2509548107135068,1
MidValue,1967.8504748366659,7.585205136109382,4,1,69,0,0,0,0.29340072294697744,0.7301597343812594,0
MidValue,5276.11963500752,8.571135704175314,1,0,72,1,0,0,0.5153767395250872,0.2917852765163968,0
LowValue,1888.160932755748,7.543888058555416,1,1,105,0,0,0,0.35154452785814844,0.1632095450207528,0
HighValue,5881.3155228665355,8.679705759781092,3,1,13,0,0,0,0.500623813024975,0.6081336253599305,0
MidValue,5300.083524983532,8.575666517321613,3,1,22,1,0,0,0.395721176274692,0.8603218402625497,0
LowValue,7127.317905154529,8.871830567644688,4,0,58,0,0,0,0.026666030472590693,0.6692230989859205,0
MidValue,7027.883595102602,8.857783166376178,2,1,15,1,2,0,0.35181133326824915,0.999401596683521,0
LowValue,7196.789541821339,8.881529249787148,4,1,76,0,1,0,0.351409433180855,0.4033945666091583,0
MidValue,3209.543073415322,8.074195383563765,3,0,29,1,0,0,0.36039515818192414,0.7699194296900264,0
MidValue,4301.325237624779,8.366910908463467,1,0,60,0,0,0,0.15665922547309716,0.6920708363983372,0
HighValue,6170.645726966347,8.727720811797749,1,1,108,0,0,0,0.4210034910373368,0.04359818177698449,0
MidValue,4222.357661274158,8.348385744995321,4,1,3,0,0,0,0.38921708143916445,0.3448401705557172,0
MidValue,5184.006253848048,8.553526326805244,1,1,17,0,0,0,0.12789955075826018,0.22240511870032453,0
MidValue,2960.01931251974,7.9932888503767545,2,1,49,0,0,1,0.39121669766809825,0.36287306659361895,0
MidValue,5745.009080345968,8.65626081982792,1,1,17,0,2,0,0.35943009620267763,0.5116928713485412,0
LowValue,5030.9401379859,8.523560902042803,2,1,74,0,0,0,0.588769790158485,0.5942894551795237,0
MidValue,3340.591745588996,8.114202542982703,4,1,119,1,0,0,0.16879652329727898,0.6387799195648984,0
MidValue,6949.895154843693,8.84662572952301,3,0,103,1,2,0,0.15041229715894555,0.2561380636769843,0
HighValue,3238.677776768328,8.083229152226021,4,0,23,0,0,0,0.20865303468080038,0.0,0
MidValue,5858.452831776923,8.675811504794583,3,1,17,0,0,0,0.300944673529266,0.8642989168161781,0
HighValue,6705.6143218380885,8.81084953062019,3,1,94,1,0,0,0.08454312090673943,0.3667854823224187,0
MidValue,4938.19460099023,8.50495756065332,3,0,44,0,0,0,0.2692099589574421,0.4446008118111174,0
MidValue,4870.791240879983,8.491216959719642,3,1,109,0,0,0,0.2662468160424433,1.052585326019018,0
MidValue,6570.4854167131525,8.790495176747898,2,0,83,0,2,0,0.29191619741007163,1.0567445117261969,1
HighValue,7058.703573917777,8.862158342908623,4,1,80,0,0,0,0.13916250207647146,0.5603565929189928,0
HighValue,4870.247705218527,8.491105385566028,3,1,104,0,0,0,0.43648020900653195,0.0,0
MidValue,4010.164338236996,8.296836836817288,3,0,40,0,0,0,0.34349056954221885,0.8525038271973207,0
HighValue,3247.629962922114,8.08598863657654,3,1,43,0,0,0,0.24491759940027447,0.6280172634671966,0
LowValue,3943.268117886745,8.280018694620516,2,1,32,1,0,1,0.5394374272488677,0.0,0
MidValue,7346.918402825941,8.902172341595342,4,0,61,0,0,1,0.2382712040841387,0.6357794590875306,0
HighValue,2251.510988199754,7.719800867694681,3,0,89,0,0,1,0.28654809105862034,0.0,0
LowValue,3915.8840477208446,8.273051730909788,3,1,88,1,0,0,0.16273581489126346,0.7374499128862878,0
MidValue,2839.4201485577014,7.951707259846257,4,1,67,0,0,1,0.18525759749565657,0.3907970408652009,0
MidValue,3500.8172905986717,8.161037338611722,2,0,105,0,0,0,0.5069034078316402,1.1556940011033698,0
HighValue,5106.656362873007,8.538495940588906,4,1,50,0,1,0,0.17598583669478057,0.9418789806645684,0
MidValue,4830.9186065431595,8.482998894800419,2,0,119,0,0,0,0.2625952434027308,0.17662838095852068,0
HighValue,4316.098029820344,8.370338703155046,2,1,33,0,0,0,0.23371158957382315,0.4586310628133069,0
MidValue,5064.16093421019,8.530141189960869,4,1,29,1,1,0,0.34081583998769344,0.2992547141444014,0
MidValue,5266.731684209844,8.569355128424396,2,1,97,1,0,0,0.3663235176547913,0.6115230668972591,0
MidValue,2568.990443835359,7.851657459530352,4,1,74,0,0,0,0.04860301514215285,0.7262566245219307,0
MidValue,5152.621457828158,8.547454942226322,2,0,94,1,0,0,0.522912856920526,0.3970247324646229,0
HighValue,3765.530513203472,8.233909568441874,2,0,22,0,0,1,0.21898850535095732,0.4693320484049835,0
LowValue,3956.998620234549,8.28349377756077,2,0,52,1,0,0,0.2670628529962677,1.0955084048306059,1
HighValue,4061.961253062025,8.309667359408172,2,1,62,0,1,0,0.1203392086105586,0.40702684928926525,0
MidValue,3016.6675837563566,8.012239488714174,2,1,64,0,0,0,0.18507775596128453,0.08119922000396124,0
HighValue,2158.631702339143,7.677692977963717,1,0,17,0,1,0,0.08167749689575098,1.007806114996685,0
LowValue,4744.1172530450285,8.464871421601739,2,1,12,0,0,0,0.43852465370223986,0.42367616969691047,0
MidValue,5630.465332805355,8.636124959525512,4,1,15,1,0,0,0.049177411129037396,0.5435674912164256,1
MidValue,83778.53330844322,11.335944024044394,4,0,46,0,0,0,0.14504495773864298,0.0,0
MidValue,2870.428375499574,7.962564876757872,4,0,87,0,0,0,0.0889435990925708,0.09825523131563468,0
HighValue,5471.982705184269,8.607579031114126,1,0,9,0,1,0,0.43931290014598334,1.0147509759443074,1
MidValue,6805.789303467801,8.825675820048053,2,1,68,1,0,0,0.27577787357556677,0.07145551373994741,0
MidValue,4791.06537602395,8.474716782445118,2,0,103,1,0,0,0.09039851739785007,0.4667249309974853,0
HighValue,7570.423053887962,8.932136314746902,3,1,59,0,2,0,0.15425196759618648,0.0,0
LowValue,4473.721601528942,8.406199416824872,4,0,101,0,0,0,0.13499158045726378,0.3822733125230943,0
MidValue,5355.4289472589,8.586052790844525,4,1,109,0,0,0,0.41992735936989933,0.943269657255021,0
MidValue,4766.3477959996935,8.469545411637146,1,0,17,0,0,0,0.36558395786810083,0.5565694399074901,0
MidValue,6147.7206343975695,8.723999312232737,3,0,91,0,0,0,0.10564053806054866,0.41213606227900856,0
MidValue,5664.014349791816,8.64206470652012,1,0,32,1,0,1,0.22893359140156658,0.08898907692945524,0
HighValue,6357.417871397583,8.757534863028809,1,1,66,0,0,0,0.28741452758243946,0.5687475096699216,0
LowValue,5216.032121064481,8.559683960002571,3,1,25,0,0,0,0.11846571524440339,1.110991104564679,1
HighValue,6357.69217903212,8.757578002961308,3,1,5,1,0,0,0.1563146201545124,0.5079780769140504,0
LowValue,6372.677362655231,8.759931875976555,2,1,48,0,0,0,0.03085722204077312,0.2816053149386887,0
MidValue,4686.075991444991,8.45256421102895,1,1,38,0,0,0,0.18955899636846393,0.30984235069879573,0
HighValue,4334.852408282541,8.374673503859928,1,0,78,0,0,0,0.2836099532933997,0.30943073852927505,0
HighValue,2110.1356607179296,7.654981309505869,4,1,58,0,0,0,0.2002791095120719,0.45993470827710625,0
MidValue,6690.049944616136,8.808526083202146,3,0,84,0,0,0,0.14933801529986643,0.6455297491933248,0
HighValue,5408.601797811397,8.595930764290781,4,1,91,1,0,0,0.33954252834542764,0.027069826623866644,0
MidValue,3633.0838001277607,8.198112308714387,2,1,32,0,0,0,0.2100149220936228,0.0,0
MidValue,5827.522186575414,8.670518762919583,1,1,8,0,0,0,0.28803216787219915,0.8970475810798761,0
MidValue,7600.032050962288,8.936039313234204,2,0,34,0,0,0,0.2057447414575357,0.5381420916227899,0
MidValue,5882.839533859437,8.679964809741605,2,1,50,0,0,0,0.6070746914980244,0.3629356167465183,0
MidValue,6078.536484705882,8.712683735985985,2,1,79,1,0,0,0.3932990735536584,0.254190479719828,0
MidValue,6643.588883953225,8.801558100753837,1,0,32,0,0,0,0.11430601715139412,0.2497535781367165,0
LowValue,5672.420546164527,8.64354748575553,4,1,66,0,0,0,0.20274229784049141,0.6145800461782623,0
HighValue,6675.135275520142,8.806294547536313,2,1,60,0,0,0,0.20603085391328654,0.5640589315591495,1
MidValue,4142.9574137909,8.329406507291655,4,1,116,0,0,0,0.1867769485973046,1.1201440270250855,0
MidValue,4730.083722495311,8.46190957204935,2,0,7,1,1,0,0.17597037852288527,0.4993837976349296,1
MidValue,2717.0569418380046,7.9076725443952505,2,1,85,1,0,0,0.3748341864443805,0.34494080119557724,0
MidValue,4520.506961795756,8.416600615888685,4,1,10,0,0,0,0.052808847234037753,0.31786359711804585,1
LowValue,4720.639653539795,8.459911402480204,4,1,27,1,0,0,0.08641797716682499,0.6388745897037064,0
MidValue,4338.5883473577205,8.375534771756591,4,1,101,1,1,0,0.0870455077934385,0.4450353796162459,0
MidValue,4573.898786382521,8.428339854269822,4,1,34,0,0,0,0.12208599333242329,0.6261179733612294,0
HighValue,2438.869371121908,7.799699780428674,1,0,83,0,1,0,0.12102767239671025,0.4586899419638118,0
MidValue,4907.485059844283,8.498720631396516,4,1,79,0,1,0,0.3678269302947077,0.5653916686387426,0
HighValue,6518.9121446812505,8.782616180087773,3,0,53,0,0,0,0.2146892317871486,0.6980967590315945,0
MidValue,6345.160051277746,8.755605192637857,4,1,83,0,1,0,0.10852869760614386,0.3726826510390213,0
LowValue,4864.146078460121,8.489852020574281,3,1,91,0,1,0,0.23227947548767416,0.6255898398850341,0
MidValue,6104.383969140516,8.716926278775158,3,0,72,0,1,1,0.4015804307368626,0.73897281705117,0
MidValue,4673.381541826385,8.449852142453205,2,1,67,0,0,0,0.06522540062916879,0.8475712994858844,0
HighValue,5919.92482808505,8.686247936637141,4,1,14,0,0,0,0.0366186532102929,1.1876186535401767,0
MidValue,5646.211786871751,8.638917213285444,4,1,88,0,1,0,0.1557234385943616,0.5106527558291881,0
LowValue,4856.222289764645,8.488222008184337,1,0,60,0,0,0,0.5282423520954059,0.5116356838453169,1
MidValue,2278.972327987809,7.731918585027382,2,1,89,0,0,0,0.2359250944065392,0.7034106012003788,0
HighValue,1763.1584819350455,7.475429074897959,2,1,105,1,0,0,0.3540134121413288,0.526773576415648,0
LowValue,5833.231466728661,8.671497825116903,1,1,104,0,0,0,0.33340718657901824,0.7929320126815615,0
MidValue,3518.444856352458,8.166058544890907,1,0,110,1,0,0,0.14043840433843383,0.5635539735551097,0
MidValue,6083.610366637844,8.713517971594651,3,1,18,0,2,0,0.08249858413179129,0.5980920107801686,0
LowValue,7992.496294120727,8.986383526793245,4,1,76,0,0,0,0.4532314059567927,0.03564212324821914,0
MidValue,6163.970949990386,8.726638703501436,3,0,33,0,1,0,0.21745262980492985,0.8696356440899442,1
MidValue,4667.947465223449,8.44868894308143,4,0,45,1,0,0,0.487411705974946,0.2192352272611523,0
HighValue,6466.325417879332,8.774517919939269,3,1,12,0,2,0,0.4469263016495081,0.974340097844326,0
MidValue,7372.545321424963,8.905653917200208,1,0,81,0,0,0,0.25665675012492667,0.8107313110004951,0
MidValue,4949.535704718052,8.507251072882395,1,0,36,0,0,1,0.6164540370592669,0.9856148236585358,0
HighValue,6825.175972760941,8.828519908911819,4,1,96,0,1,0,0.4852605572248088,0.13150007200895164,0
MidValue,5390.563037251044,8.59259061022281,4,1,32,1,0,0,0.5450745287249014,0.3207789763131192,0
HighValue,5720.380623011019,8.651965422908626,2,0,103,0,0,0,0.6907102840494118,0.8832413005236819,0
MidValue,3405.581599499808,8.13346460398519,4,1,115,0,0,0,0.17491883991313045,0.5204279893920106,0
MidValue,4635.169305000114,8.441643723421832,2,1,63,0,1,0,0.12423154180325297,0.9639443159848691,0
HighValue,3820.0724081687713,8.248286397324605,1,1,75,0,0,0,0.3416394817258013,0.48843395766480147,1
MidValue,4557.443754633462,8.424736562379891,2,0,16,0,1,0,0.45428135034928835,0.8665726320019774,0
HighValue,3974.0908796853946,8.287802889641018,2,1,63,1,0,0,0.2357499758596067,0.05508600401018465,0
MidValue,6124.038785410522,8.7201403677048,2,1,104,0,1,0,0.4089276280632764,0.35478692920542315,0
MidValue,3399.5197932193187,8.131683579277865,3,1,98,0,1,0,0.31448324697380486,0.2517527904195701,0
MidValue,3924.147276015229,8.275159152064207,4,1,97,0,1,0,0.29921612896549155,0.1514802279301526,0
HighValue,5423.3927893912705,8.598661243921422,1,1,58,0,0,0,0.292904426994468,0.7847495472469679,0
MidValue,4471.0740015584615,8.405607562452598,1,1,92,1,0,0,0.4016877969988253,0.6038003571907073,0
LowValue,4068.3010176342314,8.311226523548605,4,1,75,1,0,0,0.4209922576634112,0.6740235067732325,0
HighValue,6804.341514806318,8.825463099690563,3,0,99,1,2,0,0.055184364575000464,0.5844582866333548,1
HighValue,4551.04486843328,8.423331832619029,1,1,43,1,0,1,0.13452998849999148,0.7071472386564777,1
MidValue,7118.641101139612,8.870612595992226,3,1,13,0,1,0,0.6163974507550772,0.08020147607500633,0
MidValue,3446.203953851578,8.145318733275785,4,1,57,0,0,0,0.41443409872206277,0.18162203248281783,0
MidValue,662.7988296562999,6.497979136187453,3,0,115,0,0,0,0.31285828669864413,1.0861574025774732,0
LowValue,5090.049161545135,8.535239210415353,3,0,22,0,1,0,0.11482985290665466,0.7111622121020875,0
MidValue,5177.451313558187,8.552261316335262,1,1,74,0,0,0,0.03596271940246628,0.48815225188853695,0
MidValue,7268.271761536185,8.891411395157524,3,1,27,0,1,0,0.3549195401538403,0.5081103396227545,1
HighValue,3518.3701462009876,8.166037316842878,1,0,113,0,0,0,0.05227759649247501,0.4722831537760212,0
MidValue,5259.415425825662,8.567965280906986,1,0,52,0,0,0,0.19282764896761742,0.6679124880726139,0
HighValue,3379.4358393434914,8.125759926715501,4,1,103,0,1,0,0.17295015514516432,0.14276313794017548,0
MidValue,5573.432321200956,8.62594576535017,2,0,80,0,0,0,0.2119360632073762,0.5646244580421704,0
HighValue,6463.373762328953,8.774061420671769,1,1,27,1,0,0,0.06992480689404887,0.6208397670182333,1
HighValue,5350.25270662849,8.58508596325272,4,1,4,0,0,0,0.15525952699069345,1.1098544956489889,0
HighValue,3834.826297668267,8.252140152826932,4,1,25,0,0,0,0.5191803639510587,0.17896883995980295,0
MidValue,5451.802053080966,8.603884893713534,1,1,31,0,0,0,0.2446626632360363,0.34463566045088645,1
HighValue,7181.453626666698,8.879396334399145,1,1,15,1,0,0,0.03606168016859786,0.8838191501221797,1
MidValue,6322.161764629371,8.751974641256487,2,0,17,0,0,0,0.08463008257817936,0.9546593326251327,0
MidValue,4126.0991987067455,8.325330065980973,3,1,99,0,0,1,0.2324595649759433,0.17239634930806474,0
MidValue,3060.7143825066178,8.0267302937829,3,0,66,0,0,0,0.2053419231519074,0.704255180062098,0
HighValue,5048.387818956266,8.52702229095213,4,0,14,1,0,0,0.3459496329869482,0.8222896964680237,0
LowValue,6253.398992547078,8.74104033395961,3,1,46,1,0,0,0.1847434177672474,0.7067750849226127,0
HighValue,5384.127690938043,8.591396301646968,2,1,110,0,1,0,0.19966556387136217,0.1284379516592115,0
HighValue,3821.767446032247,8.248729901616581,2,1,78,0,1,0,0.3374018070504561,0.16949248101031072,0
MidValue,3710.4118431709207,8.219167633930345,3,0,46,0,0,0,0.05578534614265543,0.2614598991572104,0
MidValue,6030.286743528008,8.70471565725991,2,0,57,0,0,0,0.24244248989183503,0.28317322599569394,0
HighValue,4848.535819276394,8.486638271985594,4,1,24,0,0,0,0.28873132191279927,0.42352974559518414,0
LowValue,3168.8193952657807,8.06142989214602,4,0,16,0,0,0,0.2887350871919673,0.4888290753237631,0
MidValue,3824.603715834941,8.249471568011343,4,0,111,0,1,0,0.1582704349956136,0.26290748148427806,0
MidValue,5781.939793341376,8.662667447130719,1,1,25,0,0,0,0.4671500182939339,0.16829382985065106,0
LowValue,5608.145273451327,8.632153629235573,4,1,80,0,0,1,0.21911724150889952,0.4988947226623141,0
MidValue,4274.762835670969,8.360717806544766,4,1,6,1,1,0,0.3858933466068173,0.380651041974299,1
HighValue,5734.892161412473,8.654498581791096,2,0,77,1,0,0,0.2348928332848436,0.3035690959745364,0
MidValue,4510.012307074545,8.414276865641106,3,0,98,0,0,0,0.15671853032373306,0.7186459271596309,0
HighValue,3203.8896686875587,8.072432944015754,4,1,86,0,0,0,0.03640238516661439,0.007346372513920618,0
HighValue,6350.935132250252,8.756514790697599,4,1,105,0,0,0,0.2754348264767337,0.5541308354766555,0
MidValue,4573.283261524989,8.428205301288969,2,1,56,1,0,0,0.25025285993602053,0.4301006941686119,0
LowValue,4323.3314013607105,8.372012818135065,2,0,64,0,0,0,0.6010088388208854,0.48203002837864223,0
LowValue,7791.774108702499,8.960952186987221,1,1,48,0,0,0,0.28949853049816476,0.18521431485843687,0
MidValue,6824.615670520002,8.828437824119451,4,1,27,1,0,0,0.2340438291104966,0.5489875108223266,0
MidValue,5490.984969759018,8.6110450301323,2,0,51,1,0,0,0.4325406695841309,0.9065369232846361,0
MidValue,2919.244711720017,7.97942269713442,4,0,16,0,0,0,0.6642816645353381,0.5787881204752764,0
MidValue,6248.202834870998,8.74020918817507,4,0,61,0,0,0,0.2329144456245176,0.4155257452492619,0
LowValue,4979.780029208062,8.513341790124226,1,0,28,0,0,0,0.31835615566685305,0.7198784083697547,0
MidValue,4162.84975923196,8.334195348207839,3,0,74,1,1,0,0.48571597232518776,0.5618577921960392,0
MidValue,2233.9484869930857,7.711973458456812,2,1,107,1,1,0,0.23564862730047464,0.6926878019762054,0
HighValue,7699.708536459004,8.949067621330354,1,1,48,0,0,0,0.28680361387115544,0.4118130131480496,0
LowValue,3004.686147528635,8.008261156188846,2,1,49,1,0,1,0.11149316977574747,0.3101385415673181,1
LowValue,7135.378968616961,8.87296077943844,2,0,31,1,0,0,0.11277729997378394,0.3941407080743106,0
HighValue,5187.8562409599135,8.554268574408882,3,1,60,0,0,0,0.5800111423305544,0.39266291571186485,0
HighValue,3420.2601474239154,8.137764226349443,1,1,103,0,0,0,0.09103108445756496,0.2473858139963223,0
MidValue,5894.98530173771,8.682026940945052,2,0,96,1,0,1,0.3613317081758026,0.8745646786333603,1
HighValue,3752.577438478141,8.230464647805473,3,1,48,0,0,0,0.17896116767100925,0.479706275889035,0
MidValue,3691.927041751004,8.21417465883586,2,0,30,0,0,1,0.13676640077369998,0.27701770709143536,0
LowValue,4775.122318051306,8.47138426572675,3,0,96,0,0,0,0.20181682784576063,0.5246917658470117,0
MidValue,4450.549803324813,8.401007584938295,2,1,44,1,0,0,0.32257436230918757,0.23704436023636144,0
LowValue,3571.2561275424923,8.180952643664984,2,1,107,0,0,0,0.26294572645757686,0.24044899578864487,0
MidValue,5096.56994178724,8.536519223156294,2,1,23,1,0,1,0.33032130500295676,0.6578978062333294,1
MidValue,5744.382001211577,8.656151680885461,3,1,67,0,0,0,0.46916808584862163,0.5402958766436293,0
MidValue,6511.391835263422,8.781462077134968,3,1,100,0,0,0,0.19763523652988205,0.7130527986188155,0
MidValue,3635.3064579701613,8.198723736115873,1,1,71,0,1,0,0.3442523405214545,0.0,1
HighValue,4582.405856766546,8.43019763759594,3,1,82,0,0,0,0.23014289346266326,0.11305255791041913,0
MidValue,3008.1937070747904,8.009427450455245,4,0,55,0,1,1,0.32095002547019214,0.6836737723628101,0
LowValue,6856.997303844904,8.833170739882647,1,0,110,0,0,0,0.5055157814547481,0.32497985554842923,0
LowValue,6828.319309304862,8.828980285710246,3,1,84,0,0,0,0.02904675170026335,0.26539937159612614,0
HighValue,4423.597426136223,8.394934576159002,2,0,23,0,1,0,0.1883481505772197,0.6239769940091664,0
MidValue,7258.0725057496165,8.890007345628621,3,1,5,0,0,0,0.2076196211234546,0.24017331171095557,0
HighValue,4120.110877287345,8.323878036409376,1,1,61,0,0,0,0.34083941574729376,0.6543774385103902,0
MidValue,3962.660705449791,8.284923297803102,2,1,22,0,1,0,0.33664647196556235,0.7745416582027652,1
HighValue,4090.5412572306423,8.316677013560895,2,1,2,1,0,0,0.1794617069997921,0.23047509976878255,0
MidValue,4941.753805019638,8.505677905273041,3,0,39,1,0,0,0.21390503203887748,0.0,0
LowValue,5409.123998222743,8.59602729176691,4,1,36,0,0,0,0.21992717541713222,0.45950164126924203,0
MidValue,4472.889276393699,8.406013393508182,4,0,115,0,0,0,0.151105768649996,0.7285048047932872,0
MidValue,5783.19244834631,8.66288403582075,1,1,111,0,2,0,0.4722642933554725,0.48176987157685686,0
HighValue,5721.143092146146,8.65209868066301,2,0,52,0,0,0,0.1018297645519054,0.38278542812347915,0
HighValue,7354.164581795047,8.903158009643786,1,0,58,0,0,0,0.1778162220591574,0.6227449034694247,0
MidValue,3962.3195104149545,8.284837213310457,2,1,77,0,0,0,0.16371222747156136,0.5867909287545555,0
MidValue,6375.679972307658,8.760402860377862,1,1,62,0,0,0,0.6183491903001218,0.0,0
LowValue,4978.801036351144,8.513145216680643,2,0,113,0,2,0,0.26479177168027024,0.639370607743225,0
LowValue,6250.3270041698015,8.740549040860772,1,1,42,0,0,0,0.5858539570477432,0.5391753750291788,0
HighValue,5946.416246260924,8.690712159902409,2,1,107,0,0,0,0.20063712003895665,0.6712347454585879,0
HighValue,2013.6370155294094,7.608194316976941,3,1,42,0,1,0,0.41881122697164785,0.7864821100246218,0
MidValue,5742.559185766755,8.655834364358125,4,1,72,1,0,0,0.18013948849651457,0.2446639563239919,0
HighValue,3065.4683067657843,8.028281789700639,4,1,79,0,0,0,0.43017026909170464,0.6271703862696753,0
MidValue,6062.028553916347,8.709964715596572,4,1,16,0,0,0,0.11482763428322446,0.3842644700461967,0
MidValue,5667.003240791568,8.642592172580267,2,0,70,1,1,0,0.3069804427687215,0.4845452329280602,0
MidValue,4879.032719322281,8.492907203603872,3,0,83,0,0,0,0.10218802441413456,0.8189273682678109,0
HighValue,6166.274735455339,8.727012323286594,3,0,85,0,0,0,0.35407671342827496,0.36825514829808925,0
LowValue,5884.711925653624,8.680282985301044,4,1,87,0,1,0,0.1717437275724326,0.6762107779529901,0
LowValue,6976.276834503893,8.850413981309439,2,0,75,0,1,0,0.3785615887206471,0.06392154965936236,0
MidValue,3214.394112132959,8.075705214581124,3,0,13,0,0,0,0.6869580347622306,0.33340077289010706,0
MidValue,6327.497044417563,8.752818053205067,4,1,78,0,0,0,0.4941488690906521,0.6023396101836177,0
MidValue,4185.133135376818,8.339532707415808,4,1,65,0,0,1,0.30819123450047414,0.24946950658926997,0
MidValue,5150.02988508168,8.546951951350673,4,1,104,0,0,0,0.23825396767375,0.5179951029022883,0
HighValue,4695.755899862294,8.454627315305089,1,0,70,0,1,0,0.45789402063036555,0.4003882912608982,0
MidValue,4967.880531016516,8.510949848450842,2,1,83,0,0,0,0.6322980014239026,0.5455127006139837,0
MidValue,5767.122927327607,8.66010199068769,2,1,108,0,0,0,0.32743515787378197,0.14763856420319388,0
MidValue,4834.705232389348,8.4837822571039,4,0,46,0,1,0,0.07959405813910013,0.8332540504083292,0
LowValue,3071.706888235255,8.030314174644456,3,1,32,0,0,0,0.11074306165022738,0.7219557336314643,0
MidValue,8221.978123367977,9.014687724547555,4,0,74,1,0,0,0.06052037302641878,0.526171657867699,0
MidValue,5319.930761878459,8.579403522273118,3,0,102,0,1,0,0.47244599539722376,0.12392254467225672,0
MidValue,4778.73765395228,8.472140939868913,3,1,56,1,0,0,0.5250322427938775,0.8833272877519942,0
LowValue,6621.496036390812,8.798227622639562,4,0,63,1,1,0,0.2803096829697548,0.4509050642873351,1
MidValue,4656.295788304138,8.446190255739747,2,1,2,1,1,0,0.13120193830408608,0.13828378593362406,0
LowValue,4294.526596958427,8.365329433877921,2,1,113,0,0,0,0.09861626829471336,0.15304409499184368,0
MidValue,7771.297616349963,8.958321103169968,4,1,7,0,0,0,0.32609921348131227,0.2589292886334603,0
HighValue,4686.170227709761,8.452584316381971,4,0,89,0,0,0,0.23505673590991305,0.8517608616806416,0
HighValue,7650.272776558192,8.942627289002305,2,0,54,0,0,0,0.0873502595324496,0.18109511312865423,0
MidValue,8486.940985720386,9.046401727597686,2,0,73,0,0,0,0.17447183648649003,0.7933038095521854,0
LowValue,3222.747309851876,8.078299722717308,2,1,53,1,0,0,0.6597723622269155,0.7448629001594698,0
MidValue,2810.4917315614475,7.941470486793003,1,1,17,1,0,0,0.3795898660827719,0.32689861916461416,1
HighValue,5020.203521008282,8.521424929172255,1,0,31,0,1,0,0.2596244891334107,0.5630867672037563,0
HighValue,6783.596936593212,8.82241016543341,4,1,27,0,0,0,0.08565181117548466,0.8570722237249633,0
HighValue,4046.556659077671,8.305868683990605,1,1,88,0,1,0,0.04770244191149744,0.5090029675316793,0
MidValue,4288.025402512904,8.363814807211606,3,0,54,0,0,0,0.4962644582220889,0.33813245597342617,0
MidValue,2978.130633052163,7.999386803061732,2,0,118,0,1,0,0.16161104500041762,0.6401254313580512,1
MidValue,7027.036097853293,8.857662585584817,2,1,88,0,0,0,0.10645408515136257,0.824835799466159,0
HighValue,3870.5775448337877,8.261417337287504,1,1,89,0,0,0,0.35689765701563453,0.4597545471429579,0
MidValue,3663.6241366692257,8.206481054264712,1,1,75,0,1,0,0.03385592044008645,0.6562239064551483,0
MidValue,6475.925634206219,8.776001237598742,3,0,15,0,0,0,0.10272762570862345,0.5601609422461044,0
MidValue,6164.9005414820695,8.72678947816389,2,1,63,0,0,0,0.5297617181135312,0.5693895482460221,0
MidValue,5274.1528518412215,8.570762934576816,3,0,118,1,1,0,0.12184099802670982,0.6702059231740395,0
HighValue,3521.6843841807813,8.16697858709581,1,1,37,0,0,0,0.10003929622858948,0.4205102810471193,0
LowValue,4588.028375651844,8.43142359778209,2,0,8,1,0,0,0.2923862800706551,0.8339528612072934,1
MidValue,4117.403442371011,8.323220853253005,1,0,19,1,0,0,0.18855895480289117,0.6510597838492329,1
MidValue,4675.922754810836,8.450395641620036,2,0,28,1,0,0,0.21430958728059124,0.1655070376558188,0
LowValue,6785.914097992909,8.822751639778648,3,0,73,0,0,1,0.14294393638377217,0.42316536433089313,0
HighValue,5785.054547679933,8.663205913020148,3,1,116,0,0,0,0.1805374608652461,0.04740249700851329,0
HighValue,3184.790659651859,8.066455781987278,2,1,47,0,0,1,0.49147404281954926,0.7057904788841134,0
HighValue,2877.7931908953205,7.96512645437287,4,1,13,1,0,1,0.38478184421641604,0.5618582342378601,0
HighValue,5564.957786254018,8.624424357841125,1,0,88,0,0,0,0.26113064294711424,0.43227790682591466,0
MidValue,5886.29262212478,8.680551514286018,3,1,9,0,0,0,0.44337660524087014,0.42827668021323717,0
HighValue,4028.435777354596,8.30138163951982,1,0,115,0,0,0,0.044757633265528014,0.5258573178877808,1
LowValue,3555.1621428537087,8.176437192572267,4,0,84,0,0,0,0.32067239471727504,0.534973658831715,0
HighValue,2555.2718964889796,7.8463051856180845,2,1,111,0,0,0,0.27618211128285497,0.1442272021925291,0
HighValue,6199.976568250395,8.732462069637755,3,1,93,0,0,0,0.12092790172877825,0.3650421180910753,0
MidValue,5845.173143875648,8.673542562727581,2,1,42,0,0,0,0.2753944908774569,0.4281336495463277,0
MidValue,5752.394678612944,8.657545338475549,4,1,42,1,0,0,0.3689912066642166,0.8880166092525481,0
MidValue,5914.696305979693,8.685364488162072,2,0,70,0,2,0,0.17367054413591676,0.6925586463086757,0
MidValue,4317.644911928325,8.370696954236617,1,0,116,1,0,0,0.33759318041270925,0.8449582804577551,0
HighValue,5197.194674056026,8.556066666223114,2,1,65,0,0,0,0.5045832173571813,0.1390913093132149,0
MidValue,4234.324118941527,8.35121513755586,2,1,14,0,0,0,0.28781403542513934,0.46506689597136036,0
HighValue,4304.635520941965,8.36768002987868,3,1,49,0,0,0,0.2744560294758315,0.5548460657467706,0
HighValue,1782.1658802329184,7.48614564787835,4,0,45,1,0,0,0.14438075672033798,1.1700696971116993,0
MidValue,4884.2340064116615,8.49397246638211,2,0,112,0,2,0,0.3233472201147151,0.2822154573979066,0
LowValue,5740.482542620428,8.655472738650866,4,1,104,0,1,0,0.4555696432327176,0.3029904447524736,0
HighValue,6179.28491535996,8.72911965219809,2,1,32,0,1,0,0.5051969472896944,0.022647082446321742,0
LowValue,3441.8568260288657,8.144056878398619,2,1,63,0,0,0,0.10072297684414544,0.2327243075791396,0
MidValue,7451.26641169335,8.916273481443877,2,0,46,0,0,0,0.2428111036465298,0.5674705795698034,0
MidValue,6988.6658806220385,8.85218803446053,1,1,46,0,0,0,0.23069262229489626,0.541021770010356,0
MidValue,3869.3950920073357,8.261111871770868,3,0,22,0,0,0,0.3187326355935668,0.5017570933883256,0
MidValue,4037.2194913062763,8.303559153835911,1,0,28,0,1,0,0.7394816806204516,0.13606962583310095,0
HighValue,6183.592145432747,8.729816340119179,3,0,97,0,1,0,0.4033821757957007,0.39063612770102885,0
MidValue,4906.077691310084,8.498433868715756,1,0,24,0,0,0,0.05836788604012665,0.0,0
HighValue,4291.386271521607,8.364598097725615,2,0,49,0,0,0,0.3146140879341872,0.4968685887296024,0
LowValue,4161.884820715531,8.333963579436663,1,1,3,0,0,0,0.4637864192642204,0.7699243307481425,0
MidValue,4668.3023655617135,8.44876495311433,1,0,35,0,0,0,0.10526198963206235,0.10285967951043196,0
MidValue,6891.076773050687,8.83812773703016,1,1,9,0,0,0,0.8457407792316448,0.3138048031772443,0
MidValue,4352.156905242711,8.378656586214584,3,0,96,0,0,0,0.3082785244925593,0.5303846595107227,0
MidValue,4852.200637219989,8.487393691476644,3,0,105,1,0,0,0.24538376361541503,0.0,0
HighValue,6516.783291889391,8.782289611205853,4,0,83,0,0,0,0.4102696002037691,0.8563560145873357,0
MidValue,7181.066310016671,8.87934240754996,3,0,74,0,0,0,0.3142433659547184,0.15231083352216307,0
HighValue,4611.097668292388,8.436438058157867,3,1,8,0,0,0,0.21883981615573944,0.9964566048442336,0
MidValue,4125.800538303349,8.325257697667075,4,0,111,0,0,1,0.11573078221471503,0.5911378461963231,0
MidValue,5498.168797823769,8.61235223213122,3,1,20,0,0,0,0.3518502286845545,0.3895880377511347,0
MidValue,5991.481767632613,8.69826092377285,1,1,75,0,0,0,0.12414423968214255,0.42528527050234044,0
MidValue,3672.1318263882304,8.208799935833992,2,1,47,1,1,0,0.27227487812717394,0.5348259836522309,0
MidValue,8824.229925569856,9.085369935351036,2,0,115,0,0,0,0.18531641418416098,0.7047637486570668,0
HighValue,4118.770186474159,8.323552660805811,2,0,50,1,1,0,0.1359541013971564,0.910401459672074,0
MidValue,6396.392175941948,8.763645713799212,2,0,90,0,1,0,0.3390757452644195,0.4297468856682929,1
HighValue,3938.399416804437,8.278783558389861,4,0,100,0,0,0,0.16097357871812637,0.0,0
MidValue,6393.707291675197,8.763225941530715,3,1,33,0,0,0,0.3079509313447903,0.8514176918564832,1
MidValue,8000.693562757699,8.987408493602388,3,1,103,0,0,0,0.1400342778822906,0.5506069247847466,0
HighValue,4406.571326306142,8.39107909708065,3,1,60,0,1,0,0.30090352988290564,0.5504952313970697,0
MidValue,2444.599986588275,7.802045765092602,4,0,69,0,0,0,0.09630614739369518,0.8671872353431325,0
HighValue,5887.3019876035705,8.680722947748992,4,1,29,0,0,0,0.7720621406429824,0.6201862960267495,0
HighValue,5130.184206946244,8.543091751086134,3,0,42,0,0,0,0.3732901458554578,0.6660627717138728,0
MidValue,2576.515203778719,7.8545811145269555,3,0,82,0,1,1,0.07571319278780242,0.642565550198608,0
MidValue,7604.296895009547,8.936600243380362,2,0,61,0,1,0,0.35983268544311353,0.3433837054379547,0
MidValue,4340.611047647947,8.376000767348856,4,1,45,0,0,0,0.12450022815663904,0.09633831648371777,0
MidValue,3218.292194067216,8.076916798868409,4,1,60,0,2,0,0.2140607157271875,0.18315779039437746,0
HighValue,7767.544151312868,8.957838057892731,2,0,25,0,0,0,0.18603783194388276,0.220740147763046,0
MidValue,5392.322452225348,8.592916884431586,3,0,31,1,0,0,0.5051091214178289,0.6145698260883576,0
MidValue,5798.800652058699,8.66557882560913,4,0,10,0,0,0,0.41869897857474764,0.46371749380649624,0
MidValue,5775.063835010269,8.661477732279298,2,1,3,1,0,0,0.2979061879216797,0.5210765860971877,0
LowValue,8214.19944201064,9.013741307962503,2,0,91,0,2,0,0.18378180578927192,0.664246916029681,0
HighValue,5305.120454285967,8.576616235963938,2,1,33,0,0,0,0.4944878048686138,0.6971071557801232,0
HighValue,3377.571169942147,8.12520816831487,1,0,33,0,0,0,0.343273968736857,0.7027628695267863,1
MidValue,972.8579616474008,6.881265463077517,3,0,110,1,0,0,0.6192145085849333,0.4015086972403801,0
MidValue,4222.4590363502875,8.348409748138696,1,1,14,0,0,0,0.3027863884447531,0.8224072767644128,0
MidValue,7404.7349221794775,8.910009968526689,4,1,5,0,0,0,0.2604587981241969,0.7295206260768683,0
HighValue,4024.619491354729,8.300434088905181,2,0,6,0,0,0,0.29438307210147274,0.7259942989535413,0
MidValue,4119.194545377193,8.323655660980501,3,1,67,0,0,0,0.36544591302855917,0.0,0
MidValue,7228.024325749766,8.885859358017427,3,1,4,0,0,0,0.017482274063411955,0.7415840548148347,0
MidValue,5857.0408556329985,8.6755705016947,4,1,58,1,0,0,0.6105062802324736,0.5686531558646015,0
MidValue,4219.8640892840895,8.34779514656335,1,1,44,0,0,1,0.3435138660361941,0.4233226224383701,0
HighValue,5532.031273358959,8.618491095034488,2,0,56,0,0,0,0.37011635208702126,0.141105126232404,1
HighValue,5079.054535894065,8.533077275927122,4,1,69,1,0,0,0.8626546367458646,0.4553767935641875,1
MidValue,5748.796037343735,8.656919661395952,3,0,23,0,0,0,0.15642139043095424,0.7647482582523946,0
HighValue,5163.759568229537,8.549613830272673,2,1,107,0,1,0,0.23889253868554944,0.3346475989531925,1
MidValue,5418.951924528197,8.597842224381106,3,0,56,0,0,1,0.40647731707588314,0.5974434692883559,0
LowValue,3213.5414334500006,8.075439993046036,3,1,84,0,0,0,0.130978751448509,0.21461555226969536,0
MidValue,6225.703288717354,8.736602304583084,1,0,5,1,0,0,0.5333585936787179,0.1738726841778228,1
HighValue,5820.08808034551,8.66924247863733,2,0,62,1,1,0,0.3018961821581448,0.633426419938273,0
MidValue,5949.210977174142,8.691181956259639,4,1,11,0,0,0,0.2532664476999952,0.8382265068558533,0
MidValue,5986.149155907434,8.697370643911736,4,1,105,0,0,0,0.10325017838786137,0.9698931658675993,0
HighValue,4974.982904344976,8.512378198791124,1,1,10,0,0,0,0.04948610708669781,0.3991626951392913,0
MidValue,4581.285036267127,8.429953068906446,2,1,106,0,0,0,0.12153296513958396,0.6538630534128825,0
HighValue,276.5830956844193,5.626120332269927,1,0,103,0,0,0,0.2519408587327403,0.7218827491612285,0
HighValue,5225.32791518337,8.561464190989852,2,0,98,0,0,0,0.48701006329033136,0.0,0
MidValue,560.0635352057398,6.329834152596171,2,0,119,0,0,0,0.3648694204991895,0.6189494900097292,0
MidValue,5564.665320153336,8.624371810948736,4,0,4,0,0,0,0.26363117404519953,0.42281350694469105,0
MidValue,6087.48925893243,8.714155260788887,3,1,33,0,0,0,0.605570258661207,0.3821963181537775,0
HighValue,6025.337179254104,8.703894672199569,2,1,65,0,0,0,0.06639505333123191,0.15534270719932103,0
MidValue,4723.92870641717,8.46060775122505,2,0,17,0,0,0,0.12352531543523049,0.32260333830480814,0
HighValue,6294.159296027633,8.747536251325494,2,0,74,1,1,0,0.5179595226558165,0.21856683577818226,0
HighValue,7054.4515933106095,8.861555872629635,3,1,32,0,0,0,0.2658316351140427,0.6472512046299914,0
HighValue,4636.77545667885,8.441990102818318,1,1,67,0,1,0,0.19181314106012706,0.38894774190374737,0
MidValue,4845.902390870957,8.48609509759246,3,1,56,0,0,0,0.3660862914992484,0.8196433909435294,0
HighValue,6921.539635693636,8.842537980661609,4,0,74,0,0,0,0.5016987891006279,1.0520288787347147,1
HighValue,5305.743910385168,8.576733726601432,2,1,35,0,0,0,0.38730880330294787,0.646590683380662,0
MidValue,8572.15236490539,9.056390781168135,4,0,59,1,0,0,0.48956516038930054,1.1367050633010352,0
MidValue,4636.580842238825,8.441948139052446,3,0,49,0,0,0,0.23178610641871472,0.3945697778266545,0
HighValue,5544.718492836811,8.620781466293307,2,1,49,0,0,0,0.4597234982981894,0.7993969768273947,0
HighValue,3707.3304445172184,8.218337039359435,3,0,38,0,0,0,0.3647012745058878,0.5839745062372321,0
HighValue,5446.334368471439,8.602881661303101,2,1,18,0,0,0,0.2578475293562659,0.6675624433898636,1
HighValue,4302.935165874089,8.367285038037197,2,1,31,1,0,0,0.1836480679597877,0.47171613814547725,0
LowValue,2575.2420453184614,7.85408704450207,2,1,75,0,0,0,0.40460783576069254,0.11517074429183499,1
HighValue,2129.0611801707228,7.663905981375818,2,0,68,0,1,0,0.2355803711328306,1.3659708760768865,1
MidValue,5576.822283248969,8.626553707380308,1,1,59,1,0,0,0.09298151078920563,0.36855613471144816,0
MidValue,3754.025821319864,8.230850440691201,2,0,100,0,0,0,0.6108577931031692,0.5105900417089467,0
LowValue,4836.2527149511025,8.484102217675089,2,0,71,0,1,0,0.31851087582394166,1.1032048727038088,1
HighValue,4896.149879539269,8.496408657633639,3,0,72,0,0,0,0.27084960042917866,0.0,0
LowValue,4346.1678881641965,8.37727985185887,1,1,59,0,2,0,0.4532177676696042,0.9268913892977957,1
MidValue,7537.2899394924025,8.927750636803529,3,0,54,1,0,0,0.2419526437857091,0.7537271332799972,0
LowValue,4655.853454650272,8.446095274729101,3,1,2,0,0,0,0.07609110715361124,0.9689909408090391,0
LowValue,4122.475650512351,8.324451691202587,1,1,53,0,0,1,0.09198555250654235,0.6161241128137482,1
LowValue,3513.509655851206,8.164655294044596,4,1,107,0,0,0,0.45761126059544166,0.4862972232530657,0
MidValue,6259.654779405912,8.74204005597341,3,1,15,0,0,0,0.08323235516508017,0.4651282403151407,0
MidValue,4372.764044021876,8.383379254656308,2,1,101,1,0,0,0.21390166606949051,0.11648084782660179,0
MidValue,6845.915965717013,8.831553605892106,3,1,99,0,0,1,0.08629065097682953,0.23746197490531834,0
LowValue,5794.290991969958,8.664800968830663,4,1,96,1,0,0,0.3733372283918975,0.04220593162648706,0
MidValue,4280.612062796417,8.362084867847047,2,1,15,1,1,0,0.12783564615179854,0.5698696027031062,0
LowValue,5659.609220349369,8.641286801509008,4,1,66,0,0,0,0.3644924987761142,0.7382425267837496,0
MidValue,5821.382774858273,8.669464868427143,1,0,48,0,0,1,0.6917025509936737,0.8681905890473702,1
HighValue,3757.5045108094027,8.231776420778944,2,0,1,0,0,0,0.3317952749034714,0.0,0
MidValue,5370.047395826463,8.588778214261696,2,1,107,0,0,0,0.13456807084528583,1.1048449865760337,0
MidValue,5539.93956895615,8.61991936264584,3,0,41,0,0,0,0.417841904974201,0.4939957962959252,0
MidValue,5134.472020472291,8.54392704033326,3,1,25,0,0,0,0.2958223058867679,0.5981571753867069,0
MidValue,5932.019981731248,8.688288634149693,3,1,111,0,2,0,0.3013944472306825,0.24710310937309254,0
HighValue,4804.22429347492,8.47745899949808,3,1,24,0,1,0,0.16431313423688818,0.7253758583073544,0
HighValue,7391.856533211299,8.908269479608126,1,1,70,1,0,0,0.39137611807230366,0.47041539150288414,1
MidValue,8839.243907696447,9.08706974661943,4,1,99,0,1,0,0.45832399775438426,0.0010782273753321414,0
MidValue,4414.492887596444,8.392874746126548,1,0,30,0,0,0,0.04048870383276181,0.3970453222097013,0
LowValue,2156.445308183943,7.67668007301122,1,1,93,0,0,0,0.23254352191360345,0.43359080552272483,0
HighValue,5598.913601224009,8.630506448251367,2,1,17,0,0,0,0.30754379066774523,1.1329330369099244,0
LowValue,5708.840900609082,8.64994643897099,1,1,100,0,1,0,0.3047614634558952,0.5191904129555189,0
HighValue,5261.938503663325,8.568444800631005,4,0,77,1,1,0,0.36798050795878817,0.4605712789891535,0
MidValue,3145.6304735097583,8.054087468342711,2,1,103,0,1,1,0.2218221057311603,0.1195279535916593,0
MidValue,5588.625694364756,8.628667604044042,2,0,24,0,1,0,0.1307993046099753,0.7729898792217791,0
HighValue,6313.410268401456,8.750589644580863,1,1,44,0,1,0,0.29258552610790267,0.5491568316488419,0
HighValue,3794.8703587414234,8.241669007076398,4,0,13,1,0,0,0.35331009611321024,0.15613118631275447,0
HighValue,7787.905094004669,8.96045557622698,2,0,99,0,0,0,0.6124991847589052,0.8143529363183598,1
MidValue,3786.903461700516,8.239567968685678,1,1,96,0,1,0,0.3131039294578064,0.2368479062780579,0
MidValue,6210.789708867096,8.734204331291691,2,1,53,0,1,0,0.06004980813898829,0.4616373977133115,0
MidValue,4830.673921985575,8.482948254304782,3,0,68,0,0,0,0.2326226066955415,0.5239248943643071,1
HighValue,2861.387507724729,7.959411348478836,4,0,90,0,0,0,0.1878810398386776,0.5087904705154601,0
MidValue,5048.3303315245,8.527010905857328,4,0,117,0,0,0,0.19259169871841234,0.7359540790810768,0
LowValue,4875.549999393966,8.49219328149064,1,0,18,0,0,0,0.26049684515422356,0.6583237178757011,1
MidValue,9040.54696978835,9.1095855637226,2,1,42,1,1,0,0.10230854921456341,0.6803156289454616,0
HighValue,6691.629302765148,8.808762095755519,1,1,45,0,0,0,0.2048585585557897,0.6294904198461286,1
MidValue,7928.66044314767,8.978365494436924,3,1,41,0,0,0,0.09623652841760502,0.751043322214437,0
HighValue,7321.944522000844,8.898767783175598,4,0,62,0,0,0,0.3624472833238108,0.030559806412540413,0
MidValue,5139.81908961661,8.544967701709938,3,1,1,0,0,0,0.23546889966756307,0.0,0
MidValue,4144.13795050842,8.329691348199768,1,1,115,0,0,0,0.3715158775207465,0.3240619284842612,0
HighValue,7787.8599170635225,8.960449776044333,2,1,102,0,0,0,0.04026573188944703,0.5435439751633728,0
LowValue,3413.2103877534882,8.135701526456666,2,0,19,0,0,0,0.5767335813557971,1.100705697334618,0
HighValue,5134.75638597662,8.543982411607884,2,1,102,0,1,0,0.12832238371738316,0.8053982205955353,0
MidValue,4186.488812854361,8.339856504572586,1,0,89,0,0,1,0.40401877134809605,0.4669668829372433,0
MidValue,6133.478870038001,8.721680409778,3,1,88,0,2,0,0.23787708752416956,0.6884858327515486,0
MidValue,8066.127513565796,8.995552751625707,3,1,71,0,1,0,0.1420727317745712,0.6295569957493669,1
HighValue,4759.189939499127,8.468042849685471,2,1,87,0,0,0,0.14325168840021485,0.5942064767375183,0
MidValue,3519.5053881557496,8.16635983446668,3,1,103,1,3,0,0.35544441708502156,0.4603787605950752,1
LowValue,6644.808252745161,8.801741596970365,4,1,34,0,1,0,0.25877246183698904,0.5622177235601615,0
MidValue,2704.8458264209203,7.903169832392505,2,1,80,0,0,1,0.36335661330194036,1.1052163865125588,0
HighValue,5595.428169487577,8.629883846347925,4,1,70,1,0,0,0.10736014539451416,0.6694698832389192,1
HighValue,4162.803209517621,8.334184168655925,2,1,51,0,0,0,0.3328823188775883,1.3157467428184608,0
HighValue,5847.24975560436,8.673897708384342,2,0,33,0,0,0,0.21285425050151527,0.0423035984971426,0
MidValue,5741.560823197362,8.655660526269871,3,0,1,0,0,0,0.3222570820676325,0.46749700781116993,1
HighValue,3571.070558830009,8.180900695113168,2,1,48,0,0,1,0.1395800984436721,0.42966702284008007,0
HighValue,7897.8206471766725,8.974468742143463,2,1,116,0,1,0,0.13381847711652645,0.9207186187448109,0
LowValue,7172.4975247486145,8.878148614483477,2,1,46,0,0,0,0.2174401610348146,0.5726099855740431,0
HighValue,3727.233993320895,8.223689940284489,3,1,118,1,0,1,0.31211257695052497,0.21411082770897905,0
MidValue,3378.7534713439836,8.125558048344804,1,1,17,0,1,0,0.190477854782514,0.35842358575015987,0
LowValue,4469.766010819434,8.405315039999653,4,1,77,0,1,0,0.07123327289770386,1.1058048801009295,0
MidValue,3105.4232393094653,8.041227259496049,4,1,53,0,0,0,0.6014876656508417,0.5047369461265805,0
LowValue,3469.1193291306163,8.151944261148072,3,1,46,0,0,0,0.01990398068571505,0.007475172561781318,0
MidValue,6647.820505577856,8.802194750336133,4,1,52,0,0,0,0.24885539015856165,0.8853403896997971,0
HighValue,5117.700239150375,8.540655826264823,1,1,32,0,0,0,0.2602708138238569,0.8270672910585428,0
MidValue,6199.167168283182,8.732331533296017,4,1,99,1,0,0,0.15537339638196634,0.2708944659016344,0
HighValue,8294.363485163793,9.023452021455178,2,1,48,0,0,0,0.572690524445312,1.0531565658189517,0
HighValue,4896.156185381117,8.496409945288283,1,0,95,0,0,0,0.08631741881802453,0.6827451773329097,0
MidValue,4259.568418793368,8.357157862003842,2,0,69,0,0,0,0.364254690642139,0.5683656345750294,1
MidValue,5017.67412257951,8.52092105879214,3,1,43,0,1,0,0.16229158114882772,0.1788186815274453,0
MidValue,6620.111420053065,8.798018523064941,1,1,88,1,0,0,0.17208335736995384,0.21161244059464707,0
MidValue,5418.767481763455,8.597808193469815,1,1,93,0,0,0,0.2844469010556177,0.4476456858438928,0
MidValue,2284.4032546650824,7.7342977668233885,1,0,49,0,0,0,0.40199554707235524,0.4384140309655795,0
MidValue,4054.1879824717535,8.307752323667794,4,0,13,0,0,0,0.23816784670662666,1.151456769486811,0
MidValue,2865.046827915883,7.960688947373924,4,1,9,0,0,0,0.2289581559075592,0.2968863449118063,0
MidValue,3469.9767414460302,8.152191315017102,1,1,106,0,0,0,0.46826946190578067,0.7281529803228147,0
MidValue,2756.665307666046,7.9221396977137974,4,1,84,0,0,0,0.0679580641248192,0.26050683313720124,0
MidValue,5826.192253937114,8.670290560238254,1,0,5,0,0,0,0.13147395298764558,0.4321450447860241,0
LowValue,6290.405727173055,8.746939810762253,1,1,113,0,0,0,0.3345311183551935,0.45153524565344283,0
HighValue,4819.155503730168,8.480561468708915,4,0,117,0,0,1,0.21052688465578012,0.4339942355996891,0
MidValue,3463.8205597386213,8.150416123771816,1,1,34,0,0,0,0.3180544519637782,0.40320838714482965,0
MidValue,5228.919781408316,8.562151218778492,2,0,49,1,0,0,0.13239528176017537,0.46557007708559084,0
LowValue,5074.224014922957,8.532125943807328,4,1,11,0,1,0,0.15138279370194446,0.7851348680376565,0
HighValue,3620.418271966149,8.194621015926955,1,1,116,1,0,0,0.22215918980636298,0.5154266383947389,0
LowValue,3784.010866931145,8.23880403691925,3,0,29,0,0,0,0.5682672412282678,0.18039462613200546,0
MidValue,4859.401419958907,8.488876310182983,4,1,6,0,0,0,0.3937013667910701,0.14570413937090765,0
MidValue,4633.425206158041,8.441267458693492,1,1,11,0,0,0,0.15932534209346974,0.19027871356464865,0
MidValue,4126.744990994988,8.325486529815958,2,0,28,0,0,0,0.07871923698883783,0.7892298315226098,0
HighValue,5023.354024912532,8.522052172407514,4,1,29,0,0,0,0.42449418749218804,0.689705729717783,0
HighValue,5159.951814866639,8.548876301710381,2,1,116,1,0,0,0.1743050893454809,0.12677596070937058,0
LowValue,5989.216107538079,8.6978827685118,3,1,2,1,1,0,0.0031902650745244906,0.4711015234197897,0
MidValue,6759.855369361783,8.818904694961525,4,0,29,0,0,0,0.6921452182875762,0.34555643402858904,0
MidValue,4499.006137905303,8.411834039736437,1,0,79,0,0,0,0.07873317634671845,0.20694967269540876,1
MidValue,5665.46316411195,8.642320421509845,1,1,72,0,0,0,0.47962183481517606,0.547880791497453,1
LowValue,6087.7044270295055,8.714190600310069,1,1,79,1,2,0,0.06770221083425895,0.5561145821133302,1
HighValue,2454.893492951526,7.806245922264616,4,1,4,1,0,0,0.19286648280147048,0.3359072523760843,1
MidValue,5036.685383063962,8.524702006186043,1,1,24,0,0,0,0.4431425229065729,0.3365402346960791,0
HighValue,4548.878065492546,8.422855712793055,3,1,83,1,0,1,0.26475680540446295,0.28035427950633895,0
LowValue,5426.616344702141,8.59925533767233,1,0,22,0,0,0,0.2911657356115643,0.0,0
MidValue,8033.775870257616,8.991534383601806,2,1,69,1,0,0,0.0758497763805374,0.07511962033241609,0
HighValue,4631.375738712114,8.440825133992327,3,1,65,0,1,0,0.25731506066078497,0.6359834929837067,1
HighValue,6187.638726543583,8.73047042655739,3,0,95,0,0,0,0.3223590791794701,0.08636266727210912,0
MidValue,6514.562716300108,8.781948858246578,4,1,8,0,2,0,0.08067447854666174,0.6960835983094696,0
MidValue,5870.193541091437,8.677813221130002,3,0,101,0,2,1,0.24276897885042142,0.35617906896080775,1
MidValue,5884.937018288199,8.680321228479324,2,0,42,0,0,0,0.08534650689919925,0.5553640969147066,0
MidValue,3332.1563259621776,8.111674979686754,1,0,51,0,0,0,0.06670677641063409,1.0097187890628894,0
MidValue,4847.087618618459,8.486339600733205,2,1,44,0,1,0,0.03131555454175019,0.5625078714559627,0
MidValue,5082.616242257349,8.53377814603337,3,1,63,0,0,0,0.28556990470979515,0.5256738918564047,1
HighValue,4789.299528147042,8.474348220422161,4,1,22,0,0,0,0.3744774545349154,0.2706106466566213,0
HighValue,3974.992726674265,8.288029738467515,3,0,76,0,0,0,0.2087522038507383,0.0,0
LowValue,6010.089785741691,8.701361339833563,1,1,4,0,0,0,0.36697995884966017,0.17809055096758086,1
LowValue,4981.436495953086,8.51367430658738,1,1,73,0,0,0,0.06771507841133624,0.3822734179383542,0
LowValue,2997.449198812131,8.005850500264653,2,0,19,0,0,0,0.3260055610762857,0.8622232703257522,0
LowValue,4111.018461685841,8.321669296834514,2,1,74,0,0,0,0.3737836321072888,0.6013741951592355,0
MidValue,2859.9522455007454,7.958909801369646,4,0,72,0,1,1,0.6258508218856654,0.36722168707746417,1
MidValue,2826.960224068095,7.94731096187798,4,1,11,0,0,0,0.311394403814407,0.07977048258273783,0
LowValue,6059.211235568703,8.709499935810427,2,1,33,0,0,0,0.5335139775657349,0.40093074586215116,0
MidValue,5711.448488524003,8.65040301783559,2,1,37,0,1,0,0.19076425324864874,0.4884846524715355,0
MidValue,7457.831371799498,8.917154028352718,3,0,6,0,0,0,0.6089751572196005,0.4820718443412868,0
MidValue,3157.5077377624966,8.057854960157663,3,1,74,0,0,0,0.1969198383072129,0.18881305277689026,0
MidValue,5806.768954337583,8.666951775124105,4,1,84,0,1,0,0.42729192046190817,0.985407245814971,0
MidValue,5772.690999041546,8.661066842864553,4,0,75,1,0,0,0.245205067213819,0.0,0
HighValue,5867.22204162079,8.677306977950659,2,0,95,0,1,0,0.1446210428638557,0.5004120578203972,0
MidValue,6053.299707107487,8.708523993990177,2,1,48,0,0,0,0.18890403507095682,0.2857857431915807,0
MidValue,5860.852514491555,8.676220961365718,4,0,89,0,0,0,0.4446715717496403,0.21266477778454246,0
LowValue,5099.434071001737,8.537080927051724,4,1,38,0,0,0,0.4754400092690269,0.11492495247521706,0
HighValue,3884.842746674091,8.265095162488144,4,0,72,0,1,0,0.17685290309255491,0.7633728162411796,0
HighValue,6534.909496542492,8.785066789525747,4,1,94,0,1,0,0.4011279094870862,0.38072382266464455,0
HighValue,1260.2493081923926,7.139858023158168,1,0,65,0,1,0,0.34906382069444725,0.7569640824511026,0
LowValue,3519.9006775470307,8.16647211016503,2,0,86,0,0,0,0.065714240016206,0.0,0
HighValue,5158.456519090535,8.548586527170814,1,0,44,0,0,0,0.3904080025463951,0.6194943060918716,1
HighValue,3459.5588999511706,8.149185386784712,1,1,12,0,0,0,0.38194055812477096,0.5806934958421455,0
MidValue,5399.496384017762,8.59424615129396,1,1,75,0,0,0,0.3198100314823763,0.8538090642365297,0
HighValue,3595.3975505222725,8.187687943018814,4,0,29,0,1,1,0.22327291795908583,0.24145187223378572,1
MidValue,7105.60479657434,8.86877988365084,3,0,46,0,0,1,0.23202786787859286,0.41785410918371285,0
MidValue,4177.898896253946,8.337803068868329,3,0,102,0,1,0,0.22881505539729435,0.6741742003038657,0
HighValue,3792.402656152684,8.241018693753668,2,1,11,0,1,0,0.4610258658806005,0.24360097647005097,0
MidValue,4421.284894542173,8.394411785968538,4,1,14,0,1,0,0.06273067204761931,0.2750595261745914,0
MidValue,5577.559046567214,8.62668578664464,3,1,69,0,0,0,0.33219836706726835,0.6381500060256378,1
MidValue,4011.1202982066525,8.297075133230166,4,0,77,0,0,0,0.17645430471577908,0.386341994876933,0
LowValue,3164.1064413718977,8.059941964777988,3,1,89,1,0,0,0.28627558495602956,0.29742499452504834,0
MidValue,4396.555427813595,8.388804080924228,1,1,70,0,1,1,0.4414653476639843,0.4218229493861174,0
HighValue,3255.441859836657,8.088390424253198,3,0,13,1,0,0,0.1473031003928852,0.6330239756841579,1
MidValue,4589.36850472505,8.431715584085806,4,1,14,1,0,0,0.36633465181426517,0.3204851778331945,0
LowValue,4632.521613165635,8.441072465560085,1,0,36,0,0,1,0.37800563000417065,0.9358042349670451,0
HighValue,3913.832703347098,8.272527875288892,2,0,67,0,0,0,0.12041904442741412,0.33851131321647276,0
MidValue,5915.590997331138,8.685515716970201,2,0,57,1,0,0,0.20651214780343125,0.32424767497178475,0
MidValue,6502.047491394149,8.780026190840202,2,1,14,0,1,0,0.2256229239487899,0.3922151872735793,0
HighValue,2215.6801427342707,7.703765924392305,2,0,28,0,0,1,0.23048491499368814,0.47303706992567796,1
HighValue,7718.640015664194,8.951523011836294,1,1,36,0,0,0,0.2851707843569257,0.5825608357861267,0
MidValue,5098.521676827523,8.53690202545662,2,1,1,0,0,0,0.056146897943001935,0.5269471745376079,0
HighValue,5391.155873163064,8.59270056040188,1,0,11,0,0,0,0.4670808627428212,0.24426972498977467,0
HighValue,2920.73368396894,7.9799324464625805,1,1,110,0,0,0,0.6138085027139732,0.8624104687086,0
MidValue,1861.6368678203507,7.529748433631785,2,1,24,0,0,1,0.09239032122339616,0.5321452593305919,0
LowValue,7725.286387212156,8.952383610519055,2,1,14,0,1,0,0.19952050645931776,0.6650006790835994,0
LowValue,5352.5613907702,8.58551729894085,4,0,88,1,0,1,0.6120074107337597,0.1750925800438337,1
HighValue,6810.567901335673,8.826377607788254,3,1,112,0,0,0,0.25688559637517366,0.26594434702642167,0
HighValue,5965.412316151302,8.69390107367412,4,1,48,0,0,0,0.45108149445793694,0.7803939972784503,0
MidValue,3274.997189581326,8.094377587091435,4,1,27,0,0,0,0.44600103177020567,0.34755438775880787,0
MidValue,4817.7375084105,8.480267245019927,3,0,90,0,0,0,0.6977965571854504,0.3690775094024228,0
HighValue,5093.557935762871,8.535928177567337,3,0,33,1,0,0,0.07802996145443189,1.2823388123948178,1
MidValue,4998.965937813047,8.517186378955643,1,0,54,0,0,0,0.3292766732601047,0.4254698234020753,0
HighValue,4813.549582543171,8.47939777521349,2,1,22,0,0,1,0.191667011319587,0.4747555888896479,1
MidValue,6085.20837573475,8.713780568407556,1,0,89,0,0,0,0.16936514934489338,0.44694852252515443,0
HighValue,3676.1867910493183,8.209903279861239,2,1,22,0,1,1,0.2247580178502295,0.5258832616275093,0
HighValue,3468.5512330236656,8.151780536918476,3,1,85,0,0,0,0.23531232470578375,0.5042465551420651,0
LowValue,4266.587188004267,8.358803885158022,3,0,2,1,1,0,0.465481138472399,0.0,0
HighValue,5407.8580899091585,8.59579327560734,4,1,39,0,0,1,0.266579644019282,0.27755401731025464,0
LowValue,4021.9771478015655,8.299777491546273,3,0,86,0,1,0,0.18446275173806947,0.6498338833359444,0
MidValue,4626.913221907646,8.439861337469587,1,0,106,0,1,0,0.03685647361823931,0.16943984327716016,0
HighValue,6305.760472738364,8.74937742793999,1,1,56,0,0,0,0.5181056833478324,0.5831437802595294,0
LowValue,5927.926933897641,8.687598520119481,3,0,99,0,1,0,0.07197884200041967,0.724416354821536,0
HighValue,4226.877850503725,8.34945545596345,4,1,69,0,0,0,0.2559542630544564,0.6489243235070848,0
HighValue,839.7775274621872,6.734327091639173,1,0,61,1,1,0,0.6766547084728963,0.5223331322841096,1
HighValue,3126.4378377288494,8.047969366117588,2,1,30,0,0,0,0.05012836097886415,0.771996691669537,0
LowValue,4853.726295341797,8.487708003305517,3,1,39,0,0,0,0.1280740953072324,0.15611856097011084,0
MidValue,5748.695266624931,8.656902135278292,3,1,108,0,1,0,0.18872258646840465,0.8612469664666769,0
MidValue,3565.1289336248847,8.179235954142113,4,1,32,0,0,0,0.06255271623368282,0.5496694940151545,0
HighValue,5684.539762968865,8.64568134679089,4,1,34,0,1,1,0.11091410212807087,0.10972250066901568,0
MidValue,4318.3213811621545,8.370853581204646,4,0,53,0,0,0,0.34055916748723974,0.33815551383378284,0
MidValue,5633.294395143322,8.636627200380236,3,1,69,0,0,0,0.22471907782885986,0.7280952184996584,0
MidValue,3050.6747975369767,8.023445832840112,3,1,60,0,0,1,0.13668766224625847,0.5560227055899732,0
MidValue,4626.875874652573,8.439853267438025,3,0,29,0,0,0,0.42692484584911916,0.996168077897013,0
MidValue,4661.644141332906,8.447337978505397,1,1,59,0,0,0,0.4476174809337301,0.4591375027182197,0
HighValue,5623.969762183243,8.634970851446305,1,0,15,0,1,0,0.10094617450460651,0.5359077682595308,0
MidValue,3894.37655293029,8.267545629608996,2,1,53,0,0,1,0.4928586169347083,0.8408909535766521,0
HighValue,5259.314400842483,8.567946075968765,4,1,16,0,0,0,0.5379914806249565,1.0120843351532527,0
LowValue,3190.8368748237162,8.068351852885291,4,1,86,1,0,0,0.4036463180238371,0.41241888662706316,0
HighValue,4334.935180113909,8.37469259377202,3,1,94,0,0,0,0.13253871300769693,0.5969993101545767,0
HighValue,1371.221131841121,7.224185970109879,3,1,117,0,0,0,0.020719896272078982,0.6508972594524742,0
LowValue,3953.4979081785505,8.282608920986908,4,0,7,0,0,0,0.5912700545928975,0.4655934048642981,0
MidValue,3323.8717332672463,8.109186375884885,2,0,92,0,0,1,0.6848657970127213,0.5543050104915223,0
HighValue,5675.689724496364,8.644123546841156,3,1,26,0,0,0,0.4750072526494903,0.9010944283157751,0
HighValue,3883.404642645961,8.264725005922337,2,1,56,0,1,0,0.48366269566488423,0.3125536189855515,1
MidValue,5491.685086560304,8.611172501744763,4,1,6,0,0,0,0.5253705816557741,0.38065222550061695,0
HighValue,5420.486366493785,8.598125294197978,2,1,38,0,1,0,0.3291059464882329,0.6484914915952771,0
HighValue,4442.8732605032355,8.399281631114144,3,1,55,0,0,0,0.20152709820992973,0.498269609914323,0
HighValue,5304.980285485553,8.576589819177316,4,1,56,0,1,0,0.3405364235537703,0.9898169560410035,0
MidValue,8211.65668225249,9.013431741119549,2,1,67,1,0,0,0.35520552936090494,0.4813189817698741,0
MidValue,4364.017525566612,8.38137748328663,1,1,73,0,1,0,0.04922075487183511,1.1388408459828976,0
MidValue,3166.745465677504,8.060775404276368,3,1,16,0,1,0,0.13986899548398207,0.7983603288625356,0
MidValue,4081.1398687141527,8.314376607533907,1,1,18,0,0,0,0.2052207419306597,0.14514729602525905,0
LowValue,5401.030674480308,8.59453021269266,1,1,114,0,2,0,0.4662798103504114,0.2524834529489423,0
MidValue,5719.903614571656,8.65188204647264,3,1,64,0,1,1,0.3082980891793,0.4154882250595602,0
MidValue,4772.434731213293,8.470821394193523,1,1,98,0,0,0,0.4793894032153387,0.890313468289474,0
MidValue,4866.335363908756,8.49030191313221,2,1,103,0,1,0,0.12086872649094867,0.3528878589661876,0
MidValue,4782.801510886841,8.472990804570486,2,1,103,0,0,0,0.015037498723377491,0.6822736134025901,0
MidValue,1280.3583820161257,7.155676030150969,4,1,74,0,0,0,0.14371125978688937,0.3895999088427566,0
MidValue,5779.1701580159715,8.66218840033621,3,1,76,1,0,0,0.12144657926053243,0.3562871882973811,0
HighValue,5208.354005487833,8.55821113579073,4,0,83,1,0,1,0.3926380029420835,0.2983471989685287,1
HighValue,5646.723920449589,8.639007897038137,2,0,2,1,0,0,0.08995189634385033,0.5476214117627323,0
MidValue,6444.7791532692445,8.77118080073808,1,0,44,0,1,0,0.103050771734287,0.47234203483248605,0
MidValue,6024.74090822403,8.703795723117722,3,1,108,0,0,0,0.20315863356312183,0.37586207540842254,0
MidValue,6618.408762074548,8.797761334077729,2,1,93,0,0,0,0.08639173205641144,0.0,0
MidValue,5023.810567664077,8.522143034239392,2,1,29,0,0,0,0.1326922707327785,0.0,0
HighValue,4210.330834854979,8.345533989515461,2,1,33,0,1,0,0.04853073113435442,0.32076123395021094,0
MidValue,5870.156835016542,8.677806969217272,3,0,94,0,0,0,0.3794859019650777,0.8501092719641572,0
LowValue,2692.7290748779146,7.898681785795127,1,1,111,0,0,0,0.30012814215622863,0.3923250585636858,0
MidValue,6806.289880476903,8.825749358184943,4,1,52,0,0,0,0.15992251425561277,0.6985971730321048,0
HighValue,4499.806523082493,8.412011887050774,1,0,9,0,0,0,0.11671470288155843,0.9956583332818891,1
MidValue,5581.604385717588,8.62741068227977,4,1,93,1,0,0,0.23452769807242901,0.6563439954309004,0
HighValue,3978.3733662700774,8.288879640221829,4,1,76,0,0,0,0.13608617405809018,0.401708547933717,0
MidValue,5035.45022593887,8.524456792665157,4,1,4,0,0,0,0.46087693016024495,0.31137522396868544,0
HighValue,6230.725914972523,8.737408606315856,4,0,47,0,0,0,0.34208351073459203,0.36415415117551425,0
LowValue,3501.8764715758207,8.161339758966182,4,0,72,0,0,0,0.23317438448347413,0.0560692561767856,0
MidValue,3013.825606209016,8.011297265434976,3,0,85,0,0,0,0.6092404328878381,0.18468140864958177,0
MidValue,4729.5792628177005,8.461802939699654,3,1,21,0,0,0,0.0888530715759892,0.38973845284486575,0
MidValue,3529.3254848337297,8.169145351012025,3,0,24,0,0,0,0.35308862933553026,0.32757424846854455,0
MidValue,7101.412524959189,8.868189797560868,1,0,103,0,0,0,0.19959843131775254,0.6147488422062712,0
LowValue,4624.22191601605,8.439279630636742,2,1,115,0,0,0,0.20511592258691583,0.2869088514968927,0
HighValue,4832.351800069751,8.483295460437343,3,1,118,0,0,0,0.2676812990300376,0.08274246672649654,0
LowValue,4900.320114513676,8.497259858939298,3,1,102,0,1,0,0.12375836033394204,0.10377546641637625,0
HighValue,3617.549420809618,8.193828512029585,4,0,55,0,1,0,0.30405839344195706,0.3623278470369039,1
MidValue,3578.4746591238927,8.182971325365418,2,1,108,0,1,0,0.5668089465952523,0.33500032300044524,0
MidValue,8159.624887691112,9.007076024400012,3,0,102,0,0,0,0.12518774396285084,0.029113316374737574,0
MidValue,7704.243043356598,8.949656290846162,1,1,65,0,1,0,0.3013308070563938,0.2948894617179744,0
HighValue,4320.209645563756,8.371290652589686,3,0,72,0,0,1,0.2566620246367226,0.44128410121401734,0
LowValue,4997.241952384178,8.51684152006395,3,0,56,0,1,0,0.19708850417517224,0.5382080754096678,1
LowValue,5903.935551656355,8.683543814373149,1,1,40,0,0,0,0.28073040620731393,0.7561266912522535,0
HighValue,4301.447439462816,8.366939311732821,4,0,100,0,2,0,0.06094752346219188,0.5330534510345956,0
LowValue,3435.2865188219084,8.14214666694482,3,0,42,0,0,1,0.44591412785297047,0.9827084323590233,0
MidValue,5038.054606351487,8.524973765365578,4,0,12,1,0,0,0.5242681315873747,0.2827416637681819,0
HighValue,5676.590592501894,8.644282230259615,2,0,31,1,1,0,0.3278089755712517,0.8690227614940206,1
MidValue,6880.460443007447,8.836586182093459,2,1,51,1,0,0,0.1642764998133694,0.8422194318424577,0
HighValue,7262.266076969321,8.890584879517174,4,1,14,0,2,0,0.02602366468607373,0.2634267866262475,0
MidValue,5413.16565413055,8.596774067070498,2,1,87,1,0,1,0.11265921329409069,0.3547146450459292,0
MidValue,5983.356928541666,8.696904165024835,3,1,24,1,0,0,0.5038609539194419,0.21811086198241175,0
MidValue,5140.460398520744,8.545092442319392,1,0,63,1,0,0,0.03765945133400548,0.8521362928324889,0
MidValue,7257.153411663803,8.889880724455642,2,0,35,0,0,0,0.2896572075242713,0.2470878681995468,0
LowValue,3493.4563307522367,8.15893308627371,1,0,56,0,0,1,0.315426301369979,1.05045306451042,0
HighValue,6795.501877177045,8.824163328972872,4,0,66,1,0,0,0.5866311664293394,0.09549332481507128,0
MidValue,3170.7253183668345,8.062030983282172,1,1,104,0,0,1,0.17982739294643113,0.0,0
MidValue,5553.115551147281,8.622294472682242,3,1,71,0,0,0,0.35048551962687147,0.20140803206368463,0
MidValue,6435.221512622492,8.769696925267432,4,1,5,0,0,0,0.3025558915931236,1.1985810070625873,0
HighValue,4990.673336764067,8.515526470561205,1,1,22,1,0,0,0.3059997230172742,0.3678410769540161,1
MidValue,4579.398924863444,8.429541374813684,4,1,91,1,0,0,0.4810754550400281,1.2507045127494885,0
HighValue,6216.580335293002,8.73513609642931,1,1,50,0,1,0,0.1547187263755238,0.277845852488964,0
LowValue,4986.765975622195,8.514743388221762,3,0,82,0,0,0,0.11861786615043968,0.3632911078724394,0
MidValue,3702.860994164097,8.217131066488447,1,1,84,0,1,1,0.2107999058253927,0.44974464999787334,0
HighValue,3596.200495044623,8.187911181659784,2,1,19,1,0,1,0.5215918007093137,0.38294367522957584,0
LowValue,3912.5877938628782,8.272209826585414,1,1,114,0,1,1,0.22458500704084963,0.19449961675076316,0
HighValue,5673.699869618626,8.643772954540253,3,1,34,0,1,1,0.3491956822484503,0.8879148015434256,0
MidValue,3329.1622208800395,8.110776296766945,4,1,41,0,0,0,0.05536922148162423,0.0,0
MidValue,5878.021831883696,8.679145671932304,1,1,46,1,0,0,0.11118238502223654,0.15814921311028335,0
MidValue,3681.9434491781194,8.211467561773318,3,0,63,0,1,1,0.28613120572881845,1.02863788647947,0
HighValue,5401.311876043701,8.594582266126203,1,0,14,0,0,0,0.18215197018594081,0.39742610393431593,0
LowValue,4061.4697955469637,8.309546391668068,4,0,97,0,1,0,0.323865254749749,0.16476160401045176,0
HighValue,3953.351144216437,8.282571807125926,2,1,42,1,1,0,0.3278801573450587,0.09409961211381812,0
LowValue,5059.395882800272,8.529199996928664,2,1,63,0,1,0,0.6495728780148966,1.2135479748672384,0
HighValue,4155.381032011896,8.332400030406317,1,0,97,0,0,1,0.1111661684510929,0.45131475458662906,0
MidValue,5653.455530062175,8.640199102758778,3,1,56,1,1,0,0.3862388066068472,0.7821899813983069,0
HighValue,4048.776319308373,8.306416928774961,2,1,41,1,1,0,0.16827094842100912,0.6758047322951721,0
LowValue,2146.074386499349,7.671861443994643,4,1,28,0,0,0,0.3949128990691171,0.3653079013622821,0
MidValue,2007.68637616264,7.605236243202328,1,1,38,1,0,0,0.5419791727710853,0.6551830674302065,0
LowValue,2806.086099514813,7.93990224903533,4,1,104,0,2,0,0.10003661427998253,0.49885689828354896,0
HighValue,6215.478389243293,8.734958850032617,1,0,93,0,1,0,0.1827161521655698,0.6720205263136075,0
MidValue,5130.315589988744,8.543117355577264,2,0,77,0,0,0,0.16895655358310332,0.2521545723245002,0
MidValue,3357.3360093071733,8.11920089496249,4,0,69,0,0,0,0.3494816775334619,0.3208347294593892,0
HighValue,4329.3156077397225,8.373395706963782,1,0,25,0,0,0,0.4403557733125728,0.68213198103942,0
HighValue,6453.105670533446,8.772471745352593,4,0,95,0,0,0,0.212896455479933,0.9950973401110952,0
LowValue,3052.5603176427153,8.024063506076315,4,0,70,0,0,0,0.4166989342784985,0.5754733883680077,0
HighValue,5704.594582879292,8.6492024782291,3,1,90,0,0,0,0.523108688160936,0.48359965584173004,0
HighValue,6107.5166729186485,8.717439252302393,3,1,21,0,0,1,0.11217791901155952,0.4775090832601411,0
MidValue,2791.2983930023097,7.934620332456109,3,1,77,0,0,0,0.1682711122146072,0.6556972337391688,0
MidValue,4585.365231798092,8.43084310084812,4,1,60,0,0,0,0.041997943837776976,0.4586950647840954,0
HighValue,2515.8733519643165,7.830772676811093,4,0,93,0,0,0,0.2140723935993258,0.0,0
MidValue,6203.812683998026,8.733080509269751,4,1,2,0,0,0,0.1071343593754615,0.5679455262670742,0
MidValue,4171.996357240957,8.336389607655862,1,0,11,0,1,0,0.272979841955381,0.6227353233598404,0
MidValue,2995.3362710149468,8.00514557833031,1,0,119,0,0,0,0.3706939456333522,0.5301248820941529,0
HighValue,5069.340138394002,8.531163182775531,3,1,98,1,0,0,0.29594379755067485,0.2561698452171888,0
HighValue,4770.793174015584,8.47047744070594,1,1,111,0,0,0,0.4498084729355674,0.9850641601853166,0
MidValue,5460.468819496331,8.605473047120789,3,1,66,0,1,0,0.16511274807205226,0.6863432304257869,0
MidValue,2841.690481693228,7.952506235408765,4,1,11,0,0,0,0.2817754191363909,0.5112220108718253,0
LowValue,7759.6536680112895,8.956821845198114,4,1,112,0,0,0,0.5681967397152979,1.1256592014827924,0
MidValue,5514.3681477737255,8.61529368336242,3,1,54,0,0,0,0.31072226180514323,0.45094707216216723,0
MidValue,3636.3465402642896,8.199009722346304,4,0,48,0,0,1,0.20694059875641593,1.3138415523795075,0
LowValue,7170.311087002814,8.877843774199873,4,1,59,0,0,0,0.4140095490685323,0.7730117321129581,0
HighValue,5121.332836369129,8.54136524636811,1,1,37,0,0,0,0.08620187084962366,0.43884393900976104,0
MidValue,3763.4978774757483,8.23336976546368,3,1,4,0,1,0,0.40858172199910636,0.7224923260328744,1
HighValue,4446.153569526777,8.40001952320132,1,0,95,0,0,0,0.5553044257221005,0.6082870441168498,0
MidValue,5651.351416935984,8.639826917550286,4,0,85,0,1,0,0.11438537527832132,0.5746108723285069,0
MidValue,5745.647163507732,8.656371861722656,3,1,65,0,1,0,0.07452511285771092,0.09921415728344812,0
LowValue,5797.137100142029,8.665291955311389,2,0,68,1,0,0,0.19951499029772202,0.40348592511490605,0
MidValue,5455.771921252004,8.604612670683672,2,1,78,1,0,1,0.3485369289095869,0.09989513230109848,0
MidValue,6190.118820990816,8.730871095871128,1,1,108,0,0,0,0.33945176529903437,0.7229390651314282,0
LowValue,4838.742978396533,8.48461689466355,3,1,43,0,0,0,0.10554656280685495,0.3591101603155034,0
MidValue,4558.326289334854,8.424930148026357,4,0,2,0,1,0,0.6240717681151451,0.3342602340224635,1
LowValue,4854.892060098091,8.48794810434115,1,1,88,0,2,0,0.31720919626931326,0.7086297400999596,0
MidValue,6658.063459697927,8.803734131979303,1,1,72,0,0,1,0.7123271911305523,0.29300154165741044,1
MidValue,5360.498229191788,8.58699873537791,2,0,103,0,0,0,0.031867131926804466,0.6124913356441296,0
LowValue,2472.7879763956425,7.813505848550588,1,1,22,0,0,0,0.32296374231578084,1.3544043143499398,1
MidValue,3306.624484671909,8.103985532369865,4,1,16,0,1,0,0.07425831446550575,0.6091473103348557,0
MidValue,3483.361528535879,8.156040100825317,3,1,77,0,0,0,0.21585125208798187,0.2281690270955472,0
MidValue,5106.615334505401,8.53848790783778,2,0,111,1,0,0,0.34300188583166336,0.04684085087384421,0
LowValue,7381.40503893713,8.90685475054004,1,1,67,1,0,0,0.34295125072536603,0.0,0
MidValue,2595.9090626932234,7.8620771947590296,4,0,83,0,3,0,0.08826106402499852,0.3572424035557895,0
MidValue,2478.885370980692,7.815967616712034,3,0,20,0,0,0,0.45696507525884744,0.6615114600288658,0
HighValue,2587.620024143896,7.858880203489465,2,1,19,0,0,0,0.0713368061885237,0.4064308461761291,0
MidValue,4806.801077401198,8.477995102106485,1,1,100,0,0,0,0.3625609982955107,0.05449062693561868,0
MidValue,4032.099418640266,8.30229044585648,4,1,107,1,0,0,0.45594259973570234,0.17187879069531825,0
MidValue,6140.478759129897,8.722820832393,3,0,38,0,0,0,0.18056629083619294,0.42044004362101706,1
HighValue,2206.904406232,7.699799112180776,2,1,103,0,0,0,0.2138460809314735,0.0,0
MidValue,5500.877400064223,8.612844658441675,4,1,105,0,1,0,0.39188420490458514,0.7713204044367579,0
HighValue,4028.999510200575,8.301521533402402,2,1,102,0,0,0,0.20378967372259135,0.0,0
MidValue,6573.4868995642355,8.790951815911745,1,0,102,0,0,0,0.1449178338402636,0.6904553056643072,0
LowValue,5036.077994007034,8.524581429843963,2,1,69,0,0,1,0.24002884445164813,1.5166147404316683,1
HighValue,3890.0354596768293,8.266430586198446,3,0,66,0,0,0,0.5843637711064303,0.7821988414191408,1
MidValue,2966.8654762250544,7.995598278538058,1,1,11,0,0,0,0.2625668718943029,0.6457169157734289,0
HighValue,6704.939478117343,8.810748901950754,4,0,47,1,0,0,0.46239996063217437,0.7125379824993343,1
HighValue,4220.841113241684,8.3480265946451,4,1,13,0,0,1,0.07001516567826718,0.0,0
MidValue,3067.041446586868,8.02879467171365,1,1,114,0,0,0,0.5280968529640323,0.35739902118545036,0
HighValue,3611.269606166553,8.19209155354715,2,1,35,0,0,0,0.4480288100653,0.8890962503750932,0
HighValue,5103.791943720495,8.537934974375586,4,1,83,0,0,1,0.08411853502108746,0.4791438562720781,0
HighValue,5265.437607509097,8.569109437156024,4,1,31,0,0,0,0.23251551409811824,0.5815623241392845,0
MidValue,4016.8383830622506,8.298499321336001,2,1,100,0,0,0,0.36159546733089787,0.49065425511345195,0
HighValue,4626.357943451218,8.439741345640677,4,1,57,0,0,0,0.4919264016631448,1.2552597863835109,0
LowValue,4311.63016932194,8.369303245074677,3,1,80,0,2,0,0.07599145898051717,0.327797316499124,0
MidValue,6656.482487012266,8.80349668711944,1,1,41,0,1,0,0.26395542563535934,0.4396187826118684,0
MidValue,3904.0961297828817,8.270037679072681,4,1,116,0,1,0,0.387461926513441,0.1975635913530207,0
HighValue,3634.515727899862,8.198506258280688,4,0,105,0,0,0,0.38059069333882856,0.36419674926725,0
LowValue,3290.212281994652,8.099011250659672,4,0,104,0,0,0,0.7074100953964708,0.901844041325546,0
LowValue,4515.17261819606,8.415420148231707,4,1,60,1,0,0,0.45514145087980085,0.7464982161843204,0
MidValue,6143.343508112527,8.723287182788152,2,0,6,0,1,0,0.6515948943776414,1.0198343770423515,0
MidValue,4941.598942735298,8.505646573607232,3,1,77,0,0,0,0.6497776650630542,0.6487983207307848,0
HighValue,4859.561147990961,8.488909172778833,3,1,72,0,1,0,0.28136611462539346,0.8491342421283771,0
MidValue,6516.3566477273125,8.782224150587215,1,1,1,0,0,0,0.1898870657019841,0.6061178491420972,0
MidValue,6104.314159508543,8.716914844599776,4,1,37,0,0,1,0.050422737237635414,0.3195073213074458,0
LowValue,5254.806098800847,8.567088668083798,1,0,7,0,0,0,0.535528593527554,0.670930291049846,0
HighValue,7867.069032536381,8.97056795330579,2,1,65,0,0,1,0.7662090852268513,0.6499249949549951,1
MidValue,2676.0243011903963,7.892461121249189,2,0,23,0,0,0,0.4721762356994494,0.3321080692925159,1
LowValue,6829.677239936314,8.829179104301602,1,1,93,0,0,0,0.4622541686857848,0.8298770245609643,0
HighValue,6021.0046761065,8.70317548554528,3,1,57,0,0,0,0.44982930481387684,0.5476929658241461,0
HighValue,3060.7149143840734,8.026730467501721,4,1,75,0,0,0,0.17396470226299177,0.39238757761470394,0
MidValue,6751.99653130176,8.81774161592178,2,0,55,0,1,0,0.28546667870424514,0.45563518293661964,0
HighValue,6745.307382296192,8.816750579703044,1,1,118,0,0,0,0.27490180891270943,0.6425482620279356,0
MidValue,4726.112561692498,8.461069843010781,4,1,100,0,0,0,0.0693811407922841,0.08420303365079024,0
LowValue,3762.950810858497,8.233224432303858,4,0,66,0,0,0,0.09430019123540129,0.8844539594645058,0
MidValue,4129.643875540045,8.326188575871422,1,1,105,1,0,0,0.29380620155350085,0.1269612698635733,0
LowValue,6979.6491656616545,8.850897195108299,4,0,7,0,1,0,0.4534914975678634,0.6487350815273865,0
MidValue,5703.922182489145,8.649084621973374,4,0,98,0,0,0,0.48048342490466983,0.5852498411704657,0
HighValue,3394.551106568898,8.130221355705162,1,1,116,0,1,0,0.17008995755035394,0.7903567902723263,0
MidValue,7164.450716301837,8.87702624355972,4,0,42,0,0,0,0.375188123473487,0.30591443645367655,0
LowValue,6404.6247209284675,8.76493174601919,3,0,107,0,0,0,0.3624099236517713,0.8800935088985002,0
LowValue,3202.097674935838,8.071873643972747,2,0,17,0,0,0,0.2262712675300278,0.7633307876451023,0
HighValue,5409.320401832007,8.596063594085377,4,1,115,0,0,0,0.07721812481813647,0.24505599687912155,0
MidValue,5004.409486303267,8.518274503847827,4,1,105,0,0,0,0.2845390588921321,0.48080492030891364,0
HighValue,5148.475792474092,8.546650200607937,2,1,19,0,0,0,0.6366918872586778,0.23526495998824049,0
MidValue,6019.750872899933,8.702967260242358,2,1,63,1,0,0,0.3424207016543866,0.6133553342008206,0
MidValue,5660.126032854205,8.64137809714411,3,1,9,0,1,0,0.25687800555917545,0.24927180141138444,0
MidValue,6366.026509112311,8.75888784352529,4,1,33,0,1,0,0.20046937142078672,0.28334728547334076,0
MidValue,4759.882490196848,8.468188327141725,2,1,71,1,3,0,0.11347586965340295,0.5673992234373317,0
MidValue,4513.6889730250405,8.415091575997623,2,0,46,1,1,0,0.31459233453529134,0.9580094067345473,0
MidValue,4814.433815600509,8.479581416871687,1,1,91,0,2,1,0.2760723070260212,0.5115713028564995,0
MidValue,730.4772235564478,6.5950660833471915,2,0,65,0,0,0,0.4847764818040146,0.13034597518249003,1
HighValue,4627.808536401892,8.440054778413458,1,0,105,1,0,0,0.4283472765333633,0.5480704113207528,0
MidValue,6891.622225152061,8.838206875805948,2,1,36,0,1,1,0.054859624814240525,0.36768096418563834,0
LowValue,3982.4997826996523,8.289916054270313,3,1,37,0,0,0,0.21584429440800948,0.49664710452801736,0
MidValue,2996.0348488103277,8.005378695147067,2,0,104,0,1,0,0.264406908459516,1.0277503463928719,0
MidValue,5703.321756083098,8.648979369353686,1,1,110,1,0,1,0.21659214635289736,0.7146946702304622,0
MidValue,8641.464104521669,9.064443018419688,4,1,116,0,0,0,0.47947336019779424,0.0,0
LowValue,4303.124486000035,8.367329024750495,4,0,104,0,0,0,0.4112898570367865,0.34202575963886894,0
LowValue,5670.485787681314,8.64320640607712,1,1,54,0,1,0,0.237962479517597,0.6305781998300503,1
HighValue,4287.31155399924,8.363648357293892,3,0,118,0,0,0,0.03585014093031338,0.18355409759115554,0
HighValue,3112.598513554572,8.043534414587464,4,0,66,1,0,0,0.08231540215427091,0.7954029650012442,0
LowValue,4321.961679755005,8.371696020357005,4,0,101,0,0,0,0.15867385372071727,0.525402718015309,0
MidValue,4350.805372356675,8.37834606611035,3,1,105,0,0,0,0.40435058872636004,0.0,0
MidValue,4473.329326204705,8.406111748237967,1,0,94,0,0,0,0.5282500088413828,0.7580096457995744,0
MidValue,3268.0937956757107,8.092268098779922,4,1,45,0,0,0,0.3721890932724719,0.5346789254543877,0
LowValue,3009.6341865180348,8.009906028745588,1,1,106,0,0,0,0.09510156698744221,1.2628647685959717,0
LowValue,2804.2718402833048,7.93925572601803,4,0,95,0,0,0,0.36760745437194753,0.6333772913685642,0
HighValue,4869.526329466095,8.490957286102589,3,0,88,0,0,0,0.05032482369464667,0.4508809160057055,0
MidValue,4984.9258254835695,8.514374387415199,4,1,12,0,0,0,0.12896688075602583,0.6137057375483661,0
HighValue,6427.808569596266,8.76854450762064,4,1,83,0,0,0,0.37983278979614243,0.3934002715477525,0
HighValue,6295.094453352751,8.74768479210554,4,0,28,0,2,0,0.7964529335358083,0.5712766452618995,0
MidValue,3689.0869144977332,8.213405290821607,2,1,33,0,1,0,0.4736344019188922,0.21094256841738068,0
MidValue,4050.0343901773203,8.306727532472339,1,1,31,0,0,0,0.6724130376925359,0.5302571890243449,0
MidValue,3887.7051219506748,8.265831507663268,3,0,97,0,0,0,0.2450334448083379,0.2646363923653161,0
MidValue,2937.117617954441,7.985524389273028,3,1,65,0,0,0,0.47891895908982535,0.3962886354463032,0
MidValue,4139.888731249452,8.32866571316511,3,0,71,1,0,0,0.14776338776340908,0.09563207024293235,0
MidValue,2704.2233735241452,7.902939765883828,4,0,17,0,0,0,0.20654825663860116,0.23222973929099355,1
LowValue,2299.120579565933,7.740716826441283,3,1,20,0,0,0,0.11798654021136036,0.01953079608417385,0
MidValue,6062.693614763575,8.710074400775904,1,0,111,0,0,0,0.4351192293704671,0.0,0
HighValue,4875.3898949692175,8.492160449457119,4,0,46,0,1,0,0.2981205071541464,0.7744854196993447,0
HighValue,3738.7969654988615,8.2267866016352,1,1,93,0,0,0,0.5470678364036898,0.8311227456518688,0
MidValue,5702.010206301365,8.64874942079221,1,1,105,1,0,0,0.19992605657072168,0.6801367311947903,0
HighValue,5809.649596986781,8.667447650306341,4,1,45,0,1,0,0.5278882550416365,0.9479190563660214,0
MidValue,6974.510205855573,8.85016075180731,3,1,51,0,0,0,0.21285285867011394,0.5905914538739516,0
MidValue,4302.94643812183,8.36728765708989,3,1,23,0,1,0,0.30718552487036904,0.16609001124704464,0
MidValue,5154.081269917357,8.547738161587189,4,1,25,0,0,0,0.2731707851865168,0.23629584997069147,0
MidValue,4348.811045105529,8.377887685232501,4,1,106,0,0,0,0.20747035331258326,0.1465224940162636,0
LowValue,4055.703322082465,8.30812593311877,4,1,116,1,0,0,0.15470642881949026,0.856835913539108,0
LowValue,6377.754564867559,8.76072814801462,2,1,111,0,0,0,0.057461021474813884,0.5732592619857562,0
HighValue,5574.170272002515,8.626078137925152,4,1,4,0,1,0,0.13303046047053807,0.47011246369281184,0
MidValue,3404.232736031675,8.133068567505239,4,1,69,0,0,0,0.24360218640279935,0.42635207537915965,0
MidValue,4983.447170654351,8.514077777681415,2,1,74,0,1,1,0.14677802579909938,0.04836097589887939,0
MidValue,5840.886585342945,8.672809069089766,2,1,83,0,0,0,0.29193819877930677,0.8933613833913319,0
MidValue,4671.635919721883,8.449478628199705,2,1,34,0,1,0,0.3995914919978079,0.5969845874991163,0
MidValue,4828.799911372605,8.482560319571677,4,1,45,0,0,0,0.22343156620514468,0.7585945060598633,0
MidValue,8354.233882880397,9.030643433801115,3,0,99,0,0,0,0.13080796781549203,0.7575269103526284,0
MidValue,3691.0882569687633,8.213947500258142,2,1,103,0,1,0,0.22136108289706563,0.7323616429538156,0
HighValue,4023.3195945231823,8.300111130724014,1,1,119,1,0,0,0.0885978652857422,0.05119823306309834,1
MidValue,7122.240959150902,8.871118091730056,4,1,84,0,0,0,0.3142224746414714,0.8986024999529947,0
MidValue,5136.74915808276,8.544370355552156,1,1,25,0,0,0,0.13922203074499145,0.7042474572371372,0
MidValue,4745.614004706743,8.465186801722284,2,1,41,0,1,0,0.3637609226895084,0.7705986850119229,0
MidValue,3113.9350863534555,8.043963591952558,2,0,5,0,0,0,0.19076394043736147,0.5645015638986858,0
HighValue,5438.421976876662,8.601428079953992,2,1,43,1,1,0,0.41834387582952914,0.5380083830121423,0
LowValue,5765.190866956442,8.659766979793467,3,1,112,1,0,0,0.4652089822961093,0.6242953430565249,0
MidValue,6643.919423820564,8.801607845237944,4,0,101,0,1,0,0.6462530742746416,0.8519232906292128,0
MidValue,6903.915232820378,8.839988789565343,3,1,38,0,0,0,0.17664075164487056,0.7820128319017605,0
HighValue,5489.524273836303,8.610779026089157,4,0,25,0,0,0,0.06527364080174952,0.9214984572665204,0
MidValue,4017.9058599794353,8.298764970432496,2,1,81,0,1,0,0.14147651186625793,0.508686656640405,0
LowValue,3207.2320882653676,8.073475313085645,2,1,82,1,0,0,0.4655988708224169,0.954767779478541,0
MidValue,7212.394921309999,8.883694982330258,2,1,106,0,0,0,0.5529102578839906,0.21039524304676116,0
LowValue,4138.836721570944,8.328411626807542,1,1,64,0,1,0,0.6652616428696548,1.1055734552416228,0
LowValue,6739.177144605557,8.815841486143398,2,0,97,1,0,0,0.18396032283817781,0.7126336888512546,0
LowValue,6086.721532712265,8.714029158139333,4,0,54,0,0,0,0.14094517170425747,0.4147004201004474,0
HighValue,4631.459495817477,8.440843214638825,2,1,5,0,2,0,0.5440047860845675,0.8115811118491305,0
LowValue,7091.360791243411,8.866773538889877,4,0,119,0,0,0,0.2507781598256842,0.4538335949806331,0
HighValue,4931.766117190278,8.503655188228608,1,1,8,0,0,0,0.2369745415975486,0.0,1
HighValue,6907.654724522035,8.840530212500116,4,0,1,0,0,0,0.08298123499342254,0.19895767522857416,0
MidValue,4665.580549116997,8.44818186599837,4,0,63,0,0,0,0.5315384393911723,0.540800872401892,0
LowValue,4559.833144747064,8.425260593000882,2,0,3,0,1,0,0.20972241734231592,0.5992861986562638,0
MidValue,4869.794044691289,8.491012250976954,3,0,25,0,1,0,0.2876796216972553,0.8700208306041498,1
MidValue,8113.825030263058,9.001447918442437,2,0,102,0,0,0,0.07517328908659542,0.6337364254380404,0
MidValue,5627.871920411918,8.635664331680898,3,1,5,1,0,0,0.2783743305531386,0.39826988038228345,0
MidValue,4987.363006404295,8.51486308009501,2,0,108,1,0,0,0.2023058184154016,0.1458519302745967,0
HighValue,2646.310010536317,7.881299313063472,2,0,17,1,0,0,0.09494810265194804,0.37651301577763646,0
MidValue,3968.0390024137914,8.286279279495627,2,1,45,0,1,0,0.39992066770336193,0.5596087439419546,0
LowValue,3119.3327487939723,8.045694925371272,3,1,115,0,0,1,0.12008422135351703,0.2103664796896329,0
MidValue,1956.7386436372603,7.579545332892609,3,1,44,0,0,0,0.22300280621486013,0.5519720410299565,0
LowValue,3728.7680464567075,8.224101324767696,1,1,8,0,0,0,0.4289623000505732,0.3596534611146659,0
LowValue,7896.188319577466,8.974262066190258,1,1,105,0,0,1,0.45178778005868103,0.706108633814093,0
HighValue,6707.020928584023,8.811059242882184,2,1,112,1,0,0,0.10015684924132623,0.6244454539188428,0
MidValue,6492.902422713718,8.778618926789774,2,0,81,0,0,0,0.0649334946269807,0.6990892540193024,1
HighValue,4311.308191094695,8.369228582923148,1,0,90,0,1,0,0.4303929723566263,0.7754648127467988,1
MidValue,4078.148520332179,8.313643549621153,2,1,66,1,0,0,0.2060223965571583,0.551126854783638,0
HighValue,2517.6565821233735,7.831480936023904,1,0,40,0,0,0,0.13523179502842367,0.5927732357865011,0
HighValue,6302.09048402253,8.748795345117276,2,0,118,0,0,0,0.10357257538887446,0.86357459789061,0
MidValue,4510.3263557910195,8.414346481453222,1,1,98,0,0,0,0.4414620982632358,0.04096503935381052,0
MidValue,4665.372692427662,8.448137323465264,1,1,59,0,0,0,0.3518303676971349,0.4113652478463934,0
MidValue,5977.533991624761,8.695930664987824,2,1,16,0,0,0,0.29136228331690606,0.4364387302822521,0
LowValue,3330.247785024377,8.111102223005679,4,1,91,1,0,0,0.47255689015668295,0.5685796671804051,0
MidValue,6477.324692611081,8.77621722082948,4,1,38,0,1,0,0.3111438880776685,0.512272521328716,0
MidValue,2569.8466833134516,7.851990572393037,3,1,14,0,0,0,0.050607054729166004,0.4015424547894983,0
MidValue,2654.8950605031364,7.884536999463035,1,0,52,0,0,0,0.5317321753076139,0.3724559099599013,1
HighValue,6461.093750921283,8.773708654314065,1,1,67,0,0,0,0.35316274783940305,0.22280477579993135,0
HighValue,5473.170030177973,8.607795950531814,3,1,105,0,1,0,0.16658027442717016,0.4424080685440633,0
LowValue,5275.235194693452,8.570968091064524,3,1,20,0,0,0,0.11700347533561302,0.2921413383512188,0
MidValue,2064.4875759001834,7.63312159176193,1,0,70,0,0,0,0.4375566521343378,0.8791544571444827,0
MidValue,6142.187808514526,8.723099073464704,1,1,67,0,0,0,0.37102568235310573,0.3078249436998577,0
MidValue,7005.422795472174,8.854582549563219,3,1,64,1,0,0,0.3132815358077078,0.3719561842686917,0
MidValue,4429.902134714693,8.39635848445472,3,1,55,0,0,0,0.4457800755687044,0.4102012762415955,0
MidValue,4294.035138756182,8.365215015701812,4,1,20,1,0,0,0.11840978831879659,0.46239412045940576,0
MidValue,7599.724820646795,8.935998892864621,1,1,49,0,0,0,0.20972356045438542,0.4577148656708529,0
MidValue,3781.907599109418,8.238248199039834,3,1,113,0,1,0,0.2035748140643948,0.842860747572329,0
MidValue,1789.1296899783442,7.490043348712113,3,1,21,0,1,0,0.3750501572263263,0.9513558149701671,0
HighValue,5756.347437519738,8.658232133301162,1,0,76,1,0,0,0.27355576589056246,0.7185981222551647,1
MidValue,3793.3272779939416,8.241262408765632,1,0,111,1,0,0,0.3696656006445735,0.3966530129249769,0
MidValue,6086.622755398585,8.71401293234541,4,1,15,0,0,1,0.393430923014978,0.0,0
HighValue,3953.0492221243267,8.282495452344106,3,1,73,0,0,1,0.5557244407974875,0.4423434406907336,0
HighValue,4575.880385543164,8.4287729065003,2,0,78,0,0,0,0.019847515002821173,0.4253282983266325,0
MidValue,4337.31868812497,8.375242152986507,3,0,43,0,0,0,0.3417147930896554,1.0515661511742107,0
HighValue,3901.9664549385407,8.269492172457168,2,1,20,0,0,0,0.1655663272729445,0.14623436807642826,0
MidValue,5063.103383960624,8.529932379089676,1,0,106,0,0,0,0.2447363356911913,0.7411343629809358,0
HighValue,7130.609607947865,8.872292239395653,1,1,55,0,0,0,0.304659180652183,0.592179564828458,0
HighValue,3439.5584150575896,8.143389067151963,4,1,93,0,0,0,0.24691019890417792,0.9187950505854665,0
HighValue,5558.460702008428,8.623256386498559,3,1,85,0,1,0,0.3886381383927384,0.3404414311230538,0
MidValue,4097.462086872591,8.318367081561728,3,1,112,0,0,0,0.3506224786352204,0.24869194484602003,0
MidValue,4769.301382087091,8.47016476471392,2,1,6,0,0,0,0.13437258179046124,0.7757229645586345,0
MidValue,6230.991102202355,8.737451159789995,1,0,17,0,0,0,0.2842652145626111,0.45205509828618473,0
MidValue,5006.031279746074,8.518598459513562,4,0,84,1,0,0,0.12725020994670053,0.650158621651616,0
MidValue,7376.849246354201,8.906237445087228,3,0,47,1,0,0,0.3489888989179287,0.5937725744505316,0
MidValue,2721.098665811145,7.909158430097154,1,0,97,0,1,0,0.38168455034498994,0.5665977701955527,0
LowValue,2304.3986793785175,7.74300890332842,4,0,85,0,0,0,0.5165372092954097,0.4618095085362924,0
HighValue,4518.600157891329,8.416178808269892,2,1,88,0,0,0,0.33954442961502146,0.46680872743890334,0
HighValue,5312.9924133148825,8.578098698639945,1,1,35,0,0,1,0.26475634205313364,0.28514330087702744,0
LowValue,6502.9557420120245,8.780165846470796,4,1,112,1,1,1,0.5638811536189502,0.38136989079000816,0
HighValue,3934.957744186716,8.277909522389596,3,1,92,1,2,0,0.4124036513759682,0.5653003701518913,1
MidValue,4865.917309668527,8.49021601968882,2,1,117,1,0,0,0.5470994458955025,0.2612575961525654,0
MidValue,3512.6366393499334,8.164406859686775,4,1,46,1,0,0,0.40782477808749623,0.4435364878605711,0
MidValue,6364.134027190223,8.758590567673226,4,1,73,1,0,0,0.4203697035234443,0.5072765942345214,0
MidValue,6346.869350988647,8.755874500304802,4,0,54,0,0,0,0.2651455543045852,0.37617893745499714,0
MidValue,5348.052147590825,8.584674655519217,4,0,13,0,0,0,0.2934577114937954,0.3887593612019274,0
LowValue,4820.605889995429,8.480862323753335,1,1,106,0,0,0,0.5115456578109352,1.036994060449332,0
HighValue,4873.557636055043,8.491784637992662,3,0,92,1,0,0,0.1061411741118657,0.7413612766282454,0
HighValue,3412.5651152627925,8.135512512482105,4,0,84,0,0,0,0.3424574269097532,0.5751767653249579,0
MidValue,2566.641627282193,7.8507431018323715,4,0,30,0,2,0,0.43888864265534433,0.3296415771938407,0
LowValue,6184.334361452147,8.729936343422331,2,1,70,0,0,1,0.2029652078858148,0.9590437023955136,0
HighValue,5616.227839374508,8.63359355417633,3,0,37,0,1,0,0.18295279443966905,0.1991328421146079,0
MidValue,5443.372368543583,8.602337761238145,4,1,7,0,0,0,0.1628493832188787,0.0,0
HighValue,3931.183003515788,8.276950022278562,2,0,81,0,0,0,0.3007713008806885,0.7865778585795771,0
MidValue,3231.608995872834,8.081044828831711,2,1,17,0,1,0,0.1999859758537896,0.49799692197008677,0
MidValue,6100.846389608048,8.71634669118198,1,0,83,0,0,1,0.16389371084722354,0.6187549096619586,0
MidValue,5343.13854198961,8.583755639653946,1,0,101,0,0,0,0.451021262167775,0.586563247660989,0
MidValue,4557.90198703704,8.424837081196868,1,1,105,0,0,0,0.2631766368622785,0.0,0
MidValue,6735.822548602223,8.815343660789242,1,0,112,1,0,0,0.0729814722994159,0.7480167611133743,0
LowValue,7410.285402302211,8.910759171842985,3,1,104,1,0,0,0.151585518585897,0.7679326379375552,0
HighValue,7353.772497827127,8.903104700922492,1,1,92,0,0,1,0.44500574746378413,0.5679829098887154,0
LowValue,4223.643098949263,8.348690062601701,2,1,55,0,0,0,0.5277928471576391,0.9852782321817375,0
HighValue,5760.520320952423,8.658956663472482,3,1,27,0,0,0,0.6312536777217167,0.11346723206980885,0
MidValue,6309.3071150255855,8.749939625511805,2,1,30,0,1,0,0.3116371082013588,0.07527433886018503,1
HighValue,2814.643930491974,7.942946264145279,4,1,36,0,0,0,0.05925677190038786,0.5019158930708402,0
HighValue,8803.288885796122,9.082994255124387,4,0,22,0,0,0,0.7582142144137759,0.20204603699766305,0
HighValue,4081.9097233747293,8.31456518070892,3,1,6,0,0,0,0.47264003663698506,1.1023698134955284,1
MidValue,6234.907413932822,8.738079383039357,3,1,97,0,0,0,0.16872108894438415,0.32665367709608006,0
MidValue,6004.712062456015,8.700466305745023,4,0,107,0,2,0,0.6542612292541782,0.3644255475190955,0
HighValue,6757.759719908668,8.818594678817417,4,1,27,0,1,0,0.5482671275463505,0.9897330311436717,0
MidValue,4732.693933095751,8.46246113506786,2,0,8,0,1,0,0.12923773277496858,0.40740875287458556,0
MidValue,3574.2863212327748,8.181800541776408,1,1,66,0,0,0,0.38747334125091126,0.12023436808823978,0
HighValue,5010.590042421064,8.519508517463258,1,1,23,0,2,0,0.3210333035692726,0.37391166662857167,1
MidValue,5268.920596302928,8.569770574306704,1,1,10,0,0,0,0.7411836440334928,0.2971061383721944,0
MidValue,3294.975225671845,8.100457374518056,4,1,39,0,0,0,0.16198616140088137,0.9238082638607623,0
HighValue,6905.56859737336,8.840228208382495,2,1,10,0,0,0,0.005255312199758479,0.4759616482473212,0
HighValue,1820.2946499357463,7.507302873302653,3,0,104,0,0,0,0.4363910168993169,0.7148978159051296,0
LowValue,5861.517393308603,8.676334379625802,3,0,11,0,0,0,0.6968688137675171,1.2110288219078689,1
HighValue,6667.402889614497,8.805135663403291,2,1,52,0,0,1,0.12214925110629839,0.41894658419166825,0
LowValue,4170.26311990592,8.335974175378208,4,1,84,0,0,1,0.25397980565399253,0.5339652662926536,0
LowValue,2471.0028451109047,7.812783969511751,2,1,19,0,1,0,0.11450850640617008,0.4994435525231223,0
LowValue,4756.3080781017725,8.467437257442615,3,1,116,0,0,0,0.1536315588997187,0.5092162839105165,0
MidValue,4713.924065125476,8.45848808998039,3,0,109,0,0,0,0.21599063492107423,0.931028264442836,0
HighValue,4331.727064950951,8.373952429899273,3,0,27,0,0,0,0.1303276155879616,0.1418563095457162,0
HighValue,3142.7188333580907,8.05316171995655,3,0,90,0,0,0,0.32878531583334586,0.8086498487195029,0
MidValue,9354.175056683096,9.143684951166259,3,1,28,0,0,0,0.3513291764358865,0.2849201767639651,0
MidValue,4784.830469110703,8.473414845590769,4,0,37,0,0,0,0.4182894439724422,0.17343839749216738,0
MidValue,4073.347811366138,8.31246596657567,2,1,114,0,0,0,0.2733431909548327,0.8016660830658393,0
LowValue,4132.63643436179,8.326912791130422,3,1,21,0,1,0,0.4986935361321704,0.5979274026056243,1
MidValue,5781.122801981837,8.662526161019352,4,0,54,0,0,0,0.11210168892901026,0.298320177561182,0
HighValue,5102.2443971832545,8.537631772761209,4,1,38,1,0,0,0.20890117870429,0.6094087344515065,0
MidValue,2906.277082126019,7.97497221150547,4,1,62,0,0,1,0.40903499900026546,0.16230444850266484,0
MidValue,4230.149458268056,8.350228974669097,1,0,110,0,0,0,0.5439406601732387,0.08535210236979901,0
LowValue,5549.447447655104,8.621633824689884,3,1,69,0,0,0,0.1356816577421513,0.4382801472831052,0
MidValue,4254.295858381172,8.355919570524712,4,1,64,0,0,0,0.12666159319556833,0.0710372420580026,0
MidValue,6188.5732811026555,8.730621426485373,1,0,107,0,2,1,0.30680014466108246,0.471807895498567,1
MidValue,5469.866153898437,8.607192229114304,4,0,114,0,0,0,0.2438334051167779,0.6030702807348856,0
HighValue,6419.399309362227,8.767235592469781,3,1,31,0,0,1,0.1756063144261241,0.8780875519145837,1
MidValue,6144.714080113916,8.72351022031214,1,0,116,0,0,0,0.1785111667318124,0.46052852690969726,1
MidValue,5660.539958047354,8.641451211584412,3,1,75,1,0,1,0.387565352399953,0.5068538653327994,0
MidValue,7331.312591275262,8.900046241885397,3,0,9,0,0,0,0.49681265328144664,0.4091662016666095,0
MidValue,2869.218149520253,7.962143316150834,3,1,23,0,1,0,0.3485028883408956,0.7606797536816978,0
HighValue,2622.947551639315,7.872435161921884,3,0,79,1,0,0,0.6938467538680494,1.1133750737059258,0
HighValue,3706.9132207292837,8.218224523156568,2,1,16,0,0,1,0.20578366481148555,0.25629671689287237,0
MidValue,4414.78264010093,8.392940365753901,4,1,59,0,1,0,0.47090062761642126,0.6437328566758458,0
MidValue,4633.656629283631,8.441317393116284,2,0,2,0,0,0,0.10769127918538861,0.33054319559241674,0
LowValue,2212.9567514894516,7.70253657897185,3,1,50,0,1,0,0.6742072408374753,0.3511965910892972,0
MidValue,6966.880697991769,8.849066396972415,4,1,97,0,0,0,0.12250490712966348,0.5073748410864729,0
MidValue,4948.769310924702,8.507096250623148,3,1,89,0,0,0,0.15826155500768413,0.653509104484201,0
HighValue,5224.868475571202,8.561376278441085,4,1,84,1,0,0,0.3873107581334852,0.2768108859030516,0
MidValue,3241.0311979921776,8.083955325319085,1,0,31,0,0,0,0.240240041089634,0.3102038838336397,0
HighValue,4541.442703351336,8.42122018672932,1,0,106,0,1,0,0.590700949710568,0.6296600084562416,0
MidValue,4310.924065903534,8.369139502485616,2,0,15,0,0,0,0.3662586048080003,0.6478641680461751,0
HighValue,5333.463345884366,8.581943567464291,3,1,93,0,0,0,0.1744096005090313,0.7520605547673709,0
HighValue,6551.80544594791,8.787648549288201,3,0,20,0,0,0,0.19513481753221495,0.608185469889784,0
MidValue,5038.997097873228,8.525160785246445,3,1,99,0,0,0,0.26248049187737793,0.5842754283571483,0
MidValue,3746.0877803813805,8.228734225362459,4,0,72,0,3,0,0.45874673595328735,0.5797407607855397,0
MidValue,5427.919820284049,8.599495465014673,1,1,12,0,0,0,0.41232407146702893,0.5201482841402435,1
LowValue,5140.460644711056,8.545092490202734,3,0,28,0,1,1,0.309987628748363,0.23240080378867906,0
LowValue,3597.3874919721097,8.18824110520193,1,0,17,0,0,0,0.5198343322075034,0.2721789773939091,0
HighValue,4920.096228150813,8.501286595267517,4,0,74,0,0,0,0.4277629023459278,0.5173665230499478,0
HighValue,2299.060202805745,7.740690576707611,1,1,48,0,0,0,0.15459584294885148,0.5495983354482789,0
HighValue,4956.552957957241,8.508667542728674,1,1,85,0,0,0,0.4272857125393369,0.057532482779094285,0
MidValue,539.3349239365116,6.292189176807549,4,0,73,0,0,0,0.41076943457153214,0.4180685938282412,1
HighValue,4267.020569854523,8.358905431963572,3,0,115,0,1,0,0.48330082154163767,1.0608240337006147,0
LowValue,6100.831554616045,8.716344259949024,3,0,78,1,0,0,0.06235969825955432,0.7105322879494713,0
LowValue,4085.481107450741,8.31543951378405,4,1,90,0,2,0,0.2813829043500242,0.5406516336386714,0
HighValue,5197.546818868642,8.556134407604004,4,0,95,1,0,0,0.16006461861791274,0.6002374434061233,0
HighValue,5258.365180801587,8.56776561038783,1,1,2,0,0,0,0.28447499891164,0.2714004869540918,1
HighValue,4572.965450833773,8.428135821172864,3,0,95,0,2,0,0.051990052792716575,0.5186683571694074,0
MidValue,3079.792990853171,8.032942307392025,1,1,83,0,0,0,0.16869688570274297,0.3006679239721519,0
HighValue,3069.0372228554897,8.029444965216367,2,0,77,1,0,0,0.2760324539874665,0.35174955058751917,1
MidValue,3691.0212613429107,8.21392935436643,4,1,92,1,0,0,0.48391859684455846,0.7487808217558457,0
HighValue,5531.096023503055,8.618322050461742,4,1,25,0,0,0,0.12592932349775007,0.5721016959416392,0
MidValue,6406.818493101736,8.765274163300488,1,0,67,0,0,0,0.35637538253375095,0.2645745105785281,0
LowValue,3420.9264358977707,8.137958956821233,4,0,45,1,2,1,0.5133118062857404,0.0,0
HighValue,3925.535355591237,8.275512727127182,1,1,43,0,0,0,0.4230382934480711,0.47153471377888784,1
HighValue,4356.43556271055,8.379638989610838,2,0,52,0,0,0,0.47851845719678704,0.5772969913752541,0
HighValue,7043.511054381478,8.860004018713688,1,1,86,0,1,0,0.24527409242862291,0.29111194056041256,0
HighValue,3986.5986611734643,8.290944489401042,2,1,43,1,1,0,0.3371116479713435,0.8124228801648008,1
HighValue,6456.312108366337,8.772968427894158,4,0,91,0,1,0,0.4723855160232774,0.04789604321080537,0
HighValue,4341.339367116647,8.376168506554086,4,0,63,0,0,0,0.28730096934825156,0.8732354292762328,1
MidValue,4435.807627154292,8.397690393926545,3,1,14,0,0,0,0.11071866558312411,0.6547511666368917,0
MidValue,4141.744390877539,8.32911374354786,4,0,57,0,1,0,0.20773649796713464,0.12349989223770763,0
LowValue,4656.0720883279155,8.44614222242622,4,1,70,0,0,0,0.13408088055880252,0.30244704350674584,0
HighValue,3293.437718720461,8.099990785552464,2,0,24,0,0,0,0.07456625320312739,0.2460939976139998,1
MidValue,4742.6226851769125,8.464556402349404,4,1,73,0,0,0,0.2935127316370467,0.5948056425940702,0
MidValue,3498.057363580103,8.160248886511697,4,0,6,0,0,0,0.1317173146727612,0.17922552199642894,0
HighValue,4829.088659793999,8.482620102543159,2,1,61,0,1,0,0.4040420596388302,0.31302146286564614,1
HighValue,2071.6666920297753,7.636591314187535,4,0,25,0,0,1,0.44006554010351856,0.5693521693700021,0
MidValue,3927.3899741591495,8.275984945136779,3,1,44,0,0,0,0.1346424398928856,0.2451426139229695,0
MidValue,4464.247079037877,8.404079828630161,4,1,38,1,0,0,0.5885514673954765,0.7981292645990594,0
HighValue,4188.140406413819,8.340250838268783,2,1,45,0,0,0,0.2296579468950618,0.3935405438249982,0
MidValue,2117.382243288713,7.65840798357421,1,1,2,0,1,0,0.09590493657885969,0.2028845421957194,0
MidValue,5152.716083229982,8.54747330301085,3,1,53,0,0,0,0.2316969625783741,0.38708003445254074,0
MidValue,2608.261501185362,7.866822510541501,2,1,91,0,0,0,0.46908987039234695,0.28689092983474196,0
MidValue,7974.94544608491,8.98418547185962,4,0,57,0,0,0,0.4847044863214334,0.7158099340490589,0
LowValue,6914.446390215306,8.841512795914884,4,1,77,1,0,0,0.2660700947896503,0.11329498089307294,0
LowValue,7673.357474701788,8.945639852299731,1,0,11,1,0,0,0.17706324887105696,0.5719810899831717,1
MidValue,4898.806929137015,8.496951081105495,1,1,114,0,1,0,0.23441698337018196,0.7946466075804414,0
MidValue,2013.0688967914339,7.60791228162658,1,1,73,0,1,1,0.07806581619175892,0.4952396389809013,0
LowValue,7657.68277049779,8.943595285871458,3,1,33,0,0,0,0.04562009017029995,0.4668883152744693,0
MidValue,5248.638421376344,8.565914481095085,3,1,118,0,0,0,0.21123244027009985,0.8891149896769321,0
HighValue,7671.012684271396,8.945334269881954,3,1,42,0,0,0,0.5872080600888627,0.2979608132363035,0
HighValue,6823.05429250097,8.828209045250793,2,0,65,0,0,0,0.09370180515560794,1.038703852213911,1
HighValue,5500.476369612579,8.612771766038101,3,1,78,1,0,0,0.4360896314071498,0.9586623678216561,0
HighValue,3427.865252887077,8.139984655361571,2,1,44,1,1,0,0.6281784627355093,0.2216412131143491,0
MidValue,3626.775499522373,8.19637492936514,3,0,110,0,0,0,0.16263427543299935,0.5766414178624273,0
MidValue,4622.738674467109,8.438958893717789,4,0,42,1,0,0,0.23722015793732035,0.0,0
HighValue,5064.299053501746,8.530168458079341,3,1,13,0,0,0,0.4112290057768253,0.270801062881417,0
HighValue,4769.788677592655,8.470266911429428,3,1,109,0,0,0,0.12197188055723568,1.0043466258799543,0
MidValue,5406.719001073915,8.595582656512248,2,0,9,0,0,0,0.3303557615702769,0.9327847905906699,0
LowValue,7155.028084324701,8.875710369205132,4,1,6,0,0,1,0.30255199489541323,0.2501182466756349,1
MidValue,7744.742596654589,8.954898629036443,1,1,81,0,1,1,0.33030831285794693,0.9180063548883066,0
MidValue,2507.9972851067914,7.827638464303976,4,0,56,0,0,0,0.37020771604354835,0.7511048269271206,1
HighValue,5708.736136911997,8.649928090883884,4,1,111,0,0,0,0.18893305642284614,0.14993703847801387,0
LowValue,6464.415266095921,8.774222522104582,1,1,63,0,0,0,0.4324526932636237,0.4533427904448426,0
MidValue,5211.603625358214,8.558834746074094,1,1,95,0,1,0,0.24598693643421513,0.10170076965524094,0
MidValue,5779.525377508269,8.66224985329833,3,0,27,1,0,0,0.2594968825249782,0.25562888456809113,0
HighValue,3988.4562437233058,8.291410220828382,2,0,31,0,0,0,0.18344166660248426,0.3437980973173426,0
MidValue,5135.98172109274,8.544220972176479,4,1,109,0,0,0,0.358080891945684,0.6109678741541384,0
HighValue,4786.564977064235,8.473777205629538,4,1,53,0,0,0,0.4283674564102838,0.20808478517531426,0
HighValue,3947.701466116625,8.281142061092138,3,0,18,1,0,0,0.240294379130298,0.6023846745647599,1
LowValue,4254.5026417496165,8.355968163701599,2,1,58,0,0,0,0.3208113456809746,0.36885187029080313,0
MidValue,5645.6582846122155,8.638819195111607,3,0,53,0,0,0,0.559218247575001,0.834082310162599,0
MidValue,4497.039803554005,8.411396981647293,3,0,44,0,1,0,0.013296080752239004,0.42515727296521344,1
MidValue,4902.740429474481,8.497753545847013,3,1,35,1,2,0,0.28936518704990766,0.18702248141032068,1
LowValue,4685.3600536812655,8.45241145215554,3,1,112,0,0,1,0.2901574705862974,0.5631864920000479,0
MidValue,4309.99993543193,8.368925159769619,1,1,90,0,1,0,0.8189170833217468,0.698516896182966,0
HighValue,3339.7726561209856,8.113957393385084,4,1,34,0,0,1,0.20730268848321132,0.9203281149616285,0
MidValue,3093.8178822443842,8.037484340816931,3,0,11,0,0,1,0.5288693519748352,0.5360388267136733,0
HighValue,5252.223112385199,8.566597093378704,1,0,72,0,1,0,0.30987860586566457,0.4279502135122884,0
MidValue,4389.377526441039,8.387170499283092,2,1,66,0,0,0,0.36741589770774113,0.6778162039258717,1
LowValue,3141.1664242481347,8.052667785028406,3,1,108,1,0,0,0.5619399429851873,0.20219402419813448,0
MidValue,4148.678677931313,8.330786183222616,3,1,107,0,0,0,0.4261144881731758,0.8006433493169105,0
HighValue,5606.512351468013,8.631862469061222,3,1,6,0,0,0,0.3785489958265713,0.05562107585051712,0
MidValue,5765.230236165424,8.659773807363953,4,1,27,1,0,0,0.3097621161387151,0.004579668320369601,0
LowValue,2519.2647896439175,7.832119250240974,1,1,7,0,0,0,0.15517505738005757,0.4801287935675459,0
LowValue,5825.607836695012,8.670190263813387,3,0,39,0,1,0,0.4449374217857966,0.5592532509373711,0
LowValue,2184.5877510206797,7.68964006495954,2,1,45,0,1,0,0.0703880065004235,0.43760109585838886,0
LowValue,4085.174592151614,8.315364503821428,2,0,1,1,1,0,0.08233793740451875,0.6336426253410734,0
MidValue,6294.361224969803,8.747568327670844,3,1,72,0,0,0,0.32647126208755534,0.3520901260344539,0
MidValue,3395.86572792552,8.130608440716305,1,1,24,1,1,0,0.5174054526344916,0.5975175403865964,1
HighValue,6365.051867850376,8.758734755444783,2,1,24,0,1,0,0.1590707421757897,0.34988702724383314,0
MidValue,5184.851971036581,8.553689421733758,3,0,78,0,0,0,0.19548900481744247,0.168726383652676,0
MidValue,7827.415396738537,8.965515392608623,3,1,61,1,0,0,0.251897250547587,0.0,1
HighValue,7391.194147798906,8.908179877559798,1,1,60,0,0,0,0.15513937696097757,0.9768985363690448,0
HighValue,5574.086781702588,8.626063162431846,4,1,67,0,0,0,0.1837507015738659,0.058002061111660064,0
HighValue,4642.778032608986,8.443283545079662,3,1,119,0,0,0,0.5447059033805536,0.8158029319959549,0
MidValue,6937.177608083818,8.844794426522277,3,0,57,1,1,0,0.27926487303650926,0.6079657044489124,0
MidValue,5555.309649623279,8.62268943479483,1,0,81,1,0,0,0.5055184723875642,0.0,0
MidValue,6155.917778603107,8.725331570689042,1,0,57,0,0,0,0.4069781279263222,0.5440684139960935,1
MidValue,5778.1118687941935,8.662005293942183,2,0,51,0,1,0,0.2378877541939285,0.3098712469273244,1
LowValue,5428.10042950276,8.599528732445489,2,0,80,0,0,0,0.5855091230344391,1.3918017563346292,0
LowValue,3369.372184244845,8.12277845767705,3,1,103,0,0,0,0.34666523215184314,0.451566969005482,0
MidValue,6383.721051724826,8.761663079450397,2,1,14,0,1,0,0.14156426764229812,0.3149654003467668,0
MidValue,4089.1620220556906,8.316339862446771,2,1,87,0,1,0,0.18737891711805174,0.8561796049807193,0
MidValue,7164.977586688872,8.877099770130295,2,0,10,1,0,0,0.09826749845868155,1.0205350188401887,1
MidValue,4206.246586961238,8.344563695364911,1,1,6,0,0,0,0.1855786216147547,0.07872767021956228,0
MidValue,5194.362835106536,8.5555217442333,4,1,50,0,0,0,0.3593500742990098,0.492736213947792,0
LowValue,7309.9130952930245,8.897123455379967,2,1,7,0,0,0,0.6039399754231276,0.6696883220323955,1
LowValue,5631.873566626427,8.63637499352058,3,1,60,0,0,0,0.49878540419517364,0.6255390235257974,0
HighValue,3764.593703105101,8.233660817869978,4,1,91,0,0,0,0.47268142373604993,0.7156948050417734,0
HighValue,6478.270361163803,8.776363184420791,2,0,89,0,0,0,0.30583224641974494,0.9947529062668635,0
MidValue,4910.743852548563,8.499384321184802,3,1,43,0,1,0,0.20733176485150623,0.6476507814957881,0
LowValue,6104.494606873366,8.716944399950005,4,1,3,0,0,0,0.21829116144752161,1.1679825994384214,0
MidValue,4365.345755327697,8.381681726674197,3,1,22,0,1,0,0.23351318286773398,0.2199448662435381,0
MidValue,5444.094213827482,8.602470338032333,2,1,27,0,0,0,0.23241815242539918,0.5717882251024052,0
MidValue,7344.063912949641,8.901783790128954,2,0,19,0,1,0,0.21765250384063384,0.12373611855417366,0
MidValue,4996.208918952673,8.516634819346098,3,0,87,0,0,0,0.14675445616359356,0.9389501965691014,0
MidValue,8388.223666949922,9.034703264423154,3,1,119,0,0,0,0.09972889234830686,0.3540325102536466,0
MidValue,6977.525286030087,8.85059289636122,1,0,91,0,0,1,0.22610521902097816,0.3147547454663431,0
LowValue,5927.456662338108,8.687519198816268,3,0,11,1,0,0,0.5384201465525431,0.0,1
MidValue,5159.1973828243645,8.548730110229343,2,1,3,0,0,0,0.3339922444488117,0.40177723117718767,0
HighValue,4168.822810344845,8.335628822366038,1,0,9,0,0,0,0.1686163570386266,0.6364196832390275,0
MidValue,6024.513079582073,8.703757913169941,4,0,78,1,0,0,0.06269775346718552,0.11666957303975578,0
MidValue,5055.487079975922,8.528427268207135,4,0,75,1,0,1,0.5013915119648918,0.638265104858521,0
MidValue,5523.643332177974,8.616973969040268,3,1,111,0,3,0,0.21130945814461802,0.6407027220950473,0
HighValue,6786.190901192904,8.822792423786147,2,1,4,0,1,0,0.3399235293584444,0.29927456258119933,0
HighValue,4358.947863178922,8.380215378285097,4,1,106,0,2,0,0.5141604539236557,0.3514082757915796,0
HighValue,5870.116552826254,8.677800108162526,2,0,84,0,0,0,0.3715221737978839,1.2171986286340353,0
HighValue,1971.0051616985056,7.586806152653327,3,0,43,0,0,0,0.17470430472488835,0.9754736950416902,0
MidValue,6921.829832029977,8.842579900284926,1,0,17,0,0,0,0.16160980718406853,0.3328355419230655,1
HighValue,3094.9285826090922,8.037843166810834,4,1,74,0,1,0,0.20301525896156103,0.16699471222029483,0
MidValue,4861.115864929445,8.489228985305706,4,0,85,0,1,0,0.06114979607886381,0.28961363419917985,0
LowValue,5492.3817107152,8.611299321318809,4,0,114,0,2,0,0.3876126116706544,0.5811305141546932,0
HighValue,5554.546031223307,8.62255199269279,4,1,9,0,0,0,0.5651733138324552,0.8090837456105593,0
MidValue,5677.431119004461,8.644430262118915,1,1,72,1,0,0,0.12344266096119748,0.43138522671701174,0
MidValue,5797.136005731794,8.665291766559326,1,0,57,0,1,0,0.41404014419393026,0.3308125534972113,0
MidValue,8110.092287121723,9.0009878220258,2,1,75,1,0,0,0.05426752096099331,0.4404377369976517,0
LowValue,7009.4415894568465,8.855155972260967,1,1,87,1,0,0,0.5954222508368825,0.4811218403336,0
MidValue,6028.621452621016,8.704439510407536,4,0,17,0,0,0,0.20872864320628184,0.17700708702328688,0
LowValue,2198.1986108479637,7.695848305188397,3,1,50,0,0,1,0.33537150587616743,0.7083572403969167,0
HighValue,4202.7171137073265,8.343724439939091,3,0,115,1,0,0,0.5335073009149086,0.09464968799140677,0
HighValue,7447.89404316215,8.915820849771466,3,0,68,0,0,0,0.04874071161523811,0.3304755586729208,0
HighValue,1838.8536601327987,7.517441314903629,4,0,77,1,0,0,0.5653001564233024,0.5311363871311563,0
MidValue,4226.144936762148,8.349282088306886,2,1,57,1,0,0,0.2755039835456122,0.6262699771337172,0
HighValue,3959.5398080975306,8.284135610134602,4,0,77,0,0,0,0.3618122834457043,0.3671388483651236,0
HighValue,8139.743983716144,9.004636853310926,2,1,61,0,0,1,0.1541557659972142,0.47058034998378107,0
MidValue,4213.2664195179605,8.34623081484265,4,0,9,0,0,0,0.6509857550192301,0.23325956044063373,0
MidValue,5131.806396570939,8.543407844446088,1,0,103,0,0,0,0.11063967990980565,0.3798230208182438,0
MidValue,3985.2371021771396,8.290602982741019,2,1,46,0,2,0,0.11275262048745022,0.1833360521689208,1
MidValue,2630.0316908219684,7.875131326130034,1,1,116,0,0,0,0.07658660918387901,0.6504359065284799,0
HighValue,5051.602988662735,8.52765883277369,2,1,44,0,0,0,0.23885513859554877,1.0985761814112345,0
MidValue,3805.1898549191856,8.244383929670091,3,1,43,0,1,0,0.36791248660688536,0.8484404866203312,0
LowValue,3519.6520221256296,8.166401484996943,3,1,68,0,0,0,0.10825314617906173,0.5065553552122015,0
MidValue,4725.394256693259,8.460917877181714,2,0,36,0,0,0,0.3455983692939023,0.5959955337500507,0
HighValue,3862.9713320935134,8.259450776074429,4,1,56,1,1,0,0.28773137170989355,0.8352574596364541,0
HighValue,4391.2236203749235,8.387590897279134,2,1,20,0,0,0,0.17790285750123433,0.45361320049205556,0
LowValue,3507.7899745268587,8.163026520422555,3,0,7,0,1,0,0.3867127561508264,0.0965739920013996,0
MidValue,4438.311449342406,8.398254564423347,1,1,48,0,0,0,0.0790239365783089,0.16337140528123967,0
LowValue,5212.92784554508,8.559088755798744,3,0,82,1,0,0,0.44779117092006954,0.046714853879452234,0
MidValue,4347.589222791224,8.37760675488101,2,0,113,0,1,0,0.07536309135742031,0.8249713220263704,0
HighValue,6251.908170853358,8.740801941845096,3,0,117,0,1,0,0.6502227142703014,0.5500311335474106,0
LowValue,4628.690460802002,8.440245289727018,2,1,117,1,0,0,0.1580743552399398,0.3576003655090733,0
MidValue,6651.657237707878,8.802771638454953,2,0,27,1,0,1,0.06536375319130483,0.5739336277589439,1
LowValue,5287.612345669978,8.573311173932842,2,0,68,1,0,1,0.17395674270994527,0.8694119276080872,0
MidValue,3748.704651104684,8.22943235615733,3,1,29,0,0,0,0.04926694171990253,0.7965654572765033,0
MidValue,6888.639261169885,8.837774005767644,2,0,110,0,0,1,0.30861758117103133,0.2810984522915314,0
MidValue,5282.213504331712,8.572289809811979,3,0,14,0,2,0,0.0715592754903225,0.6929700219296411,0
MidValue,7176.148029168378,8.878657372711082,3,1,59,0,0,0,0.2228814140678155,0.02340960323839031,0
MidValue,7298.852225548114,8.895609383855987,3,0,25,0,0,0,0.42727498665149244,0.6176743047683662,0
LowValue,4195.333685809629,8.341966491094404,4,1,58,0,0,0,0.6939677828447847,0.6568175153904233,0
MidValue,5977.11023124291,8.695859782159141,1,1,65,0,0,0,0.3537115967775842,0.41934095348390277,0
LowValue,3988.725096455916,8.291477609378974,2,1,116,0,0,0,0.463108255052411,0.04759155901704776,0
HighValue,4144.331605968073,8.329738065809275,3,1,24,0,0,0,0.33432307040247694,0.44937283654582977,0
HighValue,3758.7033856333624,8.232095346472576,1,0,67,1,0,0,0.35792155564462774,0.1988003888674164,0
MidValue,7734.910418244488,8.95362845721144,4,0,63,0,0,1,0.1513788559982104,0.009029934167491871,0
MidValue,7274.5199056563215,8.892270554181241,4,1,5,0,0,1,0.6926296755635087,0.2576558773074443,0
HighValue,7232.141506072674,8.886428730610996,3,1,117,0,0,0,0.03360460410468312,0.0,0
MidValue,3100.0098601329864,8.039483098757756,4,0,117,0,0,1,0.3955225282938701,0.19896439505699615,0
MidValue,5919.383460055986,8.686156499438434,4,0,57,1,1,0,0.21032420401736174,0.40370203080030986,0
LowValue,4477.839995429724,8.407119362289396,4,1,80,0,0,0,0.17690030508230792,0.4942693184824373,0
HighValue,4064.8965821909005,8.310389559086392,3,0,66,0,2,0,0.4874140859239289,0.6744938428534711,0
MidValue,4827.987067389519,8.482392007756376,4,1,72,0,1,0,0.06640007569408053,0.46909069122918134,0
MidValue,5354.550123495262,8.58588870841684,3,0,49,0,0,0,0.41904775923279763,0.3621258578975456,1
HighValue,5197.886810147548,8.556199806680576,4,1,46,0,0,0,0.07499426977340129,0.16939440910071718,0
HighValue,3461.6495900423165,8.149789352462683,1,1,70,0,0,1,0.19263233277780137,0.0,0
HighValue,4554.090048232794,8.424000578594766,1,1,58,0,1,0,0.31773874975635175,0.0,0
MidValue,6125.687237292475,8.720409464791832,4,1,79,0,1,0,0.622844089347734,0.28001073294652135,0
LowValue,7290.793481123912,8.894504814103465,3,1,66,1,0,0,0.5403776085103289,0.4688032369750007,0
MidValue,5824.946680044698,8.670076785408275,3,1,89,0,0,0,0.14587985090860006,0.8776867377262132,0
HighValue,4272.372746578076,8.36015866483221,1,1,14,1,1,0,0.09765245965829913,0.9340377043257864,1
MidValue,7778.914372494238,8.95930061100573,2,1,79,0,0,0,0.45269692087967284,0.4021673538823455,0
HighValue,6366.892649838818,8.759023869630683,2,0,54,0,0,0,0.34823856497586736,0.7107345421405411,0
MidValue,4678.890228738924,8.451029933238944,1,1,95,0,0,0,0.11695278513053914,0.470986517027646,0
MidValue,3032.405914447222,8.017441331390309,4,0,95,0,0,0,0.11898910876852861,0.48143418133232274,0
HighValue,2095.641475140006,7.6480920459176325,3,1,38,0,2,0,0.2975115092199933,0.2764751511305713,0
LowValue,7515.722143972224,8.92488543680828,4,0,37,0,0,0,0.27290317957733035,1.138751489288809,0
LowValue,6480.129711709442,8.776650112377943,1,1,66,0,2,0,0.14529220937330106,0.3699479359689955,0
LowValue,4575.857147555925,8.428767829232754,4,0,70,0,0,1,0.4011347485227835,0.0,0
MidValue,5585.768947115352,8.628156393156583,1,0,89,0,0,0,0.35608634704376885,0.9217307608248522,0
MidValue,3400.4326130900727,8.131951978649607,1,1,54,0,1,0,0.5517750442799684,0.22131558508123095,1
HighValue,6733.602411360651,8.815014053896391,1,0,14,0,0,0,0.37781779144841837,0.549428169249449,0
MidValue,3677.8920771492494,8.21036691984146,1,1,32,0,0,0,0.26125006144705637,0.4873317970806942,0
MidValue,3571.120157798291,8.180914580231931,2,1,76,0,0,0,0.030971559137564893,0.378444595887599,0
LowValue,6931.1497688450545,8.843925256032723,1,0,105,0,0,0,0.16877162370965954,0.5904034047886735,0
MidValue,3800.0710162709393,8.243038152390335,3,0,78,1,0,0,0.36318277553430195,0.14315036947294585,0
MidValue,4930.380283743268,8.503374204269164,4,0,2,0,0,0,0.4298278022106364,0.43006122226009114,0
HighValue,6730.889744857479,8.81461117740734,3,1,8,0,1,0,0.2955904316914382,0.363284913305874,1
MidValue,5345.21933666106,8.584144924039247,3,0,57,0,0,0,0.6389411289457589,0.9010351872567508,0
MidValue,6821.944591059809,8.828046415876662,4,0,75,0,0,0,0.19513904851637823,0.5776413714660608,0
LowValue,3417.916122454585,8.13707885656697,3,1,27,0,1,0,0.40134881442692316,0.3784334620575123,0
HighValue,4911.417030435943,8.4995213665562,4,1,118,0,0,0,0.5503567486685161,0.2919496980123275,0
MidValue,6251.492353372693,8.740735439779845,4,0,36,0,0,0,0.224239554277605,0.5299557142350472,0
LowValue,5513.91863102996,8.615212177459078,3,1,78,1,0,0,0.3599578264549139,0.16525392697198388,0
LowValue,5192.505060099688,8.555164096981377,4,1,35,0,0,0,0.2513453367026489,0.0,0
HighValue,4494.88333812339,8.41091744331058,2,1,88,0,0,0,0.32535111902080655,1.0603390005676732,0
MidValue,4642.565465305413,8.443237769384243,1,1,19,1,0,0,0.37687164734288897,0.9024531064028317,0
LowValue,4352.089495492637,8.378641100838458,3,1,10,1,0,0,0.20941551764415872,0.055345872082839975,1
MidValue,6013.4788281707415,8.701924979296706,1,0,50,0,0,0,0.08663517378379451,0.15364505653369043,0
LowValue,3327.0073386790436,8.110129007070592,1,1,115,1,0,0,0.12779209151165064,0.8165411185668565,0
HighValue,4937.486710187276,8.504814229281946,3,1,96,0,1,0,0.24750688746497937,0.0,0
HighValue,5637.176964494963,8.637316058995406,4,1,68,0,0,0,0.29369824631234664,0.9643661411747404,0
LowValue,4694.354703498094,8.454328937989539,2,1,43,0,0,0,0.5129500586074838,0.4092839547424132,0
HighValue,6061.121000816034,8.70981501796226,3,0,17,0,0,1,0.4585601028880828,0.6156040742049776,1
MidValue,4039.316192721208,8.30407823341766,3,1,117,1,0,0,0.5941913764007408,1.3096451703048415,0
HighValue,6374.388669751817,8.760200335972373,1,1,114,0,0,0,0.49450933302119926,1.0097216594407499,0
LowValue,7060.375756621812,8.862395177880328,1,1,105,1,0,0,0.19817233504293702,0.5210966170732284,0
HighValue,4100.957005852682,8.319219457312814,4,1,97,0,1,0,0.24906523960690827,0.9194792606714437,0
MidValue,4061.0650323352675,8.309446751942076,4,0,64,1,0,1,0.527014024640744,0.6113962206939975,1
HighValue,2689.386864004421,7.897440277870437,1,1,116,0,1,0,0.3206325616765233,0.9867304882876293,0
MidValue,5423.2994755186255,8.598644041134142,2,1,44,0,0,0,0.27827824784850513,0.4835519138886442,0
MidValue,8196.346803560096,9.011565820353887,4,1,77,0,1,0,0.2507575354870005,0.775917950481043,0
MidValue,4527.684893874723,8.418186865925927,2,1,23,1,0,0,0.37044665566011037,0.2909787676276311,1
MidValue,4930.875144469643,8.503474548568345,4,1,61,0,0,0,0.8559608008947003,0.7018355854646436,0
MidValue,2303.8464900279414,7.742769354526598,2,1,71,0,0,0,0.4702983587653664,0.383924386610657,1
HighValue,3920.017467938349,8.274106457252659,4,0,45,0,0,0,0.3560469770976286,0.18050573135519893,0
HighValue,6353.388119935327,8.756900895736306,2,1,31,0,0,1,0.3922293227022993,0.0,1
HighValue,6657.427077274194,8.803638561057372,2,0,70,1,1,0,0.45720055230668555,0.4879000677462134,0
MidValue,6378.056351881172,8.760775458170826,2,1,82,0,2,0,0.08164731828822497,0.0,0
HighValue,6870.352178387759,8.835116189486392,2,1,73,0,1,0,0.13908796333148393,0.22655286040309908,0
HighValue,4653.488254066625,8.445587248988343,4,0,12,0,1,0,0.29904101045300446,0.3545885540416073,0
MidValue,4356.027563848326,8.379545352433976,3,1,57,0,0,0,0.16703391348762905,0.13627439039075417,0
MidValue,7869.791162458016,8.970913865260666,3,1,18,0,0,0,0.10741442638620531,0.4751083127236055,0
MidValue,3848.4058873308095,8.255674100395037,4,0,65,0,0,0,0.08382952543963411,1.1110992474783483,0
MidValue,4883.017462376152,8.493723410649297,3,1,39,0,1,0,0.24985872779387888,0.8676629772055944,0
HighValue,4870.176675586219,8.491090804055403,3,0,113,1,1,0,0.25643108233382805,0.0,0
MidValue,4427.993153149747,8.395927558008648,4,0,52,1,1,1,0.2881517246797266,0.7663692072911468,1
HighValue,4672.196105441275,8.449598507461083,1,0,75,1,0,1,0.2891455732825534,0.3969284428994038,0
MidValue,4682.685826341849,8.451840648672555,4,0,40,1,1,0,0.19334309674021768,0.4199498411268617,1
MidValue,5440.631626555147,8.60183422623162,3,0,118,0,0,0,0.3824951378257474,0.7198705556180791,0
HighValue,4767.474611261751,8.469781744743862,1,0,110,0,1,0,0.20244666458836888,0.5063759831733079,0
HighValue,6640.5846782294375,8.801105870356436,1,1,105,0,0,0,0.5301499728794563,0.9742209489900606,0
MidValue,4597.546939130564,8.433495649778003,3,1,104,0,1,0,0.05281929740145948,0.60815430160348,0
MidValue,4783.103415031786,8.473053912251297,3,0,34,0,0,0,0.48960955353195473,0.610363096014454,0
LowValue,5385.948165872958,8.591734300557567,4,0,116,0,0,0,0.3608086779676539,0.7869026707463294,0
MidValue,2709.7888117182592,7.904994945954584,2,0,109,0,0,0,0.3993757549821958,0.49407877997289135,0
LowValue,3981.6318182094424,8.289698140598501,4,1,112,0,0,0,0.24543825846659398,0.0,0
MidValue,6056.555822590282,8.709061668098533,2,1,43,0,0,0,0.15981577538743397,0.7107996216875265,0
MidValue,5538.540574877892,8.61966684758015,1,1,84,0,0,0,0.19461962185723486,0.1834200287239488,0
MidValue,5136.1586443264,8.54425541267026,3,1,24,0,0,0,0.3549108354623538,1.0239277146266437,0
HighValue,5629.158191243427,8.635892818650795,2,0,37,0,0,0,0.16790286122151152,0.9621432106391371,0
MidValue,3325.0128649406743,8.109529527737177,1,0,9,0,0,0,0.14109500447835688,0.9888872260913698,0
MidValue,5313.409094805561,8.578177107700906,4,0,70,0,0,0,0.08713326661654766,0.6994945841869691,0
LowValue,4065.2450926555816,8.310475270939143,4,0,65,0,0,0,0.31165266191847096,0.7733924690016312,0
MidValue,112304.14474275567,11.62897495216832,3,0,66,0,0,0,0.15067668049614305,0.3096084783011934,0
HighValue,7475.352356670612,8.919500299175679,2,1,65,1,0,0,0.0618783029495699,0.3861915336458152,0
LowValue,3138.7932324375984,8.051912227191957,3,1,26,0,0,0,0.4328853008766078,0.3203206017656901,0
HighValue,7373.268618708574,8.905752005945716,4,0,80,0,0,0,0.3571847964104017,0.5009728805751664,0
HighValue,4079.930078372799,8.314080201804677,4,1,87,0,0,0,0.24094251697214017,0.38117861693573857,0
HighValue,5791.69483111935,8.664352890806807,1,0,88,0,0,0,0.709256591020077,0.4645452092536742,0
MidValue,3552.147104453914,8.175588998049939,4,1,27,0,1,0,0.2601727708965787,0.7342367489189001,1
MidValue,4522.777636670912,8.41710268409851,3,1,56,0,0,0,0.06701158339228273,0.1486631517240627,0
HighValue,3291.0830274310993,8.099275782448267,4,1,79,1,0,1,0.40207407244133875,0.4151517021827141,0
HighValue,6902.680548267121,8.839809961163654,4,0,94,0,1,0,0.27159975263242087,0.6589043732109271,0
HighValue,8092.724711998696,8.998844313490807,1,0,34,1,0,0,0.1458128232325755,0.6322520181952549,1
MidValue,4179.803508325533,8.338258733917721,1,1,63,0,0,0,0.2652629925039533,0.1339502404194144,1
MidValue,4505.874835690269,8.413359251213448,4,1,80,1,1,0,0.27416234050691857,0.10610851467727755,0
MidValue,6834.677186927827,8.829910820611369,3,1,42,0,0,0,0.15946429919682695,0.773021263963523,0
HighValue,3817.4530082633387,8.247600647918642,1,0,114,0,0,0,0.1585994049376933,0.09687782455730054,0
MidValue,3068.8984672061315,8.02939976746304,4,0,20,0,0,0,0.22748436655299825,0.7572640732534428,0
MidValue,6065.939784477078,8.710609602802732,4,1,7,0,0,0,0.19387072783943152,0.36179244082601997,0
HighValue,5034.966886102463,8.524360819706255,3,1,15,0,0,1,0.41645479828628834,0.5403680399603407,1
HighValue,6968.448375153426,8.849291357889967,1,0,70,0,0,0,0.1737339490038037,0.15492786486905025,0
HighValue,5016.39203313552,8.520665562379289,1,1,50,0,0,0,0.2113502710004372,0.14328734241704388,0
MidValue,2413.390725533062,7.789202246692862,3,1,48,0,1,0,0.2587536890890352,0.1839685437428738,1
LowValue,7953.682344385975,8.981516008407784,2,1,2,0,0,0,0.32355887869827643,0.4499633098493683,0
MidValue,4469.393456156896,8.405231705245559,4,1,113,0,0,0,0.1574761082218671,0.8193974891145522,0
LowValue,5960.40388765426,8.693061283941312,1,0,18,0,0,0,0.37148330946824093,0.8566170144048387,0
MidValue,5092.206354971421,8.535662843434979,3,0,84,0,0,0,0.08767011872861849,0.5208429847528606,0
HighValue,3102.0044557393703,8.040126100393005,1,1,21,0,0,0,0.40242227681745024,0.7496423538055278,0
HighValue,2290.8732617002975,7.737124780363475,2,1,87,0,1,0,0.18463970493453352,0.468196021874719,1
MidValue,6837.944572325308,8.830388696419151,2,0,69,0,0,0,0.6255933442784077,0.7250178712035771,0
LowValue,5888.6427453851165,8.680950620372311,3,1,57,0,0,0,0.20411756783925872,0.38821888394953624,0
HighValue,7793.187468124062,8.961133538486482,1,1,93,1,0,0,0.0892043423986853,0.0998209349310904,0
MidValue,5269.838751778286,8.569944784806605,3,1,70,0,1,0,0.1412680678594552,0.7885042406920221,1
HighValue,5282.021110589499,8.572253393103615,3,1,115,0,0,0,0.33096133247865916,0.58011495851857,0
MidValue,4413.04209409452,8.392546123267476,1,1,53,0,2,0,0.3394655943619986,0.7034588514802669,0
LowValue,2596.152480580007,7.8621709240631334,3,0,13,0,0,0,0.23770359368285662,0.3221956268871198,0
MidValue,6098.514131715623,8.715964396450708,2,1,2,0,2,0,0.5785674360080727,0.5529666593149928,0
MidValue,4677.4293036039435,8.450717713691022,1,0,58,0,0,0,0.566523222769543,0.37105938081593903,0
MidValue,5048.059031852469,8.52695717458151,3,1,21,0,1,0,0.21342333524840096,0.31890413202792905,0
LowValue,5224.277477930376,8.561263181246943,3,0,70,0,1,0,0.4864133706883413,0.2574893947992488,0
MidValue,6946.038812201065,8.846070777578248,4,0,20,0,0,0,0.16904252797427494,0.28227093719534946,0
HighValue,4765.819118473438,8.469434509964973,1,1,46,0,0,0,0.3112753790881889,0.8809755562986983,0
MidValue,4000.5988391886485,8.294449270036509,1,1,21,0,0,0,0.1867685428529659,0.22659334511612678,0
MidValue,5005.780359609026,8.51854834470291,1,1,36,0,0,1,0.07551488622123205,0.574553048699168,0
HighValue,7848.31393144551,8.968181409689002,2,1,80,0,0,0,0.5724144068819973,0.25363748771614636,0
HighValue,5463.126160016447,8.605959490298941,3,1,65,0,0,0,0.2630145632844683,0.5168980663169768,0
HighValue,5192.828857387739,8.555226441619709,4,1,86,0,0,0,0.2789825576921489,0.7938225298300019,0
HighValue,4549.017749026129,8.422886412822251,1,0,44,0,0,0,0.07857694071940641,0.36097873506983374,0
HighValue,4551.653963999548,8.42346563068932,1,1,101,0,0,0,0.11530493842296399,0.5604024395755073,0
HighValue,3421.832542001215,8.138223715919885,4,0,56,0,1,0,0.020252369883715482,0.39775166692295844,0
MidValue,4186.6470488164505,8.339894291652037,3,1,65,0,0,1,0.11062731921642423,0.2203452089412058,0
MidValue,5239.304844394349,8.564134952034042,2,1,67,1,0,0,0.5099871548405221,0.5592744859077434,0
LowValue,3164.5291573894037,8.060075510931936,3,0,84,0,0,0,0.13222653059274903,0.40124447570282146,0
HighValue,4711.460757746627,8.457965504452973,2,1,44,0,0,0,0.05251476434833565,0.7764424964512238,0
MidValue,3213.5523342412735,8.075443384127786,2,0,100,0,0,0,0.09302491214532041,0.5317165519667358,0
MidValue,3695.6037606775853,8.215169774582257,1,1,80,0,0,0,0.25507609023377725,0.9577693807188823,0
MidValue,4331.045972494337,8.37379522036705,1,0,33,0,0,0,0.4543295930249291,0.2866215805307126,0
MidValue,4992.620346503548,8.515916446024304,4,1,21,0,0,1,0.15161725030275622,0.502243465624069,1
MidValue,4834.523895015291,8.483744756725883,3,0,70,1,0,0,0.5958121302997977,0.4301425559142135,0
LowValue,7060.791064820398,8.862453990213846,3,1,60,1,0,0,0.4519581858852244,0.1486990036062748,0
MidValue,6876.84513806727,8.836060675191666,4,0,1,0,0,0,0.2474719178868183,0.7735524980990138,1
MidValue,4675.285784594732,8.450259438045743,3,0,46,0,0,0,0.2027548214189227,0.25366165937962837,0
HighValue,4712.53273207356,8.4581929551366,3,0,4,0,1,0,0.32493392182499137,0.5604569245278808,0
MidValue,3858.828797715871,8.258378108551907,2,1,106,0,0,0,0.1769108157456618,0.4698090387586285,0
MidValue,7452.513631107186,8.916440828528453,2,1,14,0,0,1,0.19012699452914394,0.9334306052781358,1
MidValue,6762.593150686005,8.819309558990925,2,0,67,0,0,0,0.20090487024028375,0.055770678562144516,0
HighValue,3518.5431346378846,8.166086468872468,1,0,54,0,0,0,0.1940046420591501,0.2212361430191922,0
MidValue,4862.900948863357,8.48959605930694,2,1,110,0,1,0,0.15507156913434048,0.4926803461199682,0
MidValue,7016.287643297164,8.856132046758878,4,1,35,0,0,0,0.07482709240373378,0.44103937463135046,0
MidValue,4430.219935537061,8.396430205611342,3,1,106,0,0,0,0.2796954071233738,0.5126653081385094,0
LowValue,4320.759564170467,8.371417904832313,2,1,28,0,2,0,0.14103216788838324,1.050767278690759,0
MidValue,6496.93691894946,8.779240008417915,1,0,98,0,0,0,0.1702267538992059,0.38809323422409786,0
HighValue,4122.650460962386,8.324494084261138,2,1,21,0,0,1,0.2559603738062,0.3282807934664751,1
MidValue,8275.41908335292,9.021165675977858,4,0,25,0,1,0,0.5254342277085873,0.0,0
MidValue,5543.48828301725,8.620559611128751,1,1,49,0,0,0,0.21111442394595284,0.6676792237368899,0
HighValue,4345.688517579136,8.377169573850313,1,1,104,1,1,0,0.37792351035210775,0.6872914880472477,0
MidValue,845.7815639044575,6.741442767536293,1,1,89,0,0,0,0.4880132688238596,0.11374166947246994,0
MidValue,6228.82038234414,8.737102780281468,2,1,55,0,0,0,0.10328218386189073,0.40921921930140653,0
MidValue,2982.2527893036604,8.000769524237565,2,0,49,0,1,0,0.15913415811145326,0.7185390633165644,0
MidValue,5555.709267392467,8.622761353644666,4,0,35,0,1,0,0.2202697130423752,0.7377092129326216,0
MidValue,5533.52860979846,8.618761676167898,3,1,92,0,0,0,0.5468437841310233,0.0,0
HighValue,5831.939872475755,8.671276418535886,1,1,77,1,0,0,0.3535695324082147,0.4116428851850159,1
HighValue,2710.6059074366763,7.905296324134123,4,0,78,1,0,0,0.22984443762061527,0.6504321640689994,0
HighValue,3986.171924706858,8.290837467772665,1,1,17,0,0,0,0.1529284108796961,0.32218034199132595,0
LowValue,5800.949486307277,8.66594925838824,3,1,71,0,0,0,0.07991768576406627,0.38170869889511844,0
MidValue,5909.503622282068,8.684486322045682,1,0,71,0,0,0,0.20382445339985825,0.49824691819149913,0
LowValue,7269.659498681413,8.891602281500052,3,1,68,0,0,1,0.542259365896974,0.23340216145588022,0
MidValue,3929.3987173333735,8.276496154509324,3,1,69,1,0,0,0.34289274581002693,0.685935669736116,0
MidValue,2962.731461807433,7.99420438238154,1,0,40,0,0,0,0.24287904463991788,1.1130362708553818,1
MidValue,2610.212748577469,7.867570047025589,1,1,49,0,0,0,0.42756857435689377,0.3574666707052849,0
MidValue,5182.87791123676,8.553308686681623,2,1,53,0,0,0,0.3541626930817063,0.45737701410144216,0
MidValue,6633.804704662207,8.800084512220412,4,0,117,1,1,0,0.4316431649707328,0.10843596238917724,0
HighValue,4253.793762857329,8.355801570469067,3,0,85,0,0,0,0.06491675971381324,0.8433385239396205,0
MidValue,4111.207743775024,8.321715327204908,4,0,105,0,1,0,0.17729623149920867,0.5088677659600228,0
HighValue,6252.543330235159,8.740903514922366,1,1,112,0,0,0,0.6000353348154114,0.14390482924443698,0
MidValue,5080.07875707936,8.53327887178444,4,1,55,0,0,0,0.07881876159952708,0.5661713616429844,0
MidValue,4612.48277343879,8.43673833306535,2,1,45,0,0,0,0.23237527687815726,0.3760726910540111,0
HighValue,4261.267468328151,8.357556567218818,2,1,21,0,0,0,0.23627663901192403,1.060784432163254,0
HighValue,5156.190655936134,8.548147263686777,2,0,9,0,1,0,0.3557646277595611,0.46839293803958876,0
MidValue,4553.507767173758,8.423872739567923,2,1,76,0,0,0,0.18383160509658986,1.0218957534799704,0
MidValue,5785.106237572358,8.663214846510337,3,1,29,0,0,0,0.29596597305070727,0.7922445256407873,0
HighValue,3830.982508506302,8.251137574494296,2,1,42,0,0,0,0.3648884519921364,0.5044979954255935,0
LowValue,5369.259517564877,8.588631513628458,4,1,3,0,0,1,0.13983087158531915,0.41384590573226826,0
MidValue,3809.9954586953268,8.24564570924243,1,0,27,0,1,0,0.2158076710843459,0.4257276070571323,1
HighValue,3101.049102848977,8.039818173027376,4,1,32,0,0,0,0.7467073240674763,0.17194134369922298,0
MidValue,6155.04968690192,8.725190566222805,4,1,73,0,1,0,0.12833197466482435,0.9376207905507639,0
HighValue,4812.092933849391,8.479095178040316,1,1,68,0,0,0,0.0653506128282052,0.35329415744019876,0
HighValue,4001.9242687954243,8.29478044020143,4,1,68,1,0,0,0.038651457576807144,0.12870410924892323,0
MidValue,3297.9614709252223,8.10136299214408,1,1,73,0,0,0,0.2548845091548091,0.24951290690495131,0
LowValue,4379.174135127653,8.384843759458668,3,1,41,1,0,0,0.08089023144047193,0.35194223559173954,0
HighValue,6787.693483591631,8.823013784304884,1,1,28,0,0,0,0.23289157546279188,0.6196878979867269,0
MidValue,5356.071960496403,8.586172828774947,4,0,81,0,0,0,0.47843067162472536,0.7457424076514909,0
LowValue,6580.403630406601,8.792003319261353,3,1,106,0,0,0,0.14694188230225866,0.1628014789583182,0
HighValue,5946.097672356958,8.690658593374812,3,0,85,0,1,0,0.29488495089873346,0.4503015890326497,0
MidValue,6833.109187722006,8.829681409679885,1,0,97,0,0,0,0.20651975842659273,0.5481167679753604,0
LowValue,5271.279731701925,8.57021813465748,3,0,63,0,0,0,0.43474847673275796,0.7726270214985018,0
HighValue,6210.711928071929,8.734191809734172,3,1,112,0,0,0,0.256412883961796,0.4139291609012514,0
HighValue,2445.967736660903,7.802604878501195,4,0,25,1,0,0,0.21227107436935427,0.6624375833496057,0
MidValue,5492.821443641183,8.611379365879747,3,1,54,0,0,0,0.23813079912188626,0.5514766809573993,0
MidValue,2000.5611219574284,7.601682716041509,1,1,73,1,0,1,0.3444963181495668,0.9070017880539835,1
MidValue,6372.376716077104,8.759884704829979,2,1,34,0,0,0,0.13189413570666142,0.08433262187848328,0
MidValue,9045.53288000332,9.110136856107713,1,0,1,1,0,0,0.06811914181504125,0.4413138902452758,1
LowValue,4631.735870321152,8.440902873284506,4,1,118,1,0,0,0.43671832442841146,0.7554898578453948,0
HighValue,7206.506578697341,8.882878342269317,4,1,101,0,1,0,0.09374264762692874,1.1020313020451153,0
HighValue,6327.575702657492,8.752830482341173,1,1,97,0,0,0,0.17978811658769678,0.18865449653668898,0
MidValue,4669.354998916342,8.44899036467238,1,1,2,0,0,0,0.21660534064071862,0.6604478931815408,0
MidValue,4294.261768344367,8.365267779789173,2,0,9,0,0,0,0.35488533637688774,0.47462208351881185,0
MidValue,5819.900016410642,8.669210170764599,1,1,8,0,1,0,0.30344293022418545,0.5065885984580968,0
MidValue,5250.7374230826,8.566314238567877,3,0,77,1,0,0,0.34762909369302464,0.0,0
HighValue,5250.950039881469,8.566354722788232,4,0,100,0,0,1,0.42702169957812297,0.913326612414322,1
HighValue,4808.311156785896,8.47830914219676,1,1,67,0,0,0,0.15566434493035158,0.3389637501056273,0
LowValue,4482.185533642681,8.408089129344718,1,1,61,0,1,0,0.48128048347988656,0.5217291786978068,1
HighValue,3640.5174744703368,8.200155762347633,2,0,81,0,0,0,0.615097688755549,0.1414813006789934,0
MidValue,2696.160244720047,7.89995473728867,4,0,105,1,0,0,0.30325579817129544,0.1339709186612626,0
HighValue,4853.964276337718,8.48775702258048,1,0,95,0,0,0,0.15355640052023373,0.49351424762343105,0
MidValue,5487.7233625326435,8.610450968761468,2,0,11,1,0,0,0.3723465066808506,0.20660130700296975,0
LowValue,2868.2251064520365,7.961797274545808,1,1,56,1,1,0,0.40234047054722905,0.6240538072314564,0
LowValue,3883.4747081232526,8.26474304339573,3,0,47,0,0,0,0.7076051682560782,0.8164314165512334,0
HighValue,2604.5521032739744,7.865399871567852,4,0,69,0,0,0,0.5765724150371455,0.5196176478931832,0
MidValue,6169.796762522978,8.727583243493026,4,0,90,0,1,0,0.20439793732505956,0.7306605274298998,0
HighValue,6599.855026461625,8.794954469087592,2,1,110,0,0,1,0.5037149166972945,0.35654262909848344,0
MidValue,4186.184774919371,8.339783895668624,2,1,41,0,1,0,0.5149814635150454,1.080856907929494,0
MidValue,4831.81302897356,8.483183984768083,4,1,33,1,0,0,0.062342700543443166,0.7902742842267949,0
HighValue,5479.9770053551665,8.609038649699817,3,1,59,0,0,0,0.45170861338090973,0.05583566333441575,0
HighValue,4625.269392217584,8.439506075470577,3,1,49,0,1,1,0.26541889182861755,0.29473379874179356,0
MidValue,5810.881076995649,8.667659562848975,3,1,12,0,0,1,0.276475193504646,0.2622236857449325,0
LowValue,7685.9793743162945,8.94728318615525,1,0,22,0,1,0,0.13925769044072403,0.4662239389477421,0
LowValue,6506.226798234789,8.780668653388085,3,1,98,1,0,0,0.24628400349050528,0.4997914482051566,0
MidValue,6212.4565368576605,8.734472628268282,2,0,19,0,0,0,0.6690201273181853,0.6664584624757574,1
MidValue,7759.819265765722,8.95684318308984,1,1,91,0,0,1,0.07635536844519906,0.6630069860157735,0
HighValue,3096.691189536481,8.038412335419762,1,1,14,0,0,0,0.23952530929110016,0.9570017406020773,0
HighValue,5521.124533506625,8.616517944482565,4,1,74,0,0,0,0.39514245898478584,0.41490645346150246,0
MidValue,2522.3098509268857,7.833326751614489,1,1,109,1,0,0,0.046766400236924625,0.5826740897257783,0
HighValue,7615.635430586421,8.938090006628732,1,1,44,0,0,0,0.22799576303029753,0.2789219079550367,0
LowValue,6102.310648503697,8.716586632200043,4,0,9,1,0,0,0.4664256285063916,0.26804436165705087,0
MidValue,4886.842767058634,8.494506333202027,4,1,42,1,0,1,0.2062920541647733,0.7277782308366485,0
MidValue,4317.614060164104,8.370689810358144,2,1,110,1,0,0,0.1186716318394664,0.0,0
HighValue,4151.0148945238625,8.331349012152359,2,0,102,0,0,0,0.2862912830820428,0.42139226452355194,0
LowValue,4584.543390987584,8.430663892605539,1,0,107,0,1,0,0.2540678394186033,0.6439911819343305,0
HighValue,2635.257472657322,7.877115566367372,1,0,66,0,1,0,0.13763240171914465,0.623460457920368,0
MidValue,4249.652825107498,8.35482785602993,2,1,33,0,1,0,0.13402782139300845,0.03590208382304594,0
MidValue,4217.157308759892,8.347153654975793,2,0,31,0,2,0,0.6860962149106773,0.5011804984408686,0
MidValue,3716.1383072934605,8.220709378992533,3,0,115,0,1,0,0.5918607482458006,0.6268785286980798,0
HighValue,4192.525808461049,8.341297140801867,4,1,8,0,1,0,0.2130574598952881,0.0,0
MidValue,4603.24014417736,8.434732928381006,2,1,68,0,0,0,0.38849158644636034,0.0,0
MidValue,5348.830529429327,8.584820162646151,3,0,119,0,0,0,0.08541122816048713,0.43070062282251426,0
LowValue,6221.361226065155,8.735904732034863,1,0,97,0,0,0,0.184299953530496,0.7816362300159163,0
HighValue,4405.3936400703615,8.390811865194141,3,0,87,0,0,0,0.46783958430747763,0.6623141029942838,0
MidValue,2033.7461215654184,7.618126334106511,2,1,49,0,0,0,0.23142527120685655,0.523962748295265,0
MidValue,4674.106383246771,8.45000719723859,1,1,21,0,0,0,0.1240688692900807,1.0882018486491694,0
MidValue,3816.4530126737945,8.247338728614627,3,1,15,0,0,0,0.11009196425281649,0.7422893736549512,0
HighValue,4983.108457407913,8.514009821347678,3,1,63,1,0,1,0.34624714829971764,0.46918429412473334,0
MidValue,2791.41347480513,7.93466154561287,2,1,6,1,1,0,0.03128636493133773,0.0,1
HighValue,3753.888903992659,8.230813977606804,1,0,46,1,0,1,0.28731044636230557,0.6343143181639275,1
HighValue,3701.21614683374,8.216686877931918,2,1,112,0,1,0,0.030873774605439892,0.4648413475964081,1
MidValue,5450.033883984645,8.60356057314928,3,1,64,1,0,0,0.17959631729204648,0.3434091854815591,0
MidValue,3766.8289666936516,8.234254243661182,3,1,41,0,1,0,0.2812854169810614,0.04181842361698179,1
LowValue,3744.406734079973,8.228285497284949,4,0,62,0,0,0,0.16634018015867258,0.6278618338250364,0
HighValue,4474.614616949779,8.406398965847837,4,0,29,0,1,0,0.3583046794266511,0.3366047669638703,0
MidValue,5372.320918135342,8.589201416869122,2,1,3,1,0,0,0.021124845881641572,0.0,1
MidValue,3798.4937367205516,8.242623109660146,4,0,49,1,1,0,0.1513536586417672,0.34926599421189575,0
HighValue,2645.0789566226335,7.880834184223134,3,1,70,1,1,0,0.4551624940368202,0.08833589053317614,0
HighValue,3491.3331621650527,8.15832531967227,3,1,27,1,0,0,0.3080975294976187,0.2505178918634614,0
HighValue,4880.363712911212,8.493179909175543,1,1,6,0,0,0,0.12227723786421985,0.0,0
LowValue,5330.786304089783,8.581441602492788,2,0,54,1,0,0,0.5009969684889312,0.5738078664394379,1
LowValue,7088.477135151694,8.866366870001624,3,1,78,0,1,0,0.11369681654225847,0.0,0
HighValue,3079.9786853312607,8.033002580471882,3,0,52,0,0,0,0.2918696862971915,0.38020009623122053,0
MidValue,3738.63510560459,8.226743320302404,4,0,109,0,0,1,0.5604387039013401,0.4143212604337488,0
LowValue,6174.201602267325,8.728296809103696,2,0,74,0,0,0,0.32613926331191195,0.5624965208236304,0
HighValue,3708.745230425876,8.218718482199279,1,0,11,0,0,0,0.23213983599912086,0.6809924825821798,0
LowValue,5453.739478799088,8.604240138886396,2,0,25,1,1,0,0.20960533144947824,0.9800271502169801,0
MidValue,5983.085030767442,8.696858729240429,3,0,13,0,0,0,0.0027777281507459597,1.1174475769657146,0
LowValue,4647.283752375559,8.444253344941949,2,0,50,0,0,0,0.3100877130550769,0.658299392717632,1
LowValue,5930.970915974495,8.688111800341975,1,1,13,0,0,0,0.24894201758089948,0.7288466582402083,0
LowValue,7411.896696860367,8.910976559157,3,0,87,0,0,1,0.18005448426296608,0.1198674637177144,0
HighValue,5995.650022445445,8.698956262693759,3,1,47,0,1,1,0.169132657668867,0.559477635400401,0
MidValue,5925.841756071914,8.687246762607716,4,1,40,0,0,0,0.1260900856935947,0.26979174443588605,0
MidValue,7005.807720378922,8.8546374869178,2,0,46,0,0,0,0.27120228272845215,0.09526075958475161,0
MidValue,6902.023088660033,8.839714723426265,1,0,5,0,0,0,0.17703345103950321,0.1618983553701578,1
MidValue,7260.433960229031,8.890332603498349,2,1,50,0,0,0,0.17590109123850808,0.6277965203047653,0
MidValue,4210.097677714359,8.345478623740535,2,1,7,0,0,0,0.3130452360538115,0.21555573514955784,0
MidValue,4603.26308524612,8.434737910964644,3,1,51,0,0,0,0.4594165902740802,1.073528578864491,0
MidValue,4016.923626073343,8.298520537248319,4,1,6,0,0,0,0.3369898552821089,0.5600189665189524,0
MidValue,4467.50822483942,8.404809901446232,2,0,16,0,0,0,0.17110600015077848,0.5568606990635333,0
MidValue,3028.3505673414893,8.016103541319826,1,0,97,0,0,0,0.3698614982368674,0.5852357904882624,0
LowValue,3345.0443838859915,8.115534146218504,4,0,42,0,1,1,0.1088938765027179,0.3529803337463382,0
MidValue,4673.007610872769,8.449772143439962,3,1,52,0,0,0,0.24637068274303758,0.9134666972742516,0
LowValue,2486.4299808522796,7.819005320235481,1,0,86,0,0,0,0.1956488780173907,0.6879466847488223,0
MidValue,3993.386157429602,8.292645193686104,2,0,31,0,0,0,0.11768727896391948,0.6878351721295592,0
MidValue,3205.326750534806,8.07288124642121,1,1,47,1,1,0,0.24146799311236095,0.0,1
MidValue,6289.843012587441,8.746850364972772,2,1,37,0,0,0,0.4792804887762529,0.2104793675326302,0
MidValue,6563.871557547458,8.78948822181549,2,1,97,0,2,0,0.31264735374796765,0.7874071666184769,0
HighValue,5671.6715209498725,8.643415453473171,3,0,87,0,0,1,0.2654261198266061,0.2758694159603593,0
MidValue,6013.216036443478,8.701881285158603,2,1,30,0,0,0,0.29977629252151494,0.3833422629927929,0
HighValue,7032.365747293544,8.858420639405363,1,1,110,0,0,0,0.20345814810896382,1.0058881698296849,0
HighValue,6172.383179085818,8.728002293865416,3,1,61,0,0,1,0.4791133524055501,0.36019318825498264,0
HighValue,5705.742658961879,8.649403677345832,3,1,4,0,1,1,0.09750174915400776,0.2745699097932221,1
MidValue,2669.0959736748464,7.889869695944854,3,1,82,0,1,0,0.2557316223300991,0.4493336719431868,0
HighValue,48407.97155060828,10.78744043814307,3,1,24,1,1,0,0.18553480235780803,1.2152923365923263,0
MidValue,4943.963604595626,8.506124883988397,2,0,81,0,0,0,0.09869056031344495,0.550547439991892,0
HighValue,6432.510694812174,8.769275654986634,3,0,35,1,2,0,0.47093184893961126,0.25669539096961547,1
LowValue,5216.649782520073,8.559802346257568,4,0,97,0,0,0,0.32812567063183956,0.0073372835690221905,0
LowValue,5286.544268779135,8.57310919566542,4,0,100,0,0,0,0.055378320491846315,0.45574001062371444,0
MidValue,3150.2675094067918,8.055560034823635,2,0,21,0,0,0,0.207709363782762,0.386047611064569,1
MidValue,3987.6434024647597,8.29120645268875,1,0,115,1,0,0,0.3360590222387669,0.8896501902027709,0
HighValue,7114.183060304862,8.869986238977916,2,0,29,0,0,0,0.029937125803027435,0.0,0
HighValue,4452.506240605442,8.401446984152056,1,1,113,1,0,0,0.15679501229508017,0.11408324146153959,0
LowValue,4544.0108795024435,8.421785400338624,1,0,54,1,0,0,0.14934543813041193,0.5020388214926662,0
MidValue,3658.0618950262724,8.204962080707311,2,0,26,0,0,0,0.07632443175892104,0.6138173498633821,0
LowValue,7421.855983179874,8.912319165498632,1,1,69,0,0,1,0.17375716039063252,0.5618450636921207,0
HighValue,3594.697219731048,8.187493192861647,4,1,107,1,0,0,0.05833736661946976,0.7758158000127395,0
LowValue,6107.030561222683,8.717359669800578,4,0,84,0,0,0,0.5826293943900426,0.6057580797716877,0
MidValue,2818.385040465322,7.944274069394297,4,1,81,0,0,0,0.4442738368880606,0.6432895671866832,0
LowValue,2050.859069228256,7.626501524218775,2,1,32,0,0,1,0.14596174852018967,0.8421878118455643,0
HighValue,5200.739801332386,8.55674842579036,2,0,53,0,0,0,0.11885416373642585,0.633033635610911,0
MidValue,4287.6401612125155,8.363724982935342,1,1,73,0,0,0,0.11707337652909071,0.01152174272230827,0
MidValue,6622.644851233624,8.798401079173875,4,0,117,0,1,1,0.1400848981128259,0.9685008303016742,0
MidValue,5961.637150927511,8.693268137184042,3,1,108,0,0,0,0.2656768765710535,0.8257443418611666,0
HighValue,6817.42991118898,8.827384506032471,3,1,66,1,1,0,0.4806576967823383,0.0,0
HighValue,4866.654186562683,8.49036741349097,1,1,20,0,0,0,0.14426145466231263,0.28713375632561355,0
MidValue,4777.976528878346,8.471981687262131,4,0,54,1,0,0,0.2981404664396636,0.651299368690034,0
LowValue,4757.955873163716,8.467783568786405,3,1,38,0,1,0,0.13925650968162637,0.43301949249512545,0
HighValue,8367.985464275098,9.03228794517811,3,1,54,0,0,0,0.3209037259423298,0.5875793774134389,0
MidValue,4297.314746554775,8.365978305455306,3,0,14,0,0,0,0.10650184637979883,0.373851206062653,1
HighValue,6858.000654325732,8.833317032895982,4,0,82,0,1,0,0.5169352462381795,1.1440990401512279,0
HighValue,2329.498258661617,7.753837368617329,3,1,46,0,0,0,0.08656962295483042,0.6698251477866859,0
HighValue,1810.7680393054247,7.502058464780128,2,1,30,0,1,1,0.5875288949753551,1.1969794774624158,1
HighValue,4916.4107475184055,8.500537400127664,3,1,66,1,0,0,0.17021517945444017,0.1294190640792699,0
MidValue,3650.221055102892,8.202816926276594,1,1,27,1,0,0,0.36876667729614293,0.4540842206247626,1
LowValue,1682.9499440441232,7.428897469921135,4,1,71,1,0,0,0.24651501909960208,0.811431812175891,1
MidValue,7805.637401759122,8.962729599769371,1,1,26,1,0,1,0.36526450437291536,0.8987287027911481,0
MidValue,6812.338418878668,8.826637502060017,1,0,49,0,0,0,0.5683660314034638,0.8236101968761123,0
MidValue,6650.583566240295,8.802610235563089,4,0,76,0,1,0,0.15016562430371982,0.5192460185485204,1
MidValue,5294.282505240715,8.574571609821097,1,0,52,1,1,0,0.7383248445355636,0.8423589383815411,1
HighValue,6264.596882018556,8.74282913526108,3,1,85,0,0,0,0.3729585710534015,0.48041437069750603,0
MidValue,3825.4480236627896,8.249692242899599,4,1,40,0,0,0,0.30765485688633043,1.1762192057644216,0
LowValue,5458.1652133968555,8.605051165730623,4,0,28,0,1,0,0.11973594332061982,0.1995838396509187,0
MidValue,5515.216370052559,8.615447464041731,1,1,109,1,1,0,0.41597998590565255,0.4368719895906664,0
HighValue,7122.704114947966,8.871183109991138,4,1,7,0,0,0,0.5112332051758184,0.5760702615014881,0
HighValue,6050.6076504557695,8.708079243073689,1,0,57,0,0,0,0.4219271337602652,0.5263818155299917,0
MidValue,3882.2700981178127,8.26443288644667,2,0,42,0,0,0,0.623307321226408,0.24372559166841473,0
MidValue,3788.1693864827876,8.239902114818207,2,0,37,0,1,0,0.5108596230798168,0.5880407469846767,1
MidValue,7516.264803184886,8.924957627799905,1,1,34,0,0,0,0.09227677468887209,0.47383156979592767,0
HighValue,3764.9532287301927,8.233756289790586,2,0,78,0,0,0,0.2980792144086902,0.18628601201949124,0
LowValue,3609.7806670600826,8.191679279211174,4,0,82,0,2,1,0.33056128634429366,0.24696680588576753,1
MidValue,5415.584538314024,8.597220736817416,1,1,55,0,0,1,0.3941115996082635,0.9624395750318364,0
LowValue,2591.452022595654,7.860359433701255,3,1,108,0,0,0,0.3511836608637708,0.6722385364777208,0
MidValue,2795.5687547881157,7.936148499973399,3,1,90,0,0,1,0.46705613605103335,0.6064694657220016,0
HighValue,6108.845217165326,8.717656719138597,3,1,70,0,0,0,0.20765042865367392,0.3820266432861231,0
MidValue,5864.7863649728715,8.676891829674213,3,1,9,0,0,0,0.4769048941398489,0.08889714617990147,0
LowValue,5683.439108074588,8.645487739588944,2,1,47,0,1,0,0.20244289785857425,0.10181795429289231,0
MidValue,8548.785095848922,9.053661426626487,2,1,52,0,1,0,0.24604964992148928,0.0,0
MidValue,6189.30876091988,8.730740245035596,2,0,67,0,0,0,0.4633127743559202,0.2950545419707977,0
MidValue,6718.395897781335,8.8127535333128,4,0,110,0,0,0,0.09048945480360776,0.12093491467956469,0
MidValue,3330.184456213853,8.111083212287602,3,0,34,0,0,0,0.490850586095493,0.21653735773439675,0
MidValue,4562.181782329577,8.425775418470405,3,1,58,0,1,1,0.3201085948269751,0.4185342356156061,1
MidValue,3534.1234441107035,8.170503498261475,1,1,14,0,0,0,0.11857831208796349,0.4444111407868432,0
MidValue,5432.299945364832,8.600301953082985,3,0,117,0,0,0,0.38726040991341554,0.6478170636273546,0
LowValue,5658.138295966022,8.641026915077882,2,1,73,0,0,1,0.2638135016701831,0.9343247969735777,0
LowValue,4339.534462235649,8.375752767492925,1,0,116,0,2,0,0.5144542864087212,0.5298682196052423,1
MidValue,4956.840230129089,8.508725487414573,3,0,86,0,1,0,0.6052004559775342,0.4125313510192098,0
MidValue,6033.123143865791,8.705185827841186,2,1,22,0,1,0,0.3283944933407143,0.777241977081842,0
MidValue,5512.743714766146,8.614999111498507,2,1,86,0,1,1,0.3922840752377443,0.8216512321664924,0
LowValue,6012.430459601877,8.701750656636559,2,1,88,1,1,1,0.36898312532585065,0.4458970025434071,0
MidValue,4838.2718088570355,8.484519535676045,2,1,99,1,0,0,0.18831417817229834,0.06272324807731283,0
HighValue,3935.306939876307,8.277998237823804,1,1,70,0,1,0,0.1817144931385343,0.2348026614863455,0
MidValue,3497.438972999812,8.160072140272142,1,1,75,0,0,1,0.09833763315499125,0.5929598402643048,0
MidValue,3678.4362069719245,8.210514814798755,1,0,27,0,0,0,0.04652129598818766,0.45246219991638037,0
MidValue,5909.392275574204,8.68446748308308,2,0,11,0,0,0,0.2750465985864109,0.10382804343233631,0
MidValue,5737.919882338976,8.655026297798159,1,1,97,0,0,0,0.3797131855596461,0.9076670288317195,0
MidValue,4589.51409293182,8.431747299600133,3,1,114,0,0,0,0.22131773388987663,0.3752252217598919,0
HighValue,5177.310923322778,8.552234205500387,1,1,4,0,0,0,0.2657741470965674,0.22176811361089643,0
MidValue,2665.077859853451,7.888363705058435,2,0,59,0,6,0,0.580187809086855,0.9483100543844916,1
LowValue,5165.609808392831,8.54997200935148,2,1,11,0,0,0,0.5467130437230948,0.34623957258452287,1
MidValue,5475.2064331384,8.608167883495165,2,1,53,1,0,1,0.21757059776014687,0.8024134666179376,0
MidValue,3533.0822135516064,8.170208916205993,3,0,37,0,0,0,0.40445243727807306,0.4033433319234959,0
LowValue,5691.669143039505,8.646934510810386,4,0,62,0,0,1,0.17610092945332373,0.6924284728366737,0
MidValue,3453.0079623658785,8.147290563963342,4,1,104,1,0,0,0.13208333784573728,0.5657818484654181,0
MidValue,5863.557806047543,8.676682362856887,2,0,60,0,1,0,0.2582423948802605,0.7500543739734944,0
HighValue,5126.522402147619,8.542377858956517,1,0,89,1,0,0,0.2779883739365019,1.2248583823742334,0
MidValue,6329.025778202817,8.75305958751584,2,0,107,0,0,0,0.15228196393432422,0.49873026687447,0
MidValue,6284.870511622462,8.746059617657982,1,1,66,1,0,0,0.33250073562072363,0.0,0
MidValue,7231.66629018345,8.886363028661117,2,0,113,0,0,0,0.43705564824439586,0.34299762217051977,1
MidValue,4400.168301275438,8.3896253076785,2,0,1,0,0,0,0.12336979540657325,0.6290888649602555,0
MidValue,6285.201534957101,8.746112277765796,2,1,24,0,0,0,0.16423628700333034,0.8729686264406171,0
HighValue,4560.330466172021,8.425369628849538,3,0,45,0,1,0,0.4308887387618107,0.5866358105108582,0
MidValue,5103.879207272382,8.53795206866797,4,1,63,0,0,0,0.07737536083959778,0.8191064489939457,0
MidValue,4857.995861784585,8.488587082745648,4,1,84,0,1,0,0.04939883995407103,0.6485573185288598,0
HighValue,3701.119399217663,8.216660745238315,4,0,112,0,0,1,0.36739973793311814,0.8340969803461513,0
MidValue,5306.487292967597,8.576873799409231,4,1,16,0,0,0,0.0649234078480072,0.5141899660612632,0
HighValue,6828.909804311525,8.829066746666735,3,1,23,0,0,0,0.05884727768107101,1.0913437107159392,0
HighValue,4598.2835680042745,8.433655824261479,1,0,71,0,0,0,0.1822357340043483,0.5693597445638433,1
MidValue,6656.747161091955,8.803536442209921,4,1,17,1,1,0,0.2473384549826934,0.35556362099191285,0
HighValue,1082.2447690063086,6.987716231627338,3,0,91,0,0,1,0.3550329852964645,0.3051618725617635,0
HighValue,7456.320622433246,8.916951462788623,1,1,111,0,0,0,0.550045278095148,0.3928669404518257,0
MidValue,3276.4946512438937,8.094834583674325,2,1,110,0,0,0,0.40162368234094253,0.6832171245263607,0
MidValue,5699.1500749426905,8.648247782413355,4,0,37,0,0,0,0.10893012484663434,0.20694237648374925,0
MidValue,7165.367838569813,8.877154227634556,1,1,15,1,0,0,0.5975623551952086,0.13262771869439144,1
MidValue,2823.707289729437,7.946160023957147,4,1,5,0,0,1,0.22890708667138204,0.08544275378298555,0
MidValue,5582.274104474823,8.627530640375072,4,0,67,1,0,0,0.3557326812609283,0.6550809102695604,0
HighValue,7049.992306368607,8.860923638577985,4,0,107,0,0,0,0.3720161205755979,0.7086362867849638,0
MidValue,5188.308582845363,8.554355746253503,3,1,54,0,0,0,0.23741334649743157,0.558904883161113,0
LowValue,4850.838804836285,8.4871130470958,4,1,65,0,0,0,0.04047770462698189,0.5467097279959872,0
HighValue,5059.026836664821,8.529127065956146,4,1,34,0,0,1,0.4123237966272984,0.5530450768006484,0
HighValue,5397.628371719184,8.593900195050384,3,1,111,0,1,0,0.16091772757243542,0.8275071013095014,0
MidValue,5855.162820406884,8.675249859285852,2,0,102,0,0,0,0.16093578877321033,0.2961630954065333,0
MidValue,5855.5118187173175,8.675309452559173,3,1,94,0,1,0,0.1935458637723851,0.6327270976334055,0
HighValue,4079.072376688616,8.313870006625331,1,1,116,0,0,0,0.07651087852070083,0.3873171001625853,0
LowValue,4382.272817883047,8.385550943036352,2,0,118,0,3,0,0.08460390871151031,0.8367322377501281,0
HighValue,6388.824985079137,8.762462158119995,1,0,21,0,0,0,0.2802144545335954,0.5157235124561993,0
HighValue,7203.096803013129,8.882405143603279,4,1,74,0,0,0,0.44220009637512764,0.5566622701182241,0
LowValue,4896.806333791407,8.496542696875636,4,1,33,0,0,1,0.572563813719833,0.5704307416234806,0
HighValue,4564.401231717808,8.426261682204556,2,1,113,0,0,0,0.32917101071257765,0.8894795390386909,0
MidValue,5739.930087742649,8.655376512379265,3,1,32,0,0,0,0.12351810114903104,0.721871667885567,0
LowValue,6526.147784059583,8.783725340336849,1,0,15,0,0,0,0.18455691647313516,0.13668578086840794,0
HighValue,5292.734762140254,8.574279279933933,2,0,61,0,1,0,0.6029024123723206,0.6320015461856772,0
MidValue,5247.14823464833,8.565630576156481,4,1,44,0,0,0,0.6239951231626806,0.722902912317533,0
MidValue,6418.799735950792,8.767142202420336,1,1,104,1,0,0,0.019956023646504183,0.26829750879416936,0
MidValue,5784.80986547082,8.663163623860784,3,1,34,1,0,1,0.5832509358682456,0.7421173421907052,0
LowValue,6662.469211012223,8.804395530466183,1,0,48,0,0,0,0.41611360146926585,0.2870398561563013,0
MidValue,5192.749789392216,8.555211218053522,2,1,1,0,0,0,0.05761972990959927,0.367409114151209,0
LowValue,4738.570754159742,8.463701852394333,1,1,55,0,0,0,0.2905850625222879,0.5304047120350701,0
HighValue,4618.931722253351,8.438135205233538,4,1,50,0,0,0,0.2763222988348184,0.02281607899525606,0
MidValue,3246.4950055296736,8.085639210600439,1,1,48,1,0,0,0.3680251252926827,0.834607209857323,1
MidValue,5874.262041988749,8.678505940909382,2,1,102,0,0,0,0.47214724175553635,0.20007566230663176,0
HighValue,4268.238086006939,8.359190656110984,1,0,47,0,0,0,0.24660183528977178,0.3623875411784425,0
HighValue,7312.44516150784,8.897469736043455,3,1,83,1,0,1,0.14636303759496322,0.08676259034216705,0
MidValue,3680.6848512048377,8.211125766387537,3,0,114,0,0,0,0.3339768815203605,0.0,0
MidValue,5028.488345964531,8.523073537435717,3,0,21,0,1,0,0.15712720437215613,1.0383486320599227,0
MidValue,3811.4015002709175,8.246014584587398,4,1,70,0,0,1,0.3339972246878417,0.8629743077815439,0
MidValue,4958.464677969165,8.509053086065549,3,0,28,1,0,0,0.23911805406696268,0.4907618054411315,0
HighValue,3483.5797815398087,8.156102736739236,1,1,29,0,0,0,0.5569176825556313,0.8217108383910682,1
LowValue,3460.6277685877403,8.149494210772346,1,1,119,0,0,0,0.5302951250627781,0.09298271475381781,0
HighValue,4827.046911984103,8.48219729881978,3,1,110,0,0,1,0.38041906129207054,0.41826560953585495,0
LowValue,5900.1568611753355,8.68290368883831,3,0,71,0,0,0,0.4400355876530458,0.49570040530902354,0
HighValue,7417.298077428169,8.911704940233347,3,1,9,1,2,0,0.24768167396173937,0.6786281971010103,0
MidValue,7216.104483651219,8.884209110402868,4,1,104,0,0,0,0.05239622820648526,0.7503337888295614,0
MidValue,3154.754193120472,8.056982793355996,2,0,13,0,0,1,0.10361279554841246,0.8411713021924917,1
MidValue,4533.264859896377,8.419418245747801,3,1,48,0,0,0,0.40464321385512586,0.6714075645662209,0
MidValue,8045.0308423108545,8.99293418575007,1,0,94,0,0,0,0.3977055705824801,0.6314549383361449,0
HighValue,4217.6955721685545,8.347281253125718,4,1,41,0,1,0,0.41162190558850836,0.46145483135168774,0
HighValue,4604.4890381593195,8.43500414026246,2,1,92,0,0,0,0.23969639285110647,0.017683750174159074,0
MidValue,4208.358072032453,8.345065438098723,1,1,111,0,0,0,0.2536812812304664,0.38825692815814145,0
MidValue,5842.44032434399,8.673074999007211,1,0,27,0,0,0,0.007959684397031996,0.6254136227921521,0
MidValue,6474.7491387622185,8.775819576981478,1,1,74,0,0,0,0.6793058385117442,0.3871906467016918,0
HighValue,5237.746209567472,8.563837475701433,2,0,15,0,0,0,0.6492083189180006,0.5313793570533601,1
MidValue,4000.008188304382,8.294301655419595,2,1,3,0,0,0,0.31794763416502536,0.07500899872842365,0
MidValue,6311.216955348361,8.750242233821632,4,1,100,0,0,0,0.21338695782530534,0.7487925204673467,0
HighValue,5290.554281402893,8.573867296707167,2,1,119,1,0,0,0.47961797030121067,0.8770904226427938,0
MidValue,3051.9112551921853,8.023850924245634,1,0,34,0,0,0,0.5526720724652912,0.17024514695706938,0
LowValue,3657.8224532700597,8.20489664054868,3,1,73,0,0,0,0.05253637921850916,0.3349699519909999,0
LowValue,6910.0698988351105,8.84087973818221,3,1,94,0,1,0,0.3104371294561592,0.4069686356606542,0
HighValue,7156.290273962421,8.875886734965942,4,0,3,0,0,1,0.18773186760952967,0.7130204918279083,0
MidValue,4992.147843862619,8.515821820289077,2,1,101,0,0,0,0.6936413180578463,0.5519950536080049,0
MidValue,6214.8124879240795,8.7348517255571,1,1,21,1,1,0,0.280415602625192,0.32615386061187224,0
HighValue,6446.266494694462,8.77141152068935,3,0,54,0,0,0,0.41269923676618075,0.6921576411192221,0
HighValue,4508.5566902393775,8.413954132818324,4,1,74,0,0,0,0.6515407289543735,0.71378484283623,0
MidValue,4598.3523672755555,8.433670782842677,1,1,48,0,0,0,0.46533938719208656,0.8764220916371679,0
MidValue,5722.260434873291,8.652293928078803,3,0,58,0,0,0,0.10609831412746457,0.7623861291596601,0
HighValue,6109.175032505473,8.717710698646567,2,1,30,0,0,0,0.06968630766697945,0.6296878623616491,0
HighValue,3572.0622393202566,8.181178277216855,4,1,51,1,0,0,0.19046003149799332,0.8106795647034972,0
MidValue,4616.326367843404,8.437571108300524,1,0,109,0,1,0,0.28174247494913646,0.08717406480102541,0
HighValue,6125.96761068617,8.72045522638659,4,0,43,1,0,0,0.25557002171945087,0.5974051872572287,1
LowValue,7306.71971257991,8.896686563256623,2,0,37,1,0,0,0.13057181168066873,0.7082121435605776,0
HighValue,4635.3873832119325,8.441690760764216,2,1,16,0,1,0,0.17856429947562122,0.21529320741567487,0
MidValue,3917.358613578336,8.273428124070445,1,1,64,0,0,0,0.041930798933601014,0.7278432779788491,0
MidValue,4252.066829836518,8.355395608705656,1,1,91,0,0,0,0.6052556534732799,0.6948831217135589,0
HighValue,4382.307565666886,8.38555887036544,1,1,84,1,0,0,0.30774428372789603,0.5591164749204762,0
MidValue,4832.174117331273,8.483258697956176,1,0,10,0,1,1,0.694175682223456,0.39932906776925475,1
LowValue,3023.880657664842,8.014626917675068,2,1,74,0,0,0,0.25645432087498415,0.3517697894811189,0
MidValue,6190.072066614701,8.730863543996579,2,0,102,1,0,0,0.18334766772897423,0.8632565399324895,0
LowValue,1824.5277603642526,7.509624407972262,1,0,80,1,0,0,0.05713047137552323,0.43296003614726436,0
MidValue,2525.4116913296198,7.834555271154389,1,1,93,1,0,1,0.24639588934660095,0.4399362358094387,0
LowValue,4090.4386583044497,8.316651937383938,1,0,58,0,0,0,0.5450575648495155,0.0,0
MidValue,5889.237390012356,8.681051579740473,1,1,42,0,0,0,0.49745791520194793,0.11046554437274919,0
HighValue,3834.9119592490133,8.252162484553558,4,1,7,0,0,0,0.15043200362284959,0.29421769866035996,0
MidValue,5546.714854707033,8.621141384062536,1,1,78,0,1,0,0.22433148303619535,0.8852301100102969,0
MidValue,5096.340247039113,8.536474162485055,4,1,84,0,1,0,0.4902113634590588,0.784044544850109,0
LowValue,2443.714733747425,7.801683721788176,2,1,28,0,0,0,0.1577905134484939,0.6264454108696199,0
LowValue,6855.982651595583,8.833022777252811,4,0,118,0,0,0,0.27916450325801856,0.6203227838926383,0
MidValue,4766.202950635583,8.469515028377783,2,0,53,0,0,0,0.122311856970441,0.268109010468488,1
MidValue,5107.092592831143,8.538581344010678,1,1,13,0,0,0,0.1894054942850731,0.9272693902680496,0
LowValue,2868.83634798788,7.962010285520862,3,1,7,0,0,0,0.03883580786810843,0.3536304955757869,0
MidValue,4829.472656469032,8.482699600340991,4,0,79,0,0,0,0.12983768238619084,0.9833609344254026,0
HighValue,6320.015445810053,8.751635146039959,2,0,40,0,0,1,0.16997640332425276,0.06055633176083375,0
HighValue,4637.663384503415,8.44218154003738,4,0,33,0,0,0,0.5130740011031495,0.7627073450864605,0
MidValue,3688.6001099342116,8.213273359870438,2,0,21,1,2,1,0.28616946741300775,0.26965468705279516,1
MidValue,4917.997562537091,8.50086004127521,1,1,70,0,0,0,0.5007732958011115,0.8009516600167654,0
HighValue,4957.336539842265,8.50882558843639,1,0,91,0,0,0,0.20529246314178343,0.43800418024899035,0
MidValue,6340.990587768437,8.754947970986255,2,1,15,0,0,1,0.13119695989698407,0.09486560471815236,0
LowValue,6686.612190316671,8.808012167185664,3,0,59,0,0,0,0.16174582827998787,0.534485160577762,0
HighValue,6768.9128047447675,8.820243486169725,3,1,33,0,1,1,0.034264951342056406,0.13687825758486188,0
HighValue,5071.619494965284,8.531612628833102,4,0,109,0,0,0,0.38424363727096655,0.7789507038382316,0
LowValue,7652.210551043828,8.942880518654626,2,1,66,0,0,0,0.32889403398235645,0.27201877178119194,0
MidValue,2019.0713031902114,7.610888088381285,3,0,10,0,1,0,0.38624623294359556,0.5243194589193213,1
HighValue,5973.421540689462,8.695242558839274,1,0,22,0,1,0,0.2764811590514876,0.32766622388726485,0
MidValue,4515.415326118664,8.415473888737564,2,0,39,0,0,0,0.5253934368896284,0.7796761910517258,0
HighValue,2356.122746095809,7.765196978837608,3,0,78,1,0,0,0.2668052965875319,0.38693605606741843,0
MidValue,3567.980544422559,8.180035272206757,1,1,113,0,1,0,0.3621988866311006,0.0,0
MidValue,5357.738045371446,8.586483787048293,1,0,6,0,0,0,0.19966785722485214,0.9267896977065087,0
MidValue,5386.47318096536,8.591831756388542,4,1,35,0,0,0,0.21013469901268692,0.6546727005271671,0
MidValue,4406.2174026106295,8.390998794828018,2,1,68,1,0,0,0.21487862916197126,0.32529570802145014,0
LowValue,5388.061606417004,8.592126549751063,2,1,69,0,0,0,0.3306876566400058,0.0,0
MidValue,4185.674950489171,8.339662129972147,4,0,36,0,0,0,0.13812639863060824,0.13460684085145075,0
MidValue,6025.855330934808,8.703980649699819,4,0,39,0,0,0,0.22225156066863358,0.32132070614652597,0
MidValue,5481.480586824175,8.609312939350831,4,0,92,1,1,0,0.39960567717978746,0.76009846466583,0
MidValue,3358.558966236549,8.11956498429325,3,1,1,0,0,0,0.6292784111178565,0.45318005686759266,0
MidValue,5280.319120636803,8.571931178951067,1,1,61,0,0,0,0.5381335433215242,0.0,0
HighValue,6256.1782825218015,8.74148460888344,4,1,21,0,1,0,0.08066741545275057,0.33627620042985856,0
HighValue,3947.510197466562,8.281093621552147,3,0,79,0,1,0,0.4062347916661678,0.3206335962978118,0
LowValue,2890.115234655554,7.969397601012887,2,1,85,0,0,0,0.4202943009085478,0.8647820927367533,0
MidValue,4308.350565634873,8.368542490917122,2,1,46,0,1,0,0.14850849281524212,0.7679813849697965,0
HighValue,5972.390697837797,8.695070001247366,4,1,62,0,0,0,0.16673107460957612,0.9790680598488049,0
HighValue,4330.3090436795355,8.37362509486366,1,0,11,0,1,0,0.07573976257855736,0.6126155418547836,1
HighValue,6028.681008029018,8.704449387497558,2,1,112,0,0,0,0.5910107395630002,0.8965225260680301,0
HighValue,2650.4852968701066,7.882875251349706,3,1,76,0,0,0,0.383482784007293,0.6296709529915521,0
HighValue,3563.752697334826,8.178849960830664,1,1,25,1,0,0,0.5238022301053447,0.04943132792539173,1
MidValue,5663.149622837036,8.641912051485988,3,0,81,1,0,1,0.08229922843663848,0.8572027168850147,0
LowValue,5426.966267570667,8.599319806412728,1,0,16,0,0,0,0.532439715435266,0.5066103509460499,0
LowValue,4603.882155050707,8.434872357710649,1,1,24,1,0,0,0.11442895049780029,0.0705289359127253,0
HighValue,4034.068474210544,8.30277855062463,1,1,11,0,0,0,0.22822362371182475,0.4984021035321808,0
LowValue,6342.528539025376,8.755190444510452,3,1,76,0,0,0,0.5478853061899895,0.7946665594865909,0
HighValue,4632.532313026964,8.44107477478617,2,0,17,0,0,0,0.30230276528270095,0.5735570229925525,0
MidValue,7382.75588524804,8.907037715675203,2,1,61,0,0,0,0.2452954610215128,0.28434916418838085,0
MidValue,4982.900845562132,8.513968165719255,1,0,18,0,0,0,0.16186272138711844,0.7464121139755027,0
HighValue,5035.016599510921,8.524370691328567,4,0,78,0,1,0,0.13920322950296488,0.6897283571363824,0
MidValue,4247.279879955955,8.354269445863489,2,0,8,0,1,0,0.11996232600547181,0.3185552268238867,0
LowValue,6684.320162242783,8.807669381020908,1,1,96,0,1,0,0.12016055834720467,0.7273783628568233,0
LowValue,2977.629914297144,7.9992187134743045,1,1,10,0,0,0,0.47674227110671435,0.28065398490829235,0
MidValue,6159.5239840473505,8.725917115255319,3,0,72,0,0,0,0.32216173905624906,0.2759587395572847,0
MidValue,4458.608329782937,8.402816222723526,3,1,102,0,1,0,0.1081474545057846,0.33832400477434926,0
MidValue,3219.266467329834,8.077219388943686,4,1,37,0,0,0,0.5228360894265868,0.611721638419418,0
LowValue,5315.144310823434,8.578503565970212,2,0,41,1,1,0,0.12774647884559498,0.43902466069571716,1
MidValue,3688.8029479551687,8.21332833397049,2,1,90,0,0,0,0.06570067419532323,0.5034783400447955,0
MidValue,6997.241430149806,8.853414172211036,4,1,39,0,0,0,0.2493904362479337,0.2632811332093348,0
MidValue,4142.506176342639,8.329297610898012,1,1,66,0,0,0,0.45256044124022465,0.06361629080351333,0
LowValue,3318.238345750199,8.107490621660471,2,1,117,0,1,0,0.36460030660736503,0.07624415021344977,0
LowValue,3139.000605942347,8.05197827187755,3,1,104,0,0,0,0.2030997960901793,0.6773284717938,0
MidValue,7347.95432508761,8.902313313390168,1,1,61,0,0,0,0.5063268263619239,0.09603824246731474,0
MidValue,5326.63788679159,8.580663245719787,4,1,102,0,1,0,0.2635696311746912,0.7540202841713716,0
HighValue,4295.516868178358,8.365559942773352,4,1,7,0,0,0,0.2123268737721076,0.22072889106428106,0
HighValue,6042.886161282858,8.706802488219031,3,0,106,1,0,0,0.22652186077861894,0.14782162873712018,0
LowValue,4917.28793004283,8.500715767228062,4,1,51,0,0,0,0.05889133020274293,0.16308439035991568,0
MidValue,4937.635396091101,8.504844336412797,4,0,95,0,2,0,0.37119639821024314,0.5058344963161892,0
MidValue,6486.945629779397,8.777701215639821,4,0,105,0,0,0,0.17344499674286942,0.1276362759834595,0
LowValue,6119.803679960294,8.719448687139572,3,0,43,0,0,0,0.26753573904907263,1.214010362579958,0
MidValue,2584.2254070534354,7.857567981227433,2,1,96,0,0,0,0.058778482514348626,0.0,0
LowValue,5086.778986390321,8.534596665867042,3,0,6,1,0,0,0.1147356948276786,0.6625183803686172,0
HighValue,6326.562500299677,8.752670369936624,2,1,64,0,0,0,0.19911392433000655,0.7485693990688946,0
LowValue,5492.501502252228,8.611321127600847,2,0,74,0,0,0,0.19185573164479053,0.0,0
MidValue,5240.972158850997,8.564453072700037,1,1,27,0,0,0,0.10670808635093519,0.4208549673677282,0
MidValue,1867.653942178556,7.53297363363916,4,1,26,0,0,0,0.19401223519044497,0.5052821799067454,0
MidValue,6632.983084999239,8.799960669759889,4,1,70,1,1,0,0.1202161240456597,0.6925271963042252,0
HighValue,3971.705486685205,8.287202624369526,1,1,87,0,1,0,0.4226551840638376,1.1578268847944306,0
LowValue,5036.748199449668,8.52471447540341,1,1,80,0,0,0,0.21243082971552774,0.4285759041515113,0
MidValue,6290.9597186802275,8.747027862167883,1,1,21,0,0,0,0.2014521595045353,0.7158595495495952,0
MidValue,6626.942254707561,8.799049666183148,4,1,118,0,0,0,0.14010981680299753,0.07613822090291461,0
HighValue,3839.8519245818507,8.25344947633537,2,0,16,1,0,0,0.356952902071837,0.41568018325917966,0
MidValue,5665.059387933221,8.642249161792154,3,1,13,0,0,0,0.23218461117203135,0.8406970637171247,0
HighValue,4367.6031834183,8.382198599332915,2,0,39,0,0,0,0.03802936822882187,0.3413400375079062,1
LowValue,4899.424127044455,8.497077036892602,3,1,94,0,0,0,0.3670331112513806,0.5445694918859262,0
MidValue,5144.497895005383,8.545877416181783,4,0,50,1,0,0,0.5044275414480507,0.39139757894154203,0
LowValue,6670.694022186393,8.805629083002927,4,1,53,0,0,0,0.5785478524965939,0.6269879960868644,0
HighValue,4343.769688926592,8.37672803029384,2,0,22,1,1,0,0.4435253371740701,0.2622903731000418,1
LowValue,7454.689869096741,8.916732760690353,4,1,112,0,1,1,0.12277469673811821,0.5939165814057543,0
MidValue,5563.754479902826,8.624208144120546,3,0,19,1,0,0,0.1848979555641715,0.3569753725091225,0
MidValue,1520.3371822191684,7.327344952253142,4,1,45,0,1,0,0.3034655344172415,0.23539545409423168,0
HighValue,4958.909327538473,8.509142738813667,4,0,15,0,0,0,0.41055163721755594,0.6059932646642403,1
HighValue,2452.6104672482506,7.805315878868645,3,1,49,0,0,0,0.637292144846254,0.7631555678558636,0
HighValue,5544.9956518596955,8.620831442161657,1,1,76,0,0,0,0.1348389684915303,0.47125950443778464,0
MidValue,5036.246058454069,8.524614794751857,2,1,90,0,1,0,0.23639972318785638,0.73869250631367,0
MidValue,5053.118889935823,8.527958811600191,2,0,58,0,1,0,0.27999602748600616,0.37682790221000656,0
HighValue,8375.688810833533,9.03320798541958,1,0,5,0,0,0,0.4016124860037971,0.0,0
HighValue,4442.490453007021,8.399195484646238,3,0,99,0,0,0,0.2378929943202383,0.8710681659424053,0
HighValue,5671.214477656832,8.643334880906227,2,0,41,0,0,0,0.21667170659732263,0.268822228531167,1
HighValue,9744.312397813494,9.184541668668833,1,0,8,0,1,0,0.14062312512273223,0.6350725991441055,1
MidValue,6707.436418466503,8.811121180228513,2,0,43,0,1,0,0.5363734909605413,0.23951780426582558,0
LowValue,5480.436935581991,8.609122560092104,3,1,29,0,0,0,0.36141594488186873,0.31759314540247663,0
LowValue,5801.3210663124255,8.666013300329281,4,1,68,1,1,1,0.24465156895825144,0.0,0
MidValue,4770.589283723411,8.470434711559728,4,0,15,0,1,0,0.13785631630456333,0.7275340791173286,0
LowValue,6313.511889375581,8.750605737953338,3,0,108,0,0,0,0.3725093564119791,1.1266309572268711,0
MidValue,3285.9183480776837,8.097705732490965,3,1,82,0,0,0,0.537488697254929,0.7076436175127572,1
HighValue,5303.135360853754,8.57624205206301,1,0,64,0,0,1,0.05092402643165101,0.2029395938696968,0
MidValue,3974.672207950989,8.28794912170962,3,1,26,0,3,0,0.12252842897344912,0.7694643385943593,0
MidValue,5768.794396093678,8.660391725607937,3,0,119,1,0,0,0.5356136179117886,0.23617257951953607,1
MidValue,7055.362186108325,8.861684926600047,2,1,20,0,0,0,0.17281205183991635,0.8747222188302359,0
MidValue,3076.8855692299458,8.031998136719421,1,0,17,0,1,0,0.24166040169129044,0.4919122805204277,1
MidValue,5117.40584807396,8.540598311753596,1,1,76,0,0,0,0.38223401324150463,0.44382939507570096,0
HighValue,5722.663483882093,8.652364348571126,3,1,40,0,0,0,0.3612871868976758,0.3871746589250119,0
HighValue,4146.199575869755,8.330188584448836,1,1,104,0,1,1,0.10380914351216591,1.0995317714338648,0
MidValue,5341.065858728363,8.583367722071703,1,1,97,0,0,0,0.298039850428671,0.2676686556808098,0
LowValue,6210.3600000062015,8.734135152561477,1,1,116,1,0,0,0.08846106041792991,0.6198247011131042,0
MidValue,5443.666981808752,8.602391873130987,1,1,51,0,0,0,0.5207040155365993,0.984362743874792,0
MidValue,4345.352337020066,8.377092229094925,4,1,27,1,0,0,0.3892337036948201,0.5254918973329453,0
HighValue,6571.929997111913,8.790714978140214,3,1,59,0,0,0,0.12726202527194008,0.5806748177648838,0
MidValue,7492.500687979002,8.921791348895148,2,1,63,0,1,0,0.3253067119523791,0.4085358752003336,0
LowValue,5332.69319673526,8.581799184665377,4,1,99,0,0,0,0.13599711996256472,0.6775824700647566,0
LowValue,6701.395772523836,8.810220319451917,1,0,63,0,0,0,0.5755384548110514,0.06847314284045664,0
HighValue,5567.138073190046,8.624815999334322,1,1,22,1,0,0,0.15145638076534756,0.5488329803628451,0
LowValue,3171.821770957101,8.06237661949095,1,0,5,1,0,0,0.5672580225307016,0.1071929088886851,1
HighValue,6332.919440920483,8.753674508501835,4,0,119,0,0,1,0.2763946875913593,0.6942806883780199,0
HighValue,6816.9688275839735,8.827316880611123,1,1,21,0,0,0,0.24542664910083942,0.8873807881008278,0
HighValue,6986.530886101015,8.851882537646933,2,0,3,0,0,0,0.1835944777173932,0.5544511593071088,1
HighValue,4906.387175258812,8.498496935618137,3,1,111,0,0,0,0.3995671758613336,0.0,0
HighValue,9128.557504098579,9.119272506269759,1,1,47,0,0,1,0.16366789335211337,0.0,0
HighValue,6031.213432845599,8.704869292491123,1,1,30,1,0,0,0.2984682964880393,0.576957714316864,1
MidValue,5099.29755943535,8.537054161997737,3,0,8,0,0,0,0.08703530740750078,0.5966854414954089,0
MidValue,3230.702702252544,8.080764429720855,2,1,76,0,0,0,0.42674965097667256,0.0,1
MidValue,3759.647236532862,8.232346358945763,2,1,76,0,0,0,0.11688229059783867,0.7582418905357855,0
MidValue,4108.92744509353,8.321160654072544,3,0,3,0,0,0,0.20784117553799805,0.8930347221035622,0
HighValue,3147.761868526959,8.0547645969418,1,1,98,0,0,1,0.40900898843541045,0.11872879908080153,0
HighValue,7667.134300577833,8.944828618432847,1,1,36,0,0,0,0.43305570538744603,0.372359209204876,0
LowValue,6206.906791009941,8.7335790474156,4,1,76,1,1,0,0.07166518020537177,0.032591917016284666,0
LowValue,1873.385220675218,7.536036002332804,3,1,62,0,0,0,0.10982128194086095,1.2162643464565037,0
HighValue,5112.453138617932,8.539630215956091,2,0,23,0,0,0,0.1935726849847032,0.5300871012244562,0
MidValue,5477.756998935111,8.608633529201537,4,0,48,0,0,0,0.2260790312055323,1.0492605194550912,0
MidValue,5106.209861548042,8.53840851872445,3,0,81,0,0,0,0.11002307892524973,0.8649131087295405,1
HighValue,9184.733988639324,9.125406906121055,2,1,76,0,0,1,0.4394207458916982,0.5386326867890787,0
MidValue,4027.1520785304137,8.301063008470924,1,1,2,1,0,0,0.501118861346463,0.4064769615586858,1
MidValue,7551.789174081758,8.929672201052403,2,1,60,1,0,1,0.2301806242609921,0.8047021888685606,0
MidValue,4873.760535783127,8.49182626136048,3,0,83,0,0,1,0.383920677929761,0.25006006031919015,0
HighValue,8426.068092857065,9.039204196059758,2,1,34,0,0,0,0.18182689640342117,0.14056644448149452,0
MidValue,536.5922134265002,6.287100305150363,3,0,4,0,0,0,0.49366074771430296,0.004401231061810951,1
MidValue,5369.417465779323,8.588660924849874,3,1,118,0,0,0,0.5479163851750284,0.8038904884946503,0
LowValue,8105.326818402927,9.000400124461231,1,1,60,1,0,0,0.1019457369883288,0.8740292107627674,0
MidValue,5932.33999039702,8.688342569588464,3,1,11,0,0,1,0.30724640633487893,0.48511999851190735,0
LowValue,3272.331493303045,8.093563550552865,3,1,105,0,0,0,0.11422701165408589,0.4054884592925443,0
MidValue,2360.954123819599,7.767244573969025,2,1,60,0,0,0,0.10186718198718953,0.8137604339696698,0
MidValue,3826.4987226493813,8.249966793802033,3,0,75,1,0,0,0.36823566967154975,0.444194274921274,0
LowValue,3196.135479812504,8.07001052533196,3,0,100,0,1,0,0.39517347077578396,0.4581824406620656,0
LowValue,2961.276833236747,7.993713452052901,3,1,34,1,0,0,0.0748580571001878,0.8160159186898409,0
LowValue,7586.635981340962,8.934275356965443,1,0,29,1,0,1,0.2545560039804141,0.3113683738293801,1
MidValue,5003.67351327229,8.518127457508186,1,0,27,0,1,0,0.05821227139187184,0.8266655492064549,0
MidValue,3620.755387633869,8.194714100998171,2,0,29,0,0,0,0.4499163147507127,1.1040225636054513,0
HighValue,3292.5930630286525,8.099734364256202,4,1,52,0,0,0,0.151832377670364,0.8285236147897477,0
LowValue,2924.5203872463335,7.981227654011506,3,1,92,0,0,1,0.14984707423901839,0.0,0
HighValue,5836.987505664598,8.67214141123784,4,1,80,0,0,0,0.37953708111651147,0.9649551789571422,0
MidValue,5431.59318839671,8.600171865853078,3,1,119,0,1,0,0.7841096122761783,0.8650777907791403,0
LowValue,3793.572232624233,8.241326964800411,1,0,58,0,0,0,0.13513204374451276,0.7668390513743519,0
LowValue,7551.835353360761,8.929678315235755,1,1,97,0,0,0,0.2737575306523967,0.6433177654436384,0
MidValue,3640.9665089186396,8.200279064451378,4,1,17,0,0,0,0.18011862876943208,0.7093126582353153,0
MidValue,4033.7913487497963,8.302709869020008,2,1,63,0,0,0,0.15581129456888126,0.6119682096399833,0
MidValue,5321.318711320208,8.579664335374064,2,1,63,0,0,0,0.3622957812737895,0.1462706288368043,0
HighValue,3382.46776612029,8.126656428841113,4,1,84,0,0,0,0.2898598717987493,0.8143291562563904,0
MidValue,5647.740216612042,8.639187828767723,4,1,16,0,0,0,0.23554053513073056,0.45447810342334144,0
LowValue,2857.9782545959674,7.958219586345841,2,0,9,0,0,0,0.17697622974579127,0.9602468716960868,0
MidValue,3728.1173037672534,8.223926836848777,3,1,9,0,0,0,0.32570355370767945,0.31570012404085523,0
LowValue,7389.486971018197,8.907948907714127,2,0,102,0,0,1,0.2230302038750679,0.3379404840230885,0
HighValue,5248.101570542268,8.56581221152084,2,0,54,0,0,0,0.2333889665013138,0.16077338874534491,0
LowValue,5620.946193913013,8.634433180789767,2,0,81,0,0,0,0.20343277224922726,0.442913353432813,0
HighValue,4204.675020420308,8.34419008756668,4,1,9,0,0,0,0.14958811143870598,0.5342544778398706,0
HighValue,6252.586624402915,8.740910438040284,2,1,51,0,0,0,0.21511256262110823,0.627331751456865,0
MidValue,4815.864165329884,8.479878407214535,1,1,8,0,0,0,0.050823329012024646,0.3119949078299903,0
HighValue,3447.4082924985532,8.14566803907089,1,0,116,0,0,0,0.2279632322870878,0.8041515919727955,1
MidValue,7294.166213363732,8.89496724525712,2,1,112,0,0,0,0.41038356662761966,0.408021688252035,0
LowValue,5470.303706385262,8.607272204565726,2,1,57,0,0,1,0.05233668350720254,0.4544347559087752,0
HighValue,6683.691867018307,8.807575395282742,1,1,105,1,0,0,0.2640725348282118,0.6279322922818505,0
LowValue,4671.151792300948,8.449375013770723,1,0,7,1,0,0,0.17495159759650666,0.0,0
MidValue,3695.4605814855117,8.215131041200411,2,0,72,1,0,0,0.46967607590739713,0.5986755187926639,1
MidValue,5698.200876301632,8.648081246854039,3,0,62,0,0,0,0.07930783601503728,0.7808993859050504,1
MidValue,5737.579381584351,8.654966964184295,1,1,48,1,1,0,0.2949690069797594,0.5990723299479748,0
MidValue,5765.95941653762,8.659900256402793,2,1,12,1,0,0,0.11135931992046015,0.5356457327782652,1
MidValue,6038.900333780468,8.706142789762993,3,0,9,0,0,0,0.32366589307276894,0.45021890001726983,0
MidValue,3945.619308032983,8.280614620044085,4,0,106,0,0,0,0.5803600370539397,1.0492186284631522,0
LowValue,7905.579355669564,8.97545052167637,1,0,114,0,0,0,0.3037153940939947,0.16131317212744878,0
MidValue,6047.2580934688185,8.70752559113351,2,0,55,0,0,1,0.1601441821309963,0.3301684511148495,1
MidValue,6331.126751981217,8.753391438485519,2,1,47,0,0,0,0.47573273420847423,0.8206145223368366,0
MidValue,2186.401733515878,7.6904696954014415,2,0,84,0,0,0,0.4110914604875963,0.14473757108026075,0
MidValue,2628.7924541290613,7.87466020727805,2,1,40,0,1,0,0.2551789817712593,0.11803273533270914,0
MidValue,3453.6540824195613,8.147477610326698,4,1,38,0,0,0,0.34966486640270794,0.542190343235786,0
LowValue,2510.0629061961554,7.828461411092351,2,1,31,0,0,0,0.11511752991502341,0.6727673130183994,0
LowValue,4557.830986083578,8.424821506940928,1,1,42,0,0,0,0.3067354056406338,0.945913126603827,0
MidValue,5615.169784496642,8.633405177530827,2,1,54,0,0,0,0.20938684561358298,0.608579905537536,0
LowValue,5415.614861782173,8.597226335065363,4,0,1,1,0,0,0.2867404840329178,0.11818299402263249,0
HighValue,6089.513864621781,8.714487735571506,2,1,55,0,0,0,0.10088136018281156,0.5579905384489539,0
MidValue,8812.414704474968,9.084030237986545,1,0,102,0,0,0,0.2544767356589597,0.14845579093629307,0
MidValue,3156.0969236105084,8.057408189262048,2,1,99,0,0,1,0.27557468317545436,0.0,0
HighValue,3719.55503408238,8.221628138847892,2,0,113,0,0,0,0.09618660042981794,1.0280174676638927,0
HighValue,6635.589499445739,8.800353480916066,4,1,37,0,1,1,0.195003236013928,0.7002082712328532,0
HighValue,4114.700742224542,8.32256438834002,3,1,60,1,1,0,0.17195976442639846,0.7697954228991948,0
MidValue,2972.508368773555,7.997497803594867,1,0,56,1,0,0,0.5290416466750524,0.5003632354948588,1
HighValue,3696.5491122128933,8.215425477042489,1,1,59,0,0,0,0.23911734581728308,0.46210412317027005,1
MidValue,5354.971955507337,8.58596747070836,4,0,52,1,0,0,0.27054552630234546,0.7959743892787613,0
HighValue,5115.43888330917,8.54021394543625,2,0,83,0,0,0,0.3293902849813018,0.6664518294802644,1
HighValue,5022.1680545845475,8.521816100205013,2,0,73,0,0,0,0.3766457139357883,0.6068099036138612,0
MidValue,5515.825515313368,8.615557886039173,4,1,58,1,0,0,0.20832488606478178,0.17512149671747745,0
HighValue,5644.52278757403,8.638618083026216,1,1,9,0,1,0,0.31271429455903743,0.839487367546234,1
HighValue,3172.4482262472784,8.062574044212083,3,1,97,0,0,0,0.15491472623898328,0.30630280072482996,0
MidValue,4035.8915316185703,8.303230251930808,4,1,76,0,1,0,0.07557742022395798,0.0,0
HighValue,6091.2064405267965,8.714765600592372,2,1,73,0,0,0,0.32509625068058046,0.5869191167819584,0
MidValue,5590.057437497604,8.628923714180388,1,1,39,1,0,0,0.19538080207003644,0.7002945293948011,0
MidValue,3050.517664480106,8.023394340753672,3,0,67,0,1,0,0.20585833532501163,0.3063049219972264,0
HighValue,4801.488058421071,8.476889408105746,2,1,21,0,1,0,0.4011899328145162,0.5726194946662584,0
MidValue,5308.017093911607,8.577161992377246,2,0,111,0,0,1,0.14001966667580432,0.7374947417012649,0
HighValue,3030.2547049318246,8.016731906827046,1,1,56,1,0,0,0.4169245634234552,0.3708295142042176,0
MidValue,621.5496428156539,6.433823372654227,2,1,13,1,1,0,0.39151335598325077,0.60510508582898,1
MidValue,3541.0006851692206,8.172447011784099,1,1,40,1,0,0,0.025368661445929797,0.6010800046161999,0
LowValue,6557.491796935853,8.788515946501327,2,1,87,0,0,0,0.2887025563339635,0.0,0
MidValue,2926.4975860302957,7.981903270887518,1,1,18,0,1,0,0.09749698720638947,1.0536386457054303,0
MidValue,5309.432381769266,8.577428538749405,1,0,100,0,0,0,0.5639584525508828,0.6150472545191995,1
MidValue,3141.367523100972,8.052731783044676,2,1,29,1,1,1,0.36448919764039095,0.2508120274196908,1
HighValue,4223.847185186774,8.348738369950592,1,0,93,0,1,0,0.09570080626945662,0.7401674561571121,0
MidValue,8121.025443883293,9.002334840952896,4,1,31,0,2,0,0.19480456267087198,0.09852672784541755,0
MidValue,5828.874292931163,8.67075071700764,4,1,102,1,0,0,0.11371593745827302,0.16964258150747136,0
MidValue,7744.7715389149,8.954902365567301,1,1,115,0,0,0,0.27691474030807595,1.0722820499041812,0
HighValue,1141.100386205655,7.040624290210479,1,1,54,0,0,0,0.41358543323703584,1.0112538316815627,1
MidValue,5010.163314475219,8.519423365623059,3,1,86,0,0,0,0.14044439898070424,0.12290233414419938,0
LowValue,6244.3137814782785,8.739586666530139,1,1,54,0,0,0,0.41050409364259927,1.0366787274729423,0
MidValue,5574.951617448612,8.62621827547456,4,0,65,0,0,0,0.15587438316291832,0.8104128660941056,1
MidValue,5119.247157020492,8.54095798972402,3,1,113,0,0,0,0.2650131613137207,0.07403460073443524,0
MidValue,3690.522525782216,8.213794260548113,4,0,6,0,0,0,0.30140324854704204,1.0516889548422366,1
MidValue,7095.978569051502,8.867424418801034,2,1,107,0,0,0,0.6306679936367825,0.3786292738458533,0
MidValue,4228.071018199182,8.349737630473879,3,1,26,0,2,0,0.2867531939002519,0.6229479781256712,0
MidValue,7537.497213686156,8.92777813260773,4,0,83,0,0,0,0.08272982306782294,0.3656960585774953,0
HighValue,5170.431995457854,8.550904910863439,1,0,99,0,0,1,0.3728307764466446,0.9481443592436121,0
LowValue,6819.162652463953,8.827638599888008,1,0,86,1,0,0,0.21551655566017636,0.914063487923549,1
HighValue,3363.0527621307547,8.12090170531311,1,0,117,0,0,0,0.10456112974289425,0.6609640631328214,0
HighValue,5168.098870413582,8.550453652583933,2,1,40,0,0,0,0.26986004264231894,0.720548353543502,1
MidValue,6286.858142247602,8.746375773779434,4,1,115,1,0,0,0.07606577643304138,0.4591092161690431,0
MidValue,3723.9823822523495,8.222817401205791,1,1,89,0,0,0,0.17632676655999763,0.0895575477950935,0
HighValue,3325.363025551386,8.10963480158724,4,1,99,0,1,0,0.3257638515092104,0.16692028640395346,0
HighValue,4119.266687547463,8.323673170235924,3,1,3,1,0,0,0.16782433972616417,0.0,0
MidValue,4185.27300113859,8.33956611854267,3,1,118,1,0,0,0.1681935827734066,0.6876970719651998,0
LowValue,7718.895705024772,8.951556133215748,1,1,13,0,0,0,0.11258458818060875,0.13007133462304682,0
HighValue,1699.4057778818915,7.438622194433397,4,1,50,0,1,0,0.377962377384178,0.05836099770005865,0
MidValue,4020.147756326406,8.29932265238639,3,1,51,0,0,0,0.1538985358750639,0.25455610003934215,0
LowValue,7382.484238741569,8.90700092525205,4,1,117,0,0,0,0.33376468224396183,0.6101902928989746,0
MidValue,4743.64139784528,8.464771133445286,3,1,88,0,2,0,0.046429128712656996,0.893404552430259,0
HighValue,7127.332492985178,8.871832614104443,1,1,65,0,0,0,0.1926021375038676,0.5996502390772953,0
MidValue,4992.727498079649,8.515937903487842,2,0,2,0,0,0,0.15597927764145833,0.5311932591538964,0
LowValue,4318.02726164769,8.370785484968494,1,0,79,1,0,0,0.1863204544156244,0.5473836694239883,1
MidValue,7694.766604083265,8.948425664973415,2,1,98,0,0,0,0.08319899915463605,0.482143901493317,0
MidValue,5953.509061684052,8.691904037028046,4,1,36,1,0,0,0.35714385324752235,0.6685131698133812,0
MidValue,4901.71829039424,8.49754508342176,4,1,51,0,0,0,0.1781213888180633,0.6547094455036389,0
MidValue,3204.4987641351217,8.07262297788212,4,0,100,1,0,0,0.27626453927807304,0.8962207345292719,0
HighValue,4635.524098155097,8.441720247715201,1,1,114,0,0,0,0.5008804909846942,0.13595971472380886,1
MidValue,3889.108460654197,8.266192318140044,3,1,36,0,0,0,0.3172025310807444,1.049787476609326,0
HighValue,3398.4885328612118,8.13138026777689,4,1,96,1,0,0,0.07653898523757574,0.09887497780164212,0
MidValue,6623.422956691496,8.798518546184166,2,1,86,0,0,0,0.3776975613811173,0.43501365036549167,0
MidValue,3334.426703937654,8.11235589737287,3,0,2,0,0,0,0.28518472531730243,0.23868072886195524,0
MidValue,3037.1909127113713,8.019017522758416,4,1,34,0,0,1,0.3190851585661585,0.8871990228030429,0
MidValue,6741.745328792678,8.816222439786534,4,0,117,0,0,0,0.1305097477963893,0.00039945032543448056,0
HighValue,4918.196948309165,8.50090057427583,4,1,74,0,1,1,0.06108954555535998,0.5180703473073287,0
MidValue,2009.6781534199113,7.606227333911145,4,0,98,0,0,0,0.05393368942697309,0.6246455938894113,0
MidValue,5670.131369794844,8.643143912936134,1,1,19,0,1,0,0.21318982979254034,0.7243981016440058,0
LowValue,3562.5291409813935,8.178506664537615,3,0,58,0,0,0,0.5097614642451945,0.12896577270527843,0
HighValue,4863.245790247767,8.489666954903768,4,0,83,1,1,0,0.3118593632157936,0.14450335423846422,0
MidValue,5742.078039079046,8.65575058932831,2,1,56,1,0,0,0.03687678192410324,0.5874462554124509,0
MidValue,7809.11899442582,8.963175478879739,2,0,50,0,1,0,0.5364442527716565,0.3970311394669452,0
HighValue,5965.583879857644,8.693929828180286,1,1,55,1,0,0,0.08346508549948192,0.7678898264807701,0
HighValue,3246.4396138876255,8.08562215372603,2,0,83,0,0,0,0.4293687851936882,0.8472952934075464,0
MidValue,6989.423278150109,8.852296388208522,1,1,59,0,0,0,0.32496041309582174,0.4690643104313002,0
HighValue,4099.367920810236,8.318831985449279,4,0,100,1,0,0,0.1634830579475336,0.5140545200750875,0
LowValue,3423.7855461207846,8.138794134464666,4,0,107,0,0,0,0.13315133643137905,0.0,0
LowValue,5845.392317404835,8.673580052110033,3,0,1,0,0,1,0.28209592660921257,0.581740546832482,1
HighValue,5597.113262651597,8.630184902570184,1,1,41,1,1,0,0.14172271109992102,0.5135236026485959,1
MidValue,2900.516350619033,7.972988758844505,1,0,7,0,0,0,0.21434204968383128,0.26636449020549613,0
MidValue,6201.257682028305,8.73266864701211,2,0,72,1,1,0,0.5561695291630065,0.07363357806049514,0
MidValue,4786.308348161799,8.47372360097206,4,0,37,0,2,0,0.12121337629150697,0.34093516982686445,1
HighValue,7795.536331749798,8.961434854021752,3,0,93,1,0,0,0.17889878776239418,0.0,0
HighValue,2839.8844071192307,7.951870693634399,1,0,52,1,0,0,0.060569023899285555,0.3481163912698596,0
HighValue,4098.109902059753,8.318525132064824,2,1,93,1,0,0,0.425707699044644,0.8884844828295557,0
HighValue,6747.83744730487,8.817125539004373,2,1,52,0,0,0,0.14519656341130413,1.1133301683429644,0
MidValue,5244.0059605769675,8.56503165726006,1,0,16,0,0,0,0.417083380818735,0.4632753854176044,0
MidValue,4570.832754406599,8.427669443844616,3,1,32,1,0,0,0.27781378267412604,0.660217312894493,0
MidValue,5697.861552516271,8.648021706245698,3,0,85,0,0,0,0.2197344148794839,0.4403128043628589,0
MidValue,1040.2474097206682,6.9481747058147345,1,1,41,0,0,0,0.3305794502481762,0.11907325880023584,0
MidValue,5390.034653832508,8.592492603520883,1,1,50,1,0,0,0.49982053716762165,0.17706094928124255,1
MidValue,4321.445633676324,8.371576639959857,3,0,91,0,0,1,0.2314772414195774,0.5569166175953274,0
MidValue,2347.4559627232184,7.761513354055654,2,0,114,0,0,0,0.4332371151972506,0.9586298065889893,0
HighValue,5885.194615216125,8.680364992333821,3,0,118,1,0,0,0.21436715518096167,0.7212146438957405,0
MidValue,4437.451346254447,8.398060798694198,1,1,83,1,0,0,0.08436080752105737,0.5938057130039541,0
MidValue,6852.795175041093,8.832557817984677,2,1,47,0,0,0,0.26668082326037507,0.362063732285787,0
MidValue,5746.767718698833,8.656566835578417,2,1,20,0,0,0,0.2911890127548142,0.5921341450809994,0
HighValue,5082.292722123693,8.533714504245115,3,0,117,0,0,0,0.4408076952907638,0.559670677763517,0
HighValue,5055.973015440837,8.528523364985231,4,1,16,1,0,0,0.18082035102336141,0.3669048589613172,0
LowValue,6564.558720695553,8.78959288908597,1,1,113,0,1,0,0.3188474108635113,1.0902510758096877,0
MidValue,2412.6378508446724,7.788890370040692,1,0,21,0,0,0,0.21079167986755495,0.42042285766823834,0
MidValue,7297.271197345431,8.89539277680821,4,0,82,0,0,0,0.07611430768392057,0.20091047305023202,0
MidValue,6024.277852232483,8.70371887384863,1,1,59,0,0,1,0.12134386504442186,0.7012601683986414,0
MidValue,7567.341956356395,8.931729294218906,2,0,63,0,0,0,0.4093732532997841,0.0,0
MidValue,4491.7572521783495,8.410221879606667,1,0,17,0,1,0,0.3156664659138291,0.5706977454024085,0
MidValue,4419.8248216348375,8.394081568891636,2,1,63,0,0,0,0.19360459030845267,0.14317543479293215,1
HighValue,3569.444780048988,8.18044545526223,4,1,13,1,1,0,0.34506791782763957,0.817651633151337,0
MidValue,6217.839056091019,8.735338521381815,3,1,56,0,0,0,0.10029425010788712,0.8592387903264465,0
LowValue,3829.2266328854084,8.250679253501165,3,1,22,0,0,0,0.3203360727788882,0.6480779150360392,0
MidValue,6110.292749754568,8.71789360912379,4,1,116,1,0,0,0.2986358284411444,0.6317171989653196,0
HighValue,5523.110506437003,8.616877519114935,3,1,47,1,0,0,0.42792405833716796,0.5605026624077335,1
MidValue,4576.738987800972,8.428960484426876,1,1,5,0,4,0,0.15040347916061528,0.6323217127147198,1
MidValue,4907.187528498463,8.498660013841384,1,0,110,0,1,0,0.3270178889444689,0.7496289884732201,0
MidValue,6265.206139430562,8.742926369060786,4,1,63,0,1,1,0.10461961581337698,0.35985599698262094,0
LowValue,4760.01420119097,8.46821599200691,1,1,91,0,0,0,0.21931733767654857,0.8101962369166857,0
MidValue,5950.265864180206,8.691359226193931,3,1,58,1,0,0,0.4303028870718659,0.18338236245219802,0
MidValue,1836.42628762423,7.51612111470369,2,1,29,0,0,0,0.27734475976120965,0.042776194277615365,0
HighValue,3414.2981891697586,8.136020085665784,4,0,46,0,0,1,0.1587804552109375,0.5429716437374514,0
LowValue,4142.687066678759,8.329341266290337,4,0,98,0,0,0,0.06581613201035547,0.31606571174425746,0
HighValue,6507.677778405376,8.780891608338017,2,0,86,0,0,0,0.13843188029401488,1.0984820640344295,0
MidValue,4160.94838346801,8.333738605018917,4,1,107,0,0,0,0.029599216943366844,0.31298652103443814,0
HighValue,5907.870803746895,8.684210026788978,4,1,94,1,0,0,0.08909593439874246,0.2363359990490294,0
MidValue,4208.34779916019,8.345062997611452,1,0,78,0,0,0,0.3242142612985868,0.3927792865437671,0
HighValue,3417.1527261379715,8.136855545573123,1,1,110,1,0,0,0.4161006122490689,0.5150419571266054,0
MidValue,4580.309926605715,8.429740246391038,1,1,87,1,1,0,0.13693640471606025,0.7917711705206618,0
MidValue,4644.897550268072,8.443739861918061,2,1,3,0,0,0,0.1168703358841618,0.739457206048163,0
MidValue,6043.274650319194,8.706866764173418,2,0,29,0,1,0,0.11039068104429861,1.1109517403944627,0
MidValue,6185.556819264939,8.730133962007706,1,1,46,0,0,0,0.14879790102799767,0.4578267466970482,0
MidValue,6369.272757653804,8.759397566747426,3,0,27,1,1,0,0.310499439943947,0.7480776440006961,1
MidValue,7104.845391572864,8.868673018896043,1,1,47,0,0,0,0.34897617270487413,0.3266640524242116,0
HighValue,5211.686884795301,8.558850718662486,4,0,48,0,2,0,0.40689848817060853,0.08384625278568753,0
MidValue,2904.6085653967534,7.9743981362952345,4,0,6,0,1,0,0.4228292394366525,1.821011439720195,0
MidValue,3309.2224218838955,8.10477066305727,2,0,9,0,0,0,0.4214309460870307,0.21888711730977795,1
LowValue,4537.1235885195165,8.420268899107224,1,1,22,0,0,0,0.23375177315213305,0.6399514691961685,0
HighValue,6897.111017114555,8.839002887469126,2,1,73,1,1,0,0.3038176151717182,0.4399165469161073,0
HighValue,3590.691290302558,8.186378482049031,3,1,33,1,0,0,0.3888284727504326,1.1719925677462788,0
HighValue,3296.4347950439033,8.100900110338008,2,0,50,0,1,0,0.7754702070132522,0.283512591409144,0
HighValue,5605.8679769717,8.631747549738327,3,0,68,0,0,0,0.3732592698795774,0.4332402050459384,0
HighValue,4175.26692395451,8.337173046091252,2,1,30,0,0,0,0.14901390898964112,0.9389605260960032,1
MidValue,6579.562572464314,8.791875517999676,3,0,1,1,0,0,0.34535458031806615,0.8449074083831071,0
MidValue,4305.573199231658,8.367897785468186,1,1,88,0,1,0,0.5332180214921688,0.8029830691834325,0
MidValue,4713.223541353182,8.45833950310853,1,0,51,0,0,1,0.6722334097677916,0.8057198050487533,0
LowValue,4910.356770439815,8.499305510608835,1,0,52,0,0,0,0.22321468164463376,0.3317296744077188,0
MidValue,4740.20144054706,8.464045851041261,3,0,63,1,1,0,0.2182489673292456,0.5827713084929771,0
HighValue,3922.986447653965,8.27486336697235,2,1,85,0,1,0,0.16398703482349622,0.27164749707511193,0
MidValue,3566.448953666924,8.179606040535775,1,0,72,0,0,1,0.28861804113905976,0.8396620581710192,0
HighValue,5787.576972946694,8.663641767120936,4,1,113,0,0,0,0.2830847944424757,0.44761835268119204,0
MidValue,4567.352543109047,8.426907925045498,4,1,66,0,1,0,0.37676388777968034,0.3341108309701657,1
HighValue,4866.917413635043,8.490421488810476,2,1,54,1,0,0,0.16445335285342758,0.0,0
HighValue,2922.671762617868,7.980595558281822,2,1,77,0,0,0,0.5119939437824875,0.628963275206712,0
MidValue,4927.099021187897,8.502708598596689,1,1,98,0,0,0,0.24800094865038574,0.6231811025508494,0
LowValue,5627.775117598574,8.635647133981765,4,0,117,0,1,0,0.1486387616627856,0.8943783120233494,0
MidValue,6013.852978722129,8.701987185669847,1,1,18,0,0,1,0.12061480639068824,0.4955662587908025,0
HighValue,7851.512846030024,8.968588867327417,2,0,67,0,1,0,0.5114192198155504,0.5510625198187133,0
MidValue,4396.622815618885,8.388819404730846,4,0,44,0,0,0,0.435498789305371,1.100844064491954,0
MidValue,4933.969579419532,8.504101787597222,3,0,117,0,0,0,0.39942764172112066,0.6271744557046737,0
MidValue,3300.7841114984876,8.10221824120953,1,1,94,1,0,0,0.2188829097220568,0.3954845226018696,0
HighValue,2701.3805225152887,7.9018883385509815,3,1,86,0,0,0,0.3608491975492851,0.6605273598441416,0
MidValue,6352.549909017132,8.756768976471749,3,1,26,0,0,0,0.1311479421332214,0.3462426433384449,0
MidValue,2924.687099186083,7.981284637784576,2,1,102,0,0,0,0.4275870991136391,0.6640939210785941,0
LowValue,5377.273882482166,8.590122761988436,4,1,88,1,0,1,0.1170644981767907,0.29032469040300857,0
HighValue,6171.38081401383,8.727839911841144,4,1,76,1,1,0,0.11876462176062133,0.0,0
HighValue,7654.280938340186,8.943151007397478,4,1,40,0,0,0,0.6188909695970074,0.6167598516249002,0
HighValue,6319.012489200625,8.75147646327829,4,0,23,0,0,0,0.24408952500476713,1.0354139937335223,0
MidValue,6618.10000731718,8.797714689132622,2,1,90,0,0,0,0.4524087790364889,0.8517824152418059,0
MidValue,6107.203389970223,8.717387964731444,2,1,38,1,1,0,0.09550750390539649,0.014835371736369174,0
LowValue,6684.685994500263,8.807724101249631,1,0,96,0,0,0,0.552851542635621,0.059521834357810055,0
LowValue,4014.5509818742003,8.297929847818422,2,1,110,0,1,0,0.13452876182371626,0.7004093077122915,0
HighValue,8346.208743084317,9.02968247969478,1,0,6,0,1,0,0.31860081113718886,0.8095199973728087,0
HighValue,4173.377670294052,8.336720565166846,1,1,71,1,0,0,0.4555967681372178,0.6579340435802241,0
MidValue,4102.79245930971,8.319666815228244,3,1,94,0,0,0,0.15568737912273833,0.0,0
HighValue,7079.29791555402,8.865071264270574,1,0,2,0,0,0,0.17893235083719258,0.8007535124810363,1
LowValue,8581.397439851564,9.057468575345103,2,1,98,0,0,0,0.16379313857055772,0.46672174488723084,0
HighValue,6366.437380019014,8.758952372493361,4,1,33,0,0,0,0.13329723275402214,0.09070672625748727,0
MidValue,6346.558354780728,8.755825506885252,1,1,102,0,0,1,0.6213127365281662,0.8567754062717559,0
MidValue,4147.969727527095,8.330615323976314,4,1,27,0,0,0,0.3759519509369623,0.0,0
HighValue,4623.707799289346,8.439168469418645,3,1,3,0,0,0,0.4659970321661319,0.5220177436676102,0
MidValue,3544.631197105684,8.173471475896879,2,1,38,0,0,0,0.4842528125305305,0.41591009356959974,0
MidValue,3883.007054164532,8.264622645620825,1,1,48,0,1,0,0.20483131008317537,0.7361454088147451,0
MidValue,7684.655783894401,8.947110985304642,4,0,25,0,0,0,0.40145786030199454,0.6095813598419343,0
HighValue,2964.0511636346882,7.994649567146246,3,1,87,0,0,0,0.6943829896990992,0.46622654136069136,0
MidValue,6393.782029431126,8.763237628902127,1,0,39,0,0,0,0.31603975273813534,0.9951107962674857,0
MidValue,6828.373706323988,8.82898825089682,3,1,55,0,0,0,0.04408777234296079,0.9056519469868961,0
HighValue,4774.528712790274,8.471259971976929,2,0,113,0,0,0,0.174106259842727,0.46540887509202666,0
MidValue,5360.884721699946,8.587070819441324,2,1,12,0,0,1,0.35872849607123025,0.3026252482736572,0
HighValue,0.0,0.0,2,1,94,0,0,0,0.39509015933306707,0.342987106492382,0
MidValue,5327.491894809213,8.580823530558083,4,1,58,0,0,0,0.15316409761461103,0.0,0
MidValue,3663.7037068956106,8.206502767095161,3,1,114,0,1,0,0.4060575089055283,0.4992692595249038,0
HighValue,1637.0936482805878,7.40128843511121,1,1,24,0,0,0,0.1219819762407009,0.44997115077749184,0
MidValue,5700.857828386469,8.648547335522077,2,0,89,1,0,0,0.17450925588668803,1.6546732656579959,0
HighValue,3687.9064964860477,8.213085350700776,3,1,19,0,0,0,0.47715166658517727,0.2629012789194606,1
LowValue,4794.7360302756515,8.4754824750738,2,1,98,0,0,0,0.2211735414750424,0.4907824568563211,0
HighValue,4912.354521377381,8.499712189422238,1,1,116,0,0,0,0.22533338022408206,0.32958613571926687,0
MidValue,6006.923679585763,8.700834490231754,1,1,39,0,0,0,0.41434882709546234,0.5847114157827447,0
MidValue,4657.294025161146,8.446404571071534,1,1,28,0,0,0,0.08260459601080294,0.7743560078047378,0
MidValue,4504.272353070353,8.413003623946553,2,0,28,1,0,0,0.12936860845574258,0.178431788227153,0
HighValue,4299.129014214313,8.366400304537217,4,1,84,0,0,1,0.3086497161115092,0.6802015832304621,0
HighValue,4674.707668818008,8.450135803276249,1,0,85,0,0,0,0.16156868636485905,0.49134784957371325,0
LowValue,6387.115756534508,8.762194630105991,2,0,56,0,1,0,0.13087973172738038,0.45254717702385505,0
MidValue,6295.252165923737,8.747709841061983,3,1,5,0,0,0,0.19952171893106044,0.6339073527281376,0
MidValue,4280.168662136619,8.361981303205036,1,1,54,0,0,1,0.6674996395115791,0.9096368213553971,0
MidValue,4935.458665070646,8.504403483689323,2,0,13,1,1,0,0.5279029980723576,0.5869706155818919,1
HighValue,4638.315373450855,8.442322085508655,2,1,14,0,0,0,0.620463700387068,0.7286091995315724,1
LowValue,3264.648864709803,8.091213755414294,1,0,84,1,0,0,0.09107793930186751,0.04804348078430082,0
HighValue,8211.092164874763,9.01336300127053,2,0,72,0,1,0,0.26310251375663174,0.6147736870018004,0
HighValue,3869.3821179617216,8.261108519640905,4,0,11,1,0,0,0.25186592087555587,0.31710758058519406,0
LowValue,5922.894152519352,8.686749307658744,1,1,62,0,0,0,0.13543484929507743,0.3987198068055974,0
MidValue,5125.103868353351,8.542101169760736,3,1,46,0,0,0,0.04602795657119298,0.750269895830045,1
HighValue,6525.063908880522,8.783559270068926,3,1,7,0,0,0,0.2256873388599901,0.34972329729705687,0
MidValue,1445.7335350989183,7.277063559776725,2,1,77,0,0,0,0.4566256250074645,0.5254162453251204,0
MidValue,6104.826438105549,8.716998748080078,1,1,76,0,1,0,0.7381471127544836,0.5874551265468485,0
MidValue,5845.514957961978,8.673601029024372,2,1,81,0,1,0,0.16460292643108368,0.8351742327003713,0
HighValue,1048.346101483893,6.955922488664178,4,1,26,1,0,0,0.0699927109294971,0.8505191942684946,0
MidValue,5421.686058578336,8.598346554436642,2,1,47,0,0,0,0.15696203799185254,1.0542909517161185,0
HighValue,5967.693364929232,8.69428331558578,2,1,99,1,0,0,0.32834930945222485,0.6338860857784717,1
MidValue,3207.119423217194,8.07344019498216,4,0,24,0,0,0,0.2902575623280134,0.5361787010850187,0
LowValue,4224.350253709662,8.348857436641547,3,0,57,1,0,0,0.2810974019702455,0.8114197340332037,1
MidValue,4660.947740598851,8.447188609880119,4,1,11,0,0,0,0.07969487806844011,0.3087857240383699,0
MidValue,3783.8471451478426,8.238760780682986,1,1,96,0,0,0,0.2996634997909667,0.5947322049508688,0
HighValue,4474.506869896084,8.406374891310616,3,1,13,0,0,1,0.1798727800398079,0.46701106696038086,0
MidValue,7715.700284643349,8.951142127378036,1,1,30,0,2,0,0.15966425923185856,0.659895207118928,1
HighValue,5912.285607442738,8.684956896268202,2,1,93,0,0,0,0.33723657087795444,0.6995101095648718,0
MidValue,5392.492799924867,8.592948468860456,2,1,82,0,0,0,0.3790131847100004,0.3527969575084635,0
MidValue,6322.311880843496,8.751998381663233,4,1,13,1,1,0,0.2339814117254334,0.5741897101372203,0
LowValue,3788.2962618985766,8.239935597958908,3,0,62,0,0,0,0.2518360007352357,0.6845508087201446,0
MidValue,2819.5948565101808,7.9447030837119055,1,1,109,0,0,0,0.20557073099216266,0.10557674610680734,0
HighValue,4455.118905601178,8.402033465631973,1,0,52,1,0,1,0.5276616601591121,0.7380054398529248,0
HighValue,5285.625871309654,8.572935489840827,2,0,45,0,0,0,0.503662591890203,0.4680049259496559,0
LowValue,5396.844182556423,8.593754927388154,2,0,85,0,0,0,0.11354237435880415,0.7369813137918364,0
MidValue,4309.553344202338,8.368821560982832,3,0,90,0,0,0,0.3086012295223287,0.8491860622924994,0
HighValue,2290.1329661259183,7.736801719235466,2,1,116,0,1,1,0.27795399863551407,0.4529815399723849,0
MidValue,5604.915719300535,8.631577697594693,2,1,2,1,0,0,0.3100113431783101,0.5541691464208227,0
MidValue,3655.469479093633,8.204253337648584,3,1,11,0,0,0,0.34433559018297905,0.0,0
MidValue,3880.972944710797,8.264098794284472,1,1,22,0,0,0,0.138613925396047,0.207996706033222,1
HighValue,6214.2210875152705,8.734756576524532,2,0,105,0,0,0,0.23351624467140922,0.5065103057298144,1
MidValue,4967.427385053811,8.510858647500475,1,0,52,0,1,0,0.4117911019942536,0.2461281319376557,0
MidValue,7426.638780606554,8.912963291861843,2,1,41,0,1,0,0.05520501187134806,0.6488341447246696,1
MidValue,4790.765055540917,8.474654110116914,1,0,117,0,0,0,0.29766095251215124,0.26914535385160737,0
MidValue,4860.916798914961,8.489188042207015,2,1,14,0,0,0,0.2287933314256142,0.9946719301636394,1
MidValue,4596.894143309017,8.433353682724272,2,1,98,0,0,0,0.21371585322049888,0.4788405947517841,0
MidValue,5041.943953409174,8.525745308274965,3,1,63,1,0,0,0.10179183382730475,0.243310118697675,0
MidValue,4490.197031085625,8.409874544555926,2,1,2,0,1,0,0.22077393414847002,0.37036618114431763,0
MidValue,4872.743158346353,8.491617536519746,3,1,108,0,0,1,0.1277127992436241,0.698776744509912,0
MidValue,4425.681868790375,8.395405568571112,3,0,47,0,0,0,0.21304595594588355,0.05107576874520431,0
MidValue,5683.191926602142,8.645444254762717,1,1,77,0,0,0,0.2536323995016872,0.5340413997141341,0
MidValue,6172.099237770329,8.727956298365491,4,1,119,0,0,0,0.1458607854663566,0.5553103362602165,0
HighValue,4346.383960070112,8.37732955468651,4,1,112,1,1,0,0.38071950545264166,0.27432881188877345,0
HighValue,4425.429410041377,8.39534853579673,2,0,24,0,0,0,0.2855021890189604,0.5711441069120078,1
MidValue,5816.96438052345,8.668705716747553,2,0,64,0,0,0,0.37686225954822494,0.6431285016366471,0
LowValue,7505.87488162901,8.92357453054041,2,1,33,0,0,0,0.5068827546940623,0.37923182674107925,0
MidValue,3925.755733750186,8.275568850899115,4,1,43,0,0,1,0.042514627837469635,0.9105191397167207,0
MidValue,4773.214954885255,8.470984832044588,4,1,100,0,0,0,0.16093785038422648,0.22311515142520644,0
LowValue,5507.548243876424,8.614056390820451,3,1,11,0,0,0,0.4270731024754205,0.38440128426514725,0
HighValue,8792.457338531498,9.081763239687024,1,1,118,0,0,1,0.1856012671775358,0.37602795162760877,0
MidValue,3608.0649072003107,8.191203989296888,2,0,42,0,0,0,0.16936038355926755,0.5279615539071202,1
LowValue,8114.439874948268,9.00152368364887,1,0,42,0,0,0,0.3463884306757633,0.7967176432639269,0
MidValue,6544.866764468805,8.786589101121754,2,1,48,0,0,0,0.08726688654659623,0.8252416872264339,0
MidValue,5478.587115203372,8.608785033162574,2,1,68,0,0,1,0.5715096081310453,0.48529867509980756,0
LowValue,2330.138313721387,7.75411197392122,3,1,101,0,1,0,0.06998497115049605,0.37384162786711184,0
LowValue,3869.6737073465565,8.261183855458539,3,0,112,0,0,0,0.16626009219882235,0.8995805680536322,0
MidValue,4683.39822756767,8.451992739798785,4,1,16,0,0,0,0.09519735373866071,0.02831807597741154,0
MidValue,6495.536547293018,8.779024474996648,2,0,79,0,0,0,0.348240737090674,0.5361374173593935,0
MidValue,4565.309532613636,8.426460615552813,4,1,29,0,0,0,0.09798241167536781,0.49521176576795445,0
LowValue,5949.925230475491,8.691301987370911,2,1,108,0,0,0,0.28141789755704905,0.08748699958701373,0
MidValue,5335.248147287626,8.582278090878413,4,0,119,0,0,0,0.2820539730443328,0.2582536416042044,0
HighValue,4287.507758921801,8.363694109667922,3,1,76,0,0,0,0.21243156174887387,0.6126655057193302,0
MidValue,5638.225929407443,8.637502088513969,3,1,96,0,0,0,0.1684192805212614,0.721557848494151,0
MidValue,5837.439394690584,8.672218813174249,1,1,49,0,0,0,0.2422435740395447,0.22024671746085944,0
LowValue,3762.2578592759473,8.23304031316624,3,1,98,0,0,1,0.44641056865708106,0.6337587624375574,0
LowValue,5193.800188325878,8.555413440488703,2,1,40,0,0,0,0.27141560130245945,0.7941215552836192,0
LowValue,7951.572306355152,8.98125071586177,2,1,71,0,0,0,0.014513655593316601,0.5419133473871149,0
LowValue,6550.743895557057,8.787486536789258,2,0,3,0,1,0,0.5485301897002728,1.4139181636516185,0
MidValue,7897.433142729411,8.97441968242049,1,0,106,1,0,0,0.2007169930454075,0.6092607283725479,0
MidValue,5159.580913419919,8.548804432259082,3,1,35,0,0,0,0.30802562668380806,0.3862989627818894,0
LowValue,4253.759384486893,8.35579349052178,2,0,102,0,0,0,0.1184259614846491,0.09788817948097905,0
MidValue,3756.3634079512526,8.231472769123737,4,1,5,0,0,0,0.17918282697490273,0.3502862971483246,0
LowValue,4170.5386122218315,8.336040218495343,1,1,55,0,3,0,0.34449181293746367,0.5411996883557894,0
HighValue,8919.15004914212,9.096068047085277,1,1,37,0,0,0,0.4762120928899898,0.0,0
MidValue,3081.812150258946,8.033597495202335,4,1,92,0,0,0,0.4885762233132617,0.706102428866065,0
HighValue,3060.2342691188665,8.026573469541493,2,0,46,0,1,0,0.383137899988638,0.5635831846602705,0
HighValue,2365.9045367095728,7.769338277779493,1,0,50,0,0,0,0.18083157675165296,0.7954633354429532,1
HighValue,4993.167836525942,8.516026077909345,3,1,33,0,0,0,0.24810332540552602,0.6092952895653837,1
LowValue,4976.3796393718285,8.512658854706125,1,0,91,0,1,0,0.2333170650665156,0.48428588790614,1
LowValue,4697.993598008433,8.455103636686147,2,0,13,0,1,0,0.17460436078947536,0.49725013763007203,0
LowValue,5530.301369097046,8.618178395781507,2,0,97,0,0,0,0.5730593919386365,0.7606132826128132,0
MidValue,5062.099017062977,8.529734028773138,4,1,60,1,1,0,0.5075733470395487,0.0,0
LowValue,3196.8163081955618,8.070223452155552,3,1,112,0,0,0,0.09772956895943112,0.0,0
HighValue,4660.372733021099,8.447065261641663,4,1,24,0,0,0,0.24053027321306777,0.373978580116497,1
MidValue,7027.0731001516015,8.8576678505266,3,0,77,0,0,1,0.19519152777008017,0.35319933181935,0
MidValue,3885.8195678514885,8.265346510390064,1,1,105,0,0,0,0.017029321403046443,0.38764565254777117,0
MidValue,6184.546529066658,8.729970644555195,4,0,118,0,1,0,0.09943780798237828,1.1432095250146708,0
MidValue,4542.098278278523,8.421364498428458,4,1,79,0,1,0,0.10133604662805845,0.2750589931239689,0
MidValue,6101.552642483876,8.716462428609896,4,1,67,1,0,0,0.23743218041299072,0.5252761544763547,0
MidValue,5227.911945546069,8.561958494410861,2,1,99,0,1,0,0.46433732779418324,0.7172021122336124,0
LowValue,4419.136994526531,8.393925968828205,4,0,12,0,0,1,0.21548303321854909,0.4727293793434173,0
MidValue,4521.188324098444,8.416751298166766,3,0,13,0,0,0,0.6113050856223698,0.7141397811898615,1
LowValue,5361.857995862487,8.587252320143175,4,0,23,0,0,0,0.2724146696655728,0.2433341667956921,0
LowValue,5506.3693648140525,8.613842358887979,3,1,82,0,0,0,0.2637147294143474,0.6377111084695857,0
HighValue,6629.213570504284,8.799392295406832,4,1,6,1,0,0,0.10303119952782207,0.2482302925189877,0
HighValue,2487.1233805353936,7.819284042876859,2,1,86,1,0,0,0.1854527496738689,0.5612563068524977,0
HighValue,4980.316519826738,8.51344949649237,2,0,116,0,0,0,0.12385691344624401,0.6977403914082181,0
MidValue,4938.185716677979,8.504955761914669,3,0,53,1,1,0,0.27281099597424835,0.2142113588512501,0
LowValue,5099.050014223137,8.53700562537475,2,0,78,0,0,0,0.07766414742338208,0.315301411286539,0
MidValue,3470.679597885653,8.152393789807059,3,1,54,0,0,0,0.10462989673359338,0.30648890734110057,0
MidValue,3501.259132451917,8.161163505668489,2,1,109,0,0,0,0.47333289491752184,0.26391347214400523,0
MidValue,5709.39699656415,8.650043826776832,3,1,89,0,0,0,0.07064081259341953,0.129253356183466,0
HighValue,5324.983240239472,8.580352619587002,4,0,22,0,0,0,0.33293554853256707,0.7731246045332506,0
MidValue,6500.623390103055,8.779807177024356,3,1,49,1,0,0,0.08602652278284902,0.2648233677139232,0
HighValue,1299.457830178631,7.170471658510329,2,1,29,0,2,0,0.417480549507095,0.7612107059256448,0
MidValue,6867.011641040117,8.834629916983914,4,1,82,1,0,0,0.23884967405136834,0.16723891435843347,0
LowValue,5201.428957103021,8.556880902644139,1,0,31,0,0,0,0.1762096806262536,0.7250540190166512,0
MidValue,5973.557997938921,8.69526539882306,3,1,90,0,0,0,0.3178317386318689,0.37053970018319604,0
HighValue,6850.986256815119,8.832293853723248,2,1,110,0,1,0,0.4078092501453991,0.5278590641041823,0
HighValue,6422.694528085409,8.767748702828081,2,1,62,0,0,0,0.4176949058252525,0.3010915908625039,0
MidValue,4611.649852074949,8.436557776075782,3,1,4,1,0,0,0.23568497284684348,0.33453724756096126,0
LowValue,4535.654378685344,8.41994509838123,1,0,79,0,0,0,0.21934525786787046,0.35557721345352106,0
MidValue,5615.282727302659,8.633425287619145,1,0,84,0,0,0,0.48775192308822996,0.36207129707348007,0
MidValue,5345.3089657976425,8.584161688855586,4,0,116,1,0,0,0.0602147546137983,0.6743041999186523,0
LowValue,6686.387268078082,8.80797853395236,4,1,82,0,1,0,0.3118094628355657,0.7847287447738066,0
MidValue,1257.9451122767032,7.138029436808619,2,1,91,0,0,0,0.28187829867924746,0.44972878264722466,0
HighValue,5325.81188559511,8.580508192907905,3,1,9,1,0,0,0.3583786252181887,0.8449529177374144,0
HighValue,7475.293564949961,8.919492435454307,4,1,68,0,0,1,0.42664075769141974,0.5424377857579767,0
HighValue,6202.412232869931,8.732854779780897,2,1,119,0,1,0,0.18089655294037238,0.08174493469896443,0
MidValue,5377.625129777036,8.590188068410779,2,1,25,0,0,1,0.3614944819098487,0.29703913924803077,0
MidValue,6591.640661091701,8.793709254532503,2,1,114,0,0,0,0.22674618364737,0.530519861219526,0
MidValue,3303.263437323545,8.102968864308483,3,0,107,0,0,0,0.5177602998502698,0.026338860254031093,0
MidValue,5088.930308833285,8.535019417669556,1,0,118,0,0,0,0.2354253831715157,0.35024292390629796,0
HighValue,5918.326903646229,8.685978022705456,4,0,22,0,0,0,0.20861796336596009,0.6585585313271066,0
MidValue,6937.435326038123,8.844831570738313,1,1,27,0,0,0,0.3928999399659676,0.2991249848880734,0
MidValue,4747.191271753689,8.46551903961775,3,0,95,0,1,0,0.13322970862548802,0.32421815219902256,0
LowValue,4507.690046772991,8.413761935045446,1,1,82,0,0,0,0.2136142387243084,0.5246576364214176,0
MidValue,4460.248697355129,8.403183982813323,4,0,45,0,0,0,0.20425551965214342,0.79439474767966,0
HighValue,5120.678642915896,8.541237524243737,3,0,93,0,0,0,0.48171525743070476,0.5165083800891809,0
HighValue,3538.7062782862067,8.171799030449899,2,1,110,0,0,0,0.23759983888705966,0.2775504787159808,0
HighValue,5704.594004528539,8.64920237686354,4,1,9,0,0,0,0.17579168588633698,0.41140688322104757,0
LowValue,6126.175226925417,8.720489111455832,2,0,27,0,0,1,0.17042282143703316,0.5801230128172881,0
MidValue,6905.9964271862955,8.840290151814523,1,1,11,0,0,0,0.10377287286019524,0.9030207843226162,0
LowValue,7364.509000898639,8.904563437289225,4,0,23,0,0,0,0.25953038084838387,0.878977000727257,1
LowValue,3150.573707860035,8.05565719686308,3,1,19,1,0,0,0.3559837739372055,0.43923619328472185,0
HighValue,6291.827549171045,8.747165779555555,2,1,39,0,0,0,0.07453715772304854,0.3759749185195308,0
MidValue,3599.8028268483995,8.188912107039624,1,1,59,0,0,0,0.09691982015351117,0.19433142172013912,0
MidValue,3785.8220882155947,8.239282447187867,3,1,58,0,1,0,0.12973542153665782,0.923418890331551,1
LowValue,5992.114217717419,8.698366458797752,4,1,83,0,0,0,0.1887718088612836,0.0,0
MidValue,4745.441781142251,8.465150517607158,1,1,89,0,0,0,0.3574182937228008,0.7787133848320288,0
HighValue,7215.713741408248,8.88415496780013,4,0,27,0,0,0,0.07673979745259263,0.04760328855781609,0
LowValue,4536.844644303603,8.420207430356157,4,1,79,1,0,0,0.4988963714788046,0.67392478895484,0
HighValue,6538.295937746771,8.785584783877272,2,0,33,0,0,0,0.19011928771030054,0.3956023137527391,0
HighValue,5802.354747918265,8.666191434136415,1,0,74,1,1,0,0.20927339474732606,0.0,0
MidValue,7179.375893334733,8.879107013504044,1,0,65,0,0,0,0.29521294748474936,0.2240132949790325,1
HighValue,5374.947999012432,8.589690209353456,1,1,112,1,0,0,0.29615450939712473,1.1742058060052925,0
MidValue,5287.924260606065,8.573370150790646,4,1,71,0,0,0,0.30281590192621366,0.4635128901406369,0
LowValue,3610.038426321546,8.191750662683464,1,1,9,0,0,1,0.22212143787541222,0.31256053817879514,0
MidValue,4319.900469580578,8.371219101549675,3,0,99,0,0,0,0.15253202848322564,0.8072922666271933,0
MidValue,4621.731916443191,8.438741133218148,3,1,22,0,0,0,0.15452119926085087,0.5634880194547057,0
MidValue,2553.842956801309,7.84574603570034,4,1,62,0,0,0,0.27200117169182875,0.19440349009573615,0
HighValue,4511.037836719598,8.414504178940517,1,0,115,0,0,0,0.1670613445548263,0.0,0
MidValue,3766.575495533146,8.234186968928451,3,1,38,1,0,1,0.23685713537763112,0.0,0
MidValue,4941.381946429225,8.5056026693633,4,0,108,0,0,0,0.37746404030930053,0.49003019016032157,0
HighValue,4585.962419342662,8.430973301701753,1,0,69,0,0,0,0.2865231447416659,0.7994974561400711,0
MidValue,8193.49009423656,9.011217267672418,4,1,34,0,0,0,0.23884784892733615,0.45537504180674765,0
LowValue,3375.104140669499,8.124477702594787,3,0,15,0,0,0,0.2622809570699514,0.9535409176633904,0
MidValue,2951.052609922936,7.990256007351169,2,1,103,0,0,0,0.20848799638689888,0.7857746068992955,0
MidValue,2667.4298984414054,7.889245525405105,2,0,33,0,0,0,0.13245792531271858,0.0013361886858447303,0
LowValue,4712.430795253198,8.458171328486603,1,1,54,0,2,0,0.12743879100635003,0.4204805960382043,0
MidValue,6062.363102992638,8.710019892616387,3,1,94,0,0,1,0.3668701204187256,0.4415574643978447,0
HighValue,112080.86770576696,11.626984844913506,4,1,119,0,0,0,0.34189040354202893,0.7502356342383851,0
LowValue,5560.586967719902,8.623638772367324,3,1,46,0,0,0,0.27091109331411034,0.657479568145328,1
LowValue,8745.415497282851,9.076399237965735,1,0,77,0,0,0,0.042029128938751804,0.4227468792894991,0
MidValue,7364.852231589557,8.904610035928084,1,1,12,0,1,1,0.20077072122131293,0.2527032637182446,0
MidValue,7512.265563246467,8.924425478908908,1,1,38,0,2,0,0.3854676137385673,0.208395714504079,0
LowValue,5377.10481247485,8.590091325756573,4,1,76,0,0,0,0.29686615207680994,0.16888548138995085,0
HighValue,5601.867111883382,8.631033729968905,2,0,102,0,0,0,0.17865139473263414,0.48649826521363754,0
MidValue,7369.1439769031895,8.905192520528956,3,1,100,1,0,0,0.2897693071885129,0.1491953760864292,0
MidValue,4315.817799276722,8.370273789262146,3,0,115,0,0,0,0.4772393077656368,0.29151249938202933,0
MidValue,5700.698467908297,8.64851938626238,4,1,35,1,0,0,0.5362735832445601,0.36946981936464246,0
LowValue,2065.322311816989,7.633525645167507,3,1,6,0,2,0,0.07772178033977385,0.7185601369144555,1
MidValue,2635.477500306033,7.877199025008843,4,1,92,0,0,1,0.25681635233695127,0.5344412253377065,0
MidValue,4517.283166770895,8.415887370312033,4,1,21,0,2,0,0.10089872726186824,0.9503966047815167,0
HighValue,6454.042355160372,8.772616864864231,4,1,84,1,1,0,0.07430814275032371,0.3782908723921312,0
MidValue,3091.274476097884,8.036662175527498,3,1,81,0,0,1,0.07896735839030355,0.3637794439891721,0
MidValue,6069.121132961946,8.711133839861336,4,0,54,1,0,0,0.31511977442170375,0.21673821473156213,0
MidValue,5771.429480256649,8.66084832465453,4,0,14,0,0,0,0.23515518599419527,0.2155871972548577,0
HighValue,3621.3484005007645,8.19487782390595,2,0,83,1,0,0,0.28543346248511836,0.7938024839997879,0
MidValue,4937.452819571785,8.504807366707686,4,1,41,0,0,0,0.09002230618684078,0.5973108248930408,0
MidValue,6906.0167357004,8.840293092091741,4,0,43,1,0,0,0.2806641783472641,1.0367397330298078,0
LowValue,7751.248550015722,8.955738215752131,2,1,28,0,1,0,0.26315042528780946,0.6827220843951594,0
HighValue,5870.1471913070845,8.677805326658975,2,0,56,0,1,0,0.3962099144595566,0.29196819150404774,0
LowValue,6315.763842929606,8.750962305829079,2,0,28,1,1,1,0.22662404477985634,0.2637013454715492,0
MidValue,2075.8189717585105,7.638592661559779,3,1,64,0,0,0,0.0527217625106932,0.33445943700838654,0
MidValue,4939.692410123941,8.505260764352615,1,1,110,0,1,0,0.11903240297122683,0.940254003199174,0
LowValue,4089.409083222519,8.31640026438295,4,1,85,0,0,1,0.34064744008331216,0.19469828418954133,0
MidValue,5353.057784144871,8.585610016727486,3,1,45,0,0,0,0.3146002210044202,0.8359833164728381,0
LowValue,6299.973931894978,8.748459492795739,3,1,16,0,0,0,0.33465985921499325,0.2349476805398984,0
MidValue,3358.2933388801594,8.119485915028303,4,1,18,1,0,0,0.33234340079508995,0.36683996550725734,0
MidValue,6402.159730584487,8.76454685541794,1,1,102,0,0,0,0.6650647960682682,0.5827517311557494,0
MidValue,3471.0295033885704,8.152494573263887,2,1,52,0,0,0,0.40781331606381116,1.1741296592298016,0
MidValue,1996.787535970479,7.599795615201062,4,0,29,0,0,0,0.3529135949082855,0.6347093298633661,0
MidValue,6370.301287800914,8.759559011502317,3,0,5,1,0,0,0.4703861209112703,0.6291615619842488,0
HighValue,7362.224648974137,8.904253247425368,2,1,96,0,1,0,0.5506687443345728,0.8130683047150692,0
MidValue,7031.717185532236,8.858328423005835,4,1,38,0,0,0,0.1522399385894342,0.2541051237326221,0
MidValue,4175.137559092238,8.337142069415602,3,1,55,0,0,0,0.2929806656699187,0.2540844445675398,0
HighValue,5776.231961656799,8.66167994759016,2,1,23,0,2,0,0.5486405634798159,0.20015127332862115,0
MidValue,2883.059110354424,7.966953994156806,1,1,28,0,0,0,0.3155947450070393,0.4001993507441588,0
